track_id,track_name,artist_name,album_name,playlist_name,playlist_id,track_genre,popularity,energy,danceability,liveness,valence,duration_min,explicit
62vpWI1CHwFy7tMIcSStl8,No Role Modelz,J. Cole,2014 Forest Hills Drive,,12000,hip-hop,88,0.521,0.69,0.0534,0.494,4.88,0
0egGmGkZ8maYdEYo4RrVsZ,Lemme Freak,Lil Dicky,Professional Rapper,,12000,comedy,56,0.656,0.8,0.354,0.437,4.76,0
6sDQ4uiWw9OdVrCXFLSlZt,Rap God,Eminem,The Marshall Mathers LP2,,12000,hip-hop,78,0.843,0.708,0.799,0.625,6.06,1
7F6oEeRgjOoesYz8qOov7p,Bruh...,Lil Dicky,Professional Rapper,,12000,comedy,54,0.888,0.906,0.934,0.756,4.38,0
4tXA1TUmKvz7CbUT9LUHDx,X Gon' Give It To Ya,DMX,The Definition Of X: Pick Of The Litter,,12000,hardcore,74,0.899,0.761,0.0719,0.673,3.63,1
1W7zkKgRv9mrLbfdQ8XyH3,Gangsta,Kehlani,Suicide Squad: The Album,,12000,dance,60,0.356,0.447,0.318,0.174,2.95,1
0VgkVdmE4gld66l8iyGjgx,Mask Off,Future,FUTURE,,12000,hip-hop,83,0.434,0.833,0.165,0.281,3.41,0
7KXjTSCq5nL1LoYtL7XAwS,HUMBLE.,Kendrick Lamar,DAMN.,,12000,hip-hop,84,0.621,0.908,0.0958,0.421,2.95,1
0PDUDa38GO8lMxLCRc4lL1,PILLOWTALK,ZAYN,Mind Of Mine (Deluxe Edition),SOS,12002,dance,78,0.7,0.584,0.0939,0.438,3.38,1
6Wytqpe4mfmyeT8s1xbczG,Something In The Way You Move,Ellie Goulding,Delirium,SOS,12002,dance,0,0.804,0.66,0.129,0.359,3.79,0
378iszndTZAR4dH8kwsLC6,Cheap Thrills,Sia,This Is Acting,SOS,12002,dance,78,0.698,0.628,0.0907,0.732,3.75,0
3hB5DgAiMAQ4DzYbsMq1IT,Love Yourself,Justin Bieber,Purpose,sass,12003,pop,84,0.378,0.609,0.28,0.515,3.9,0
2TRFIQpTqq12xGpFJEr0Ft,Worth It,Fifth Harmony,Reflection,sass,12003,dance,64,0.78,0.858,0.133,0.602,3.74,0
6nLvaCZFR1wEzW3sIKpsnr,Valerie - Live At BBC Radio 1 Live Lounge London / 2007,Amy Winehouse,Back To Black,sass,12003,british,75,0.371,0.772,0.167,0.684,3.9,0
6g1NlCpW7fgqDnWbCCDrHl,Wake Me Up - Radio Edit,Avicii,True,Hippity hop,12004,dance,1,0.807,0.524,0.212,0.62,4.12,0
4rMNgxEwGWoPHIUcvB5BrB,It Will Rain,Bruno Mars,It Will Rain,Hippity hop,12004,dance,0,0.835,0.572,0.082,0.468,4.3,0
0fioLzGM8ngbD1w6fMmm45,I'm Not The Only One,Sam Smith,In The Lonely Hour,Hippity hop,12004,dance,1,0.487,0.684,0.0821,0.456,3.99,0
7oGZAicScQt96OAW4AruYy,Want to Want Me,Jason Derulo,Everything Is 4,Hippity hop,12004,dance,1,0.643,0.772,0.0705,0.669,3.46,0
4sPmO7WMQUAf45kwMOtONw,Hello,Adele,25,Hippity hop,12004,british,74,0.43,0.578,0.0854,0.288,4.92,0
2bRXehD283NioREYxlohc4,Lights - Single Version,Ellie Goulding,Bright Lights,Hippity hop,12004,dance,0,0.802,0.681,0.127,0.791,3.51,0
7qiZfU4dY1lWllzX7mPBI3,Shape of You,Ed Sheeran,÷,Hippity hop,12004,pop,86,0.652,0.825,0.0931,0.931,3.9,0
6Pt9gKCvcb970sLaTXhld1,Long Time,Blondie,Pollinator,summer 2k17,12005,power-pop,12,0.807,0.522,0.201,0.442,4.58,0
2ekn2ttSfGqwhhate0LSR0,New Rules,Dua Lipa,Dua Lipa,summer 2k17,12005,dance,81,0.7,0.762,0.153,0.608,3.48,0
3m660poUr1chesgkkjQM7P,Sorry Not Sorry,Demi Lovato,Tell Me You Love Me,summer 2k17,12005,dance,0,0.643,0.705,0.262,0.884,3.4,0
1Zqy9bervYUomy12Pbm3rP,Time to Pretend,MGMT,Oracular Spectacular/Congratulations,Indie,12006,alt-rock,72,0.94,0.438,0.3,0.421,4.35,0
0vaf64cpnqM7COUZZkoBig,Electric Feel,MGMT,Oracular Spectacular/Congratulations,Indie,12006,alt-rock,77,0.803,0.763,0.348,0.561,3.83,0
5QldjuXcxplhjjUqLrzl6H,Kids,MGMT,Oracular Spectacular/Congratulations,Indie,12006,alt-rock,78,0.931,0.451,0.361,0.172,5.05,0
1eyzqe2QqGZUmfcPZtrIyt,Midnight City,M83,"Hurry Up, We're Dreaming",Indie,12006,french,76,0.729,0.507,0.0658,0.272,4.02,0
4sebUbjqbcgDSwG6PbSGI0,Come a Little Closer,Cage The Elephant,Melophobia,Indie,12006,blues,74,0.778,0.44,0.151,0.304,3.82,0
5g7rJvWYVrloJZwKiShqlS,Dirty Paws,Of Monsters and Men,My Head Is An Animal,Indie,12006,folk,70,0.649,0.359,0.0555,0.133,4.64,0
6b5rA9rthDbZDOQp9UbOgl,Little Lion Man,Mumford & Sons,Sigh No More,Indie,12006,folk,68,0.492,0.517,0.0873,0.455,4.09,0
7hN5TKSdRb56uytwIpcUES,99 Problems,Hugo,Old Tyme Religion,Indie,12006,folk,62,0.557,0.529,0.0734,0.592,2.29,0
2tznHmp70DxMyr2XhWLOW0,Cigarette Daydreams,Cage The Elephant,Melophobia,Indie,12006,blues,79,0.676,0.636,0.0831,0.273,3.48,0
0GO8y8jQk1PkHzS31d699N,Tongue Tied,Grouplove,Never Trust A Happy Song,Indie,12006,alt-rock,79,0.936,0.56,0.161,0.371,3.63,0
5d8CreUdJvZejvTUo1IHLw,Space Song,Beach House,Depression Cherry,Indie,12006,indie-pop,73,0.79,0.509,0.144,0.625,5.34,0
37K07PsEPk3SuYpAvjTbJO,Let Me Be Myself,3 Doors Down,3 Doors Down,Workout,12007,grunge,47,0.699,0.495,0.113,0.492,3.81,0
7wMq5n8mYSKlQIGECKUgTX,Hall of Fame,The Script,#3 Deluxe Version,Workout,12007,rock,60,0.872,0.511,0.0975,0.511,3.38,0
0M955bMOoilikPXwKLYpoi,I Hate Everything About You,Three Days Grace,Three Days Grace,Workout,12007,grunge,72,0.83,0.498,0.139,0.453,3.86,0
28IEbk5a7twNTbUEvWslUb,Paralyzer,Finger Eleven,Them Vs. You Vs. Me,Workout,12007,grunge,75,0.939,0.644,0.233,0.861,3.47,0
5anCkDvJ17aznvK5TED5uo,Hail to the King,Avenged Sevenfold,Hail to the King,Workout,12007,alternative,0,0.916,0.58,0.126,0.68,5.08,0
3Y4rUyw7XBCK6hGHCOt6rp,"Call It Fate, Call It Karma",The Strokes,Comedown Machine,Anna,12008,alt-rock,72,0.241,0.544,0.101,0.359,3.41,0
1LwP9g1Hjbs64jXM2Qsxry,Just Like Honey,The Jesus and Mary Chain,Psychocandy,Anna,12008,punk-rock,61,0.552,0.341,0.0591,0.486,3.04,0
40jiZBsr1W3SG15AGU9227,Small Hands,Keaton Henson,Dear,Anna,12008,ambient,52,0.525,0.649,0.121,0.603,3.01,0
2JO3HwMRPeya8bXbtbyPcf,Love Will Tear Us Apart,Joy Division,The Best Of,Anna,12008,alt-rock,0,0.902,0.524,0.137,0.907,3.45,0
49fzPkBb3aOUWYRKaTWVhm,Hit the Road Jack,Ray Charles,Georgia On My Mind,LOVE,12009,blues,70,0.571,0.598,0.513,0.962,1.97,0
61S0mEfdRtJ62Fc7fPqx0U,Feeling Good,Nina Simone,I Put A Spell On You,LOVE,12009,blues,1,0.414,0.428,0.238,0.508,2.9,0
4bSWx86yHmy6OOMsQPU60F,I'm On Fire,Bruce Springsteen,Born In The U.S.A.,LOVE,12009,singer-songwriter,74,0.446,0.62,0.0727,0.868,2.57,0
1DndHckdH9m5rp6gYP086b,Runaround Sue,Dion,Runaround Sue,LOVE,12009,rock-n-roll,67,0.607,0.364,0.251,0.598,2.86,0
7DfFc7a6Rwfi3YQMRbDMau,Thinkin Bout You,Frank Ocean,channel ORANGE,LOVE,12009,soul,78,0.339,0.721,0.0973,0.2,3.35,0
3yBlJtq86wROQpHi1goEKT,Dirty Diana - 2012 Remaster,Michael Jackson,Bad 25th Anniversary,LOVE,12009,soul,62,0.801,0.735,0.324,0.331,4.68,0
3AoeaZs8dFemFJr3JdzOL0,You Are Not Alone,Michael Jackson,"HIStory - PAST, PRESENT AND FUTURE - BOOK I",LOVE,12009,soul,67,0.402,0.651,0.0765,0.258,5.76,0
2fbXJ0VpxhW7j0qcg1DnoZ,Big Jet Plane,Angus & Julia Stone,Down The Way,LOVE,12009,folk,61,0.387,0.762,0.13,0.274,3.99,0
1LzNfuep1bnAUR9skqdHCK,Fade Into You,Mazzy Star,So Tonight That I Might See,LOVE,12009,alt-rock,79,0.33,0.42,0.0677,0.175,4.93,0
3XVBdLihbNbxUwZosxcGuJ,If I Ain't Got You,Alicia Keys,The Diary Of Alicia Keys,LOVE,12009,soul,80,0.444,0.609,0.104,0.166,3.81,0
51FpzuGkRYXFgsE2zXt9av,When A Man Loves A Woman,Percy Sledge,When A Man Loves A Woman,LOVE,12009,soul,0,0.272,0.404,0.0528,0.326,2.9,0
35lAjvsvS9k9HHuP1fjDT8,Human Nature,Michael Jackson,Thriller 25 Super Deluxe Edition,LOVE,12009,soul,66,0.511,0.638,0.26,0.68,4.09,0
0Cvjlph1WGbwZY1PlMEtJY,Come Away With Me,Norah Jones,Come Away With Me,LOVE,12009,j-pop,0,0.126,0.354,0.151,0.17,3.3,0
2jdAk8ATWIL3dwT47XpRfu,Slow Dancing in a Burning Room,John Mayer,Continuum,LOVE,12009,singer-songwriter,74,0.361,0.667,0.0805,0.29,4.03,0
7vFv0yFGMJW3qVXbAd9BK9,Your Body Is a Wonderland,John Mayer,Room For Squares,LOVE,12009,singer-songwriter,74,0.729,0.647,0.134,0.687,4.16,0
3rq5w4bQGigXOfdN30ATJt,Do I Wanna Know?,Arctic Monkeys,AM,LOVE,12009,garage,88,0.532,0.548,0.217,0.405,4.54,0
3QHMxEOAGD51PDlbFPHLyJ,Vivir Mi Vida,Marc Anthony,3,LOVE,12009,salsa,76,0.877,0.656,0.349,0.894,4.21,0
2g8HN35AnVGIk7B8yMucww,Big Poppa,The Notorious B.I.G.,Ready To Die The Remaster,LOVE,12009,hardcore,49,0.671,0.765,0.0506,0.798,4.21,1
5tVA6TkbaAH9QMITTQRrNv,Free Fallin',Tom Petty,Full Moon Fever,80s-90s,12010,folk,0,0.504,0.619,0.06,0.568,4.27,0
3LTMnFa0hhwisyq6ILahyj,Sultans Of Swing,Dire Straits,Dire Straits,80s-90s,12010,rock,81,0.794,0.733,0.33,0.931,5.81,0
2wVXSc0IrQVodHESUxVUJA,Losing My Religion,R.E.M.,Out Of Time,80s-90s,12010,alt-rock,0,0.854,0.666,0.0986,0.803,4.47,0
2MLHyLy5z5l5YRp7momlgw,Island In The Sun,Weezer,Weezer (Green Album),80s-90s,12010,alt-rock,1,0.794,0.654,0.165,0.678,3.34,0
4YPhn26bIFm2KUkL1VLzQG,Say It Ain't So,Weezer,Weezer,80s-90s,12010,alt-rock,1,0.551,0.635,0.07,0.451,4.28,0
3Cx4yrFaX8CeHwBMReOWXI,We Didn't Start the Fire,Billy Joel,Storm Front,80s-90s,12010,piano,76,0.967,0.712,0.356,0.895,4.8,0
6N1EjQjnvhOjFrF6oUmGPa,Summer Of '69,Bryan Adams,Reckless,80s-90s,12010,rock,82,0.834,0.508,0.0732,0.774,3.62,0
3yrSvpt2l1xhsV9Em88Pul,Brown Eyed Girl,Van Morrison,Blowin' Your Mind!,80s-90s,12010,folk,80,0.583,0.491,0.406,0.908,3.06,0
48UPSzbZjgc449aqz8bxox,Californication,Red Hot Chili Peppers,Californication,80s-90s,12010,alt-rock,2,0.765,0.592,0.127,0.327,5.5,0
027h5P3kCyktHv9dpHUBBS,Why Don't You Get A Job,The Offspring,Americana,80s-90s,12010,punk-rock,2,0.882,0.766,0.281,0.547,2.87,1
51T1wGHtx6hXW89UCzw1Rc,Pretty Fly (For A White Guy),The Offspring,Americana,80s-90s,12010,punk-rock,75,0.895,0.723,0.0717,0.963,3.14,1
4EnkwZd0UJAuHpNMMemQaA,Closing Time,Semisonic,Feeling Strangely Fine,80s-90s,12010,alt-rock,0,0.854,0.478,0.115,0.274,4.56,0
3BGbqEDio3ocx1v4egIYr6,Walk Like an Egyptian,The Bangles,Different Light,80s-90s,12010,disco,63,0.891,0.724,0.3,0.818,3.41,0
3TZwjdclvWt7iPJUnMpgcs,Jump Around,House Of Pain,House of Pain (Fine Malt Lyrics),80s-90s,12010,hard-rock,65,0.71,0.854,0.166,0.818,3.58,0
6ORqU0bHbVCRjXm9AjyHyZ,Good Riddance (Time of Your Life),Green Day,Nimrod,80s-90s,12010,punk,0,0.432,0.449,0.161,0.645,2.56,0
5nkYHBWXu7KCgcdwP6jcB1,What I Got,Sublime,Sublime,80s-90s,12010,punk,1,0.693,0.804,0.314,0.654,2.85,0
3354J49VpkbZJho7Ztdzpw,Jumper - 1998 Edit,Third Eye Blind,Third Eye Blind,80s-90s,12010,grunge,67,0.543,0.599,0.291,0.624,4.55,0
42et6fnHCw1HIPSrdPprMl,Semi-Charmed Life,Third Eye Blind,Third Eye Blind,80s-90s,12010,grunge,75,0.864,0.64,0.123,0.701,4.47,0
5wTMQjEx9LWeFwLjolPCUy,What's My Age Again?,blink-182,Blink 182 (Sound and Vision Q4 2007),80s-90s,12010,punk-rock,4,0.951,0.391,0.0878,0.468,2.48,0
43NhiKnrtGqztxDqXrcUux,Adam's Song,blink-182,Enema Of The State,80s-90s,12010,punk-rock,0,0.775,0.52,0.364,0.383,4.16,0
12qZHAeOyTf93YAWvGDTat,All The Small Things,blink-182,Enema Of The State,80s-90s,12010,punk-rock,2,0.9,0.442,0.395,0.609,2.8,0
5YScXJKtefsgdskIy60N7A,Tubthumping,Chumbawamba,Tubthumper,80s-90s,12010,punk,2,0.871,0.608,0.363,0.61,4.65,0
5DiXcVovI0FcY2s0icWWUu,Mr. Jones,Counting Crows,August And Everything After,80s-90s,12010,alt-rock,0,0.836,0.571,0.182,0.73,4.54,0
0EMmVUYs9ZZRHtlADB88uz,Come On Eileen,Dexys Midnight Runners,Too Rye Ay,80s-90s,12010,ska,2,0.769,0.45,0.306,0.604,4.79,0
5Go4h6tyle7zUCZXf1fET4,My Adidas,RunD.M.C.,Discover Further,80s-90s,12010,hardcore,32,0.773,0.819,0.292,0.756,2.82,0
5lXcSvHRVjQJ3LB2rLKQog,Superstition - Single Version,Stevie Wonder,Song Review: A Greatest Hits Collection,80s-90s,12010,funk,0,0.745,0.637,0.0372,0.859,3.99,0
4kbj5MwxO1bq9wjT5g9HaA,Shut Up and Dance,WALK THE MOON,TALKING IS HARD,Getting ready,12011,alt-rock,83,0.866,0.578,0.257,0.619,3.32,0
6vECYJHxYmm3Ydt3fF01pE,Stolen Dance,Milky Chance,Sadnecessary,Getting ready,12011,german,80,0.581,0.884,0.0759,0.728,5.23,0
7lGKEWMXVWWTt3X71Bv44I,Unsteady,X Ambassadors,VHS,Getting ready,12011,alt-rock,74,0.665,0.389,0.116,0.199,3.23,0
0yD66650JxhqKbW76C2qCo,Country Girl (Shake It For Me),Luke Bryan,Tailgates & Tanlines,Country,12012,country,2,0.904,0.644,0.0834,0.672,3.76,0
0BCy325UZyR9z0t0uxwn2N,H.O.L.Y.,Florida Georgia Line,Dig Your Roots,Country,12012,country,71,0.666,0.523,0.0728,0.564,3.24,0
75p6fgACKYIyIhsoG411SZ,Hey Pretty Girl,Kip Moore,Up All Night,Country,12012,country,0,0.373,0.431,0.259,0.0884,3.6,0
0p1BcEcYVO3uk4KDf3gzkY,Wanted,Hunter Hayes,Hunter Hayes (Encore),Country,12012,country,0,0.475,0.414,0.0816,0.3,3.81,0
3gbBpTdY8lnQwqxNCcf795,Pompeii,Bastille,Bad Blood,Happy tunes,12013,rock,1,0.711,0.68,0.241,0.571,3.57,0
4eLSCSELtKxZwXnFbNLXT5,On Top Of The World,Imagine Dragons,Night Visions,Happy tunes,12013,rock,0,0.925,0.588,0.0881,0.759,3.16,0
6g1NlCpW7fgqDnWbCCDrHl,Wake Me Up - Radio Edit,Avicii,True,Happy tunes,12013,dance,1,0.807,0.524,0.212,0.62,4.12,0
6Z8R6UsFuGXGtiIxiD8ISb,Safe And Sound,Capital Cities,In A Tidal Wave Of Mystery,Happy tunes,12013,rock,83,0.819,0.655,0.104,0.766,3.21,0
4kbj5MwxO1bq9wjT5g9HaA,Shut Up and Dance,WALK THE MOON,TALKING IS HARD,Happy tunes,12013,alt-rock,83,0.866,0.578,0.257,0.619,3.32,0
7dQGDSVjt1vS6BsDURjYhS,Treasure - Cash Cash Radio Mix,Bruno Mars,Treasure Remix EP,Happy tunes,12013,dance,2,0.944,0.664,0.766,0.745,3.47,0
203zTFd1zbfG0fiOG9OREv,Tell Me I'm A Wreck,Every Avenue,Picture Perfect,baelist,12014,emo,64,0.76,0.578,0.142,0.7,3.67,0
4xuToNvDiZHnDQVujjK49s,Spirit of the Living God,Vertical Worship,Church Songs,worship,12016,world-music,54,0.531,0.368,0.639,0.166,5.66,0
1CvoOXxJqC2VHwgjZxjGX5,Good Good Father,Chris Tomlin,The Ultimate Playlist,worship,12016,alt-rock,66,0.587,0.429,0.108,0.164,4.89,0
1rIKgCH4H52lrvDcz50hS8,Lush Life,Zara Larsson,So Good,All ,12017,dance,78,0.712,0.694,0.211,0.799,3.35,0
0PDUDa38GO8lMxLCRc4lL1,PILLOWTALK,ZAYN,Mind Of Mine (Deluxe Edition),All ,12017,dance,78,0.7,0.584,0.0939,0.438,3.38,1
4Hf7WnR761jpxPr5D46Bcd,Treat You Better,Shawn Mendes,Illuminate,All ,12017,dance,84,0.819,0.444,0.107,0.747,3.13,0
5uCax9HTNlzGybIStD3vDh,Say You Won't Let Go,James Arthur,Back from the Edge,All ,12017,pop,85,0.557,0.358,0.0902,0.494,3.52,0
1vvNmPOiUuyCbgWmtc6yfm,My Way,Calvin Harris,My Way,All ,12017,electro,76,0.913,0.818,0.161,0.536,3.65,0
1oew3nFNY3vMacJAsvry0S,Me And My Broken Heart,Rixton,Let The Road,All ,12017,dance,79,0.783,0.545,0.132,0.551,3.23,0
4BHzQ9C00ceJxfG16AlNWb,Send My Love (To Your New Lover),Adele,25,All ,12017,british,72,0.533,0.688,0.172,0.567,3.72,0
7bJwvubZZaoGE1AGEfu8Fi,One Last Time,Ariana Grande,My Everything,All ,12017,dance,83,0.593,0.628,0.096,0.104,3.29,0
6nsLzJfvp5OLd4mgqUJkpq,Waiting For Love,Avicii,Stories,All ,12017,dance,81,0.736,0.579,0.198,0.613,3.84,0
2TRFIQpTqq12xGpFJEr0Ft,Worth It,Fifth Harmony,Reflection,All ,12017,dance,64,0.78,0.858,0.133,0.602,3.74,0
2DpCdPMg1BADE4HDnxt3Rd,"Sit Still, Look Pretty",Daya,"Sit Still, Look Pretty",All ,12017,dance,63,0.787,0.655,0.178,0.554,3.37,0
0OwX5aROoW1Iip8FV51Efg,Alarm,Anne-Marie,Alarm,All ,12017,dance,0,0.589,0.756,0.176,0.811,3.43,0
7wMq5n8mYSKlQIGECKUgTX,Hall of Fame,The Script,#3 Deluxe Version,All ,12017,rock,60,0.872,0.511,0.0975,0.511,3.38,0
5g7rJvWYVrloJZwKiShqlS,Dirty Paws,Of Monsters and Men,My Head Is An Animal,autumn,12018,folk,70,0.649,0.359,0.0555,0.133,4.64,0
3Yr2wHzUq7ncX04RjBWt4g,Au Revoir,OneRepublic,Native,autumn,12018,piano,38,0.528,0.517,0.123,0.108,4.84,0
3duP6mBVDsHM8ioN7o7dAK,Boondocks,Little Big Town,The Road To Here,Country Roads,12019,country,0,0.78,0.406,0.474,0.687,4.54,0
0U4R6UqrJo43TmImPku9H8,Heartland - Pure Country/Soundtrack Version,George Strait,Pure Country,Country Roads,12019,country,0,0.89,0.449,0.112,0.696,2.3,0
2xYlyywNgefLCRDG8hlxZq,"Take Me Home, Country Roads",John Denver,"The John Denver Collection, Vol. 1: Take Me Home Country Roads",Country Roads,12019,country,73,0.395,0.462,0.121,0.625,3.3,0
3UwT4FadEGWyMdaSwYcUBY,This Town,Niall Horan,Flicker,????,12020,dance,80,0.401,0.677,0.116,0.195,3.88,0
2mjqNvy3WT62V1mVZjK1nQ,El Mismo Sol,Alvaro Soler,Eterno Agosto,????,12020,latin,1,0.829,0.733,0.0831,0.975,3.13,0
1oc4kHthIpfa2jQnIL33GE,Let's Hurt Tonight,OneRepublic,Oh My My,????,12020,piano,63,0.713,0.359,0.324,0.272,3.24,0
03f7xZmt2wHCIDJBFPK8G4,Soap,Melanie Martinez,Cry Baby,????,12020,electro,0,0.689,0.594,0.129,0.209,3.49,0
72jbDTw1piOOj770jWNeaG,Paris,The Chainsmokers,Memories...Do Not Open,????,12020,dance,74,0.658,0.653,0.0939,0.219,3.69,0
7qiZfU4dY1lWllzX7mPBI3,Shape of You,Ed Sheeran,÷,????,12020,pop,86,0.652,0.825,0.0931,0.931,3.9,0
0ZAiqymvbQUZAh9y6ZT3Rm,XO,EDEN,i think you think too much of me,????,12020,indie-pop,67,0.39,0.611,0.118,0.617,2.66,0
26ZX2JrAb8AFbr8FFfAsO7,sex,EDEN,i think you think too much of me,????,12020,indie-pop,66,0.521,0.413,0.323,0.532,3.65,0
7rqyZM53JpYj86avtfmyeg,My Type,Saint Motel,My Type,????,12020,alt-rock,70,0.896,0.595,0.0748,0.567,3.44,0
7i2DJ88J7jQ8K7zqFX2fW8,Now Or Never,Halsey,hopeless fountain kingdom,????,12020,indie-pop,67,0.585,0.67,0.131,0.447,3.58,0
0wfbD5rAksdXUzRvMfM3x5,The One,The Chainsmokers,Memories...Do Not Open,????,12020,edm,59,0.303,0.76,0.294,0.15,2.96,0
3Gda1sTo2ZjbztjjsnAsP3,Slip Away,Perfume Genius,No Shape,????,12020,psych-rock,53,0.509,0.603,0.0627,0.572,2.76,0
7N0osVtma3QzvMOfVbdSL8,Weather,Novo Amor,"Woodgate, NY",????,12020,ambient,62,0.242,0.527,0.114,0.112,3.87,0
2tznHmp70DxMyr2XhWLOW0,Cigarette Daydreams,Cage The Elephant,Melophobia,????,12020,blues,79,0.676,0.636,0.0831,0.273,3.48,0
6oXUzxFOfdXbD8ivAfAraN,Love Is Mystical,Cold War Kids,LA DIVINE,????,12020,blues,60,0.863,0.567,0.207,0.722,3.57,0
2HL7EWAjEm5Bhpr1iWHA4C,Cold Little Heart - Radio Edit,Michael Kiwanuka,Cold Little Heart,????,12020,british,70,0.58,0.629,0.436,0.655,3.5,0
3QyPsavxL681NX7SPVGd5T,Sway (Quien Sera),Dean Martin,"Dean Martin: The Capitol Recordings, Vol. 5 (1954)",Classy,12021,jazz,59,0.239,0.601,0.0748,0.569,2.75,0
2ekn2ttSfGqwhhate0LSR0,New Rules,Dua Lipa,Dua Lipa,oct,12022,dance,81,0.7,0.762,0.153,0.608,3.48,0
6gBFPUFcJLzWGx4lenP6h2,goosebumps,Travis Scott,Birds In The Trap Sing McKnight,oct,12022,hip-hop,84,0.728,0.841,0.149,0.43,4.06,0
7iL6o9tox1zgHpKUfh9vuC,In Da Club,50 Cent,Get Rich Or Die Tryin',trap,12023,hip-hop,83,0.713,0.899,0.0708,0.777,3.22,1
3b0EOvScbZUc0qJx0E1L2z,I Want You Back,The Jackson 5,Diana Ross Presents The Jackson 5,Feel Good Music,12024,soul,77,0.538,0.469,0.37,0.886,2.94,0
6RrXd9Hph4hYR4bf3dbM6H,My Girl,The Temptations,The Temptations Sing Smokey,Feel Good Music,12024,funk,79,0.418,0.572,0.0961,0.694,2.75,0
6cb0HzFQPN4BGADOmSzPCw,ABC,The Jackson 5,ABC,Feel Good Music,12024,soul,0,0.869,0.53,0.233,0.935,2.91,0
5lXcSvHRVjQJ3LB2rLKQog,Superstition - Single Version,Stevie Wonder,Song Review: A Greatest Hits Collection,Feel Good Music,12024,funk,0,0.745,0.637,0.0372,0.859,3.99,0
6pyzBTIjcO2AMkKE6x2Otb,Stayin' Alive,Bee Gees,Greatest,Feel Good Music,12024,disco,77,0.535,0.707,0.0884,0.641,4.76,0
3zByVQLvdXUaDTubfWkpCk,Sweet Caroline,Neil Diamond,Sweet Caroline,Feel Good Music,12024,folk,78,0.127,0.529,0.237,0.578,3.39,0
4Z1fbYp0HuxLBje4MOZcSD,Twist And Shout - Remastered 2009,The Beatles,Please Please Me,Feel Good Music,12024,british,75,0.849,0.482,0.0414,0.937,2.59,0
3Vby4nGmtbDo7HDJamOWkT,Stuck In The Middle With You,Stealers Wheel,Stealers Wheel,Feel Good Music,12024,folk,0,0.759,0.768,0.0531,0.96,3.48,0
6b8IKVufOkAawvQVguQxmo,I Will Survive,Gloria Gaynor,Universal Masters Collection,Feel Good Music,12024,disco,0,0.775,0.77,0.297,0.8,3.29,0
2dCmGcEOQrMQhMMS8Vj7Ca,Super Freak,Rick James,Street Songs,Feel Good Music,12024,disco,3,0.796,0.857,0.0503,0.944,3.42,0
1OsCKwNZxph96EkNusILRy,Get Down On It - Single Version,Kool & The Gang,The Very Best Of Kool & The Gang,Feel Good Music,12024,disco,1,0.627,0.879,0.056,0.968,3.55,0
3H7sv3Krffn15BufUuXzf3,Hey Jude - Remastered 2015,The Beatles,1,Feel Good Music,12024,british,74,0.607,0.386,0.088,0.532,7.09,0
5wiu4PUC6CLNNbC48vqGOb,Celebration,Kool & The Gang,Celebrate!,Feel Good Music,12024,disco,1,0.782,0.857,0.0495,0.899,4.98,0
49fzPkBb3aOUWYRKaTWVhm,Hit the Road Jack,Ray Charles,Georgia On My Mind,Feel Good Music,12024,blues,70,0.571,0.598,0.513,0.962,1.97,0
7rqyZM53JpYj86avtfmyeg,My Type,Saint Motel,My Type,ALEX,12025,alt-rock,70,0.896,0.595,0.0748,0.567,3.44,0
68pN2UQYhwQgPy7VrCFKuV,In Too Deep,Sum 41,"All Killer, No Filler",ALEX,12025,punk,76,0.844,0.568,0.0607,0.766,3.45,1
7GJClzimvMSghjcrKxuf1M,Budapest,George Ezra,Wanted On Voyage,ALEX,12025,folk,79,0.455,0.717,0.11,0.389,3.35,0
3SqOC9IRDYGSq9cH6K2GQI,The Anthem,Good Charlotte,Good Charlotte/The Young And The Hopeless,ALEX,12025,metal,74,0.939,0.494,0.139,0.893,2.92,0
5oQcOu1omDykbIPSdSQQNJ,1985,Bowling For Soup,A Hangover You Don't Deserve,ALEX,12025,punk-rock,71,0.887,0.606,0.337,0.903,3.22,0
6ihL9TjfRjadfEePzXXyVF,Gives You Hell,The All-American Rejects,When The World Comes Down,ALEX,12025,punk-rock,0,0.675,0.725,0.0537,0.595,3.55,0
2vW5tqS1EFel9yYOQ7WZmE,Ex's & Oh's,Elle King,Love Stuff,ALEX,12025,blues,73,0.921,0.612,0.0576,0.446,3.37,0
1mia2jUSO5ea1Pe7xmsLV0,Indian Summer,Jai Wolf,Indian Summer,ALEX,12025,edm,58,0.825,0.435,0.0845,0.0425,4.14,0
4sPmO7WMQUAf45kwMOtONw,Hello,Adele,25,ALEX,12025,british,74,0.43,0.578,0.0854,0.288,4.92,0
6Wytqpe4mfmyeT8s1xbczG,Something In The Way You Move,Ellie Goulding,Delirium,ALEX,12025,dance,0,0.804,0.66,0.129,0.359,3.79,0
1rIKgCH4H52lrvDcz50hS8,Lush Life,Zara Larsson,So Good,ALEX,12025,dance,78,0.712,0.694,0.211,0.799,3.35,0
3CRDbSIZ4r5MsZ0YwxuEkn,Stressed Out,Twenty One Pilots,Blurryface,ALEX,12025,rock,85,0.637,0.734,0.0602,0.648,3.37,0
0EfsDEYaSjGYd66Pr881nq,Cry Baby,The Neighbourhood,Wiped Out!,ALEX,12025,alt-rock,74,0.656,0.581,0.101,0.338,3.92,0
7brQHA2CgQpcMBiOlfiXYb,Afraid,The Neighbourhood,I Love You.,ALEX,12025,alt-rock,77,0.701,0.464,0.335,0.356,4.19,1
4E6cwWJWZw2zWf7VFbH7wf,Love Song,Sara Bareilles,Little Voice,ALEX,12025,acoustic,73,0.786,0.583,0.188,0.573,4.31,0
2dEJE18eoskLm4bjSW6kmY,Put Your Records On,Corinne Bailey Rae,Corinne Bailey Rae,ALEX,12025,british,0,0.506,0.736,0.134,0.563,3.56,0
7HGTkn2aX7MNdKs7nV2xBt,Somebody Told Me,The Killers,Hot Fuss,ALEX,12025,alt-rock,0,0.981,0.508,0.0555,0.746,3.29,0
7oK9VyNzrYvRFo7nQEYkWN,Mr. Brightside,The Killers,Hot Fuss,ALEX,12025,alt-rock,2,0.931,0.344,0.0903,0.251,3.71,0
5mhUPDWQH3s544WCsa0r9w,Human,The Killers,Day & Age,ALEX,12025,alt-rock,75,0.8,0.557,0.0906,0.582,4.09,0
6MDijuuArPJv1vbp7K1x3f,Genghis Khan,Miike Snow,iii,ALEX,12025,swedish,62,0.847,0.688,0.598,0.453,3.54,0
1eyzqe2QqGZUmfcPZtrIyt,Midnight City,M83,"Hurry Up, We're Dreaming",ALEX,12025,french,76,0.729,0.507,0.0658,0.272,4.02,0
3PvzvltQZLIKk9YgoMP3Yq,The Mother We Share,CHVRCHES,The Bones Of What You Believe,ALEX,12025,synth-pop,51,0.722,0.462,0.127,0.327,3.17,0
7BjrIfovz8y9dTtazrh1iY,Ends of the Earth,Lord Huron,Lonesome Dreams,ALEX,12025,folk,69,0.584,0.555,0.254,0.41,4.74,0
5QldjuXcxplhjjUqLrzl6H,Kids,MGMT,Oracular Spectacular/Congratulations,ALEX,12025,alt-rock,78,0.931,0.451,0.361,0.172,5.05,0
3omXshBamrREltcf24gYDC,First,Cold War Kids,Hold My Home,ALEX,12025,blues,67,0.692,0.468,0.523,0.561,3.34,0
0PDUDa38GO8lMxLCRc4lL1,PILLOWTALK,ZAYN,Mind Of Mine (Deluxe Edition),ALEX,12025,dance,78,0.7,0.584,0.0939,0.438,3.38,1
4JuJZzGcswQszYiKJSnC6i,I'll Be Good,Jaymes Young,Feel Something,ALEX,12025,rock,0,0.277,0.393,0.0966,0.123,4.12,0
08bo51XXjxoJRv3O9tuUaj,The Woods,Hollow Coves,Wanderlust,ALEX,12025,folk,61,0.41,0.802,0.0941,0.224,4.03,0
5b9iBVhfYxDF4JJcHrNIx5,Gooey,Glass Animals,ZABA,ALEX,12025,indie-pop,71,0.369,0.487,0.0925,0.106,4.82,1
1kusepF3AacIEtUTYrw4GV,Paper Planes,M.I.A.,Kala,ALEX,12025,indie-pop,77,0.848,0.447,0.65,0.485,3.4,0
6ZYS6QQxTLsQ6IFXdVx1r4,Ophelia,The Lumineers,Cleopatra,ALEX,12025,folk,79,0.573,0.664,0.0857,0.566,2.67,0
2H6dHxAxGq5oQ9EiinNpXT,Spirits,The Strumbellas,Hope,ALEX,12025,folk,63,0.657,0.556,0.113,0.79,3.39,0
0aersVHlGGXcHeRvHtuaSt,Dancing On Glass,St. Lucia,Matter,ALEX,12025,synth-pop,55,0.945,0.564,0.359,0.399,4.11,0
2tznHmp70DxMyr2XhWLOW0,Cigarette Daydreams,Cage The Elephant,Melophobia,ALEX,12025,blues,79,0.676,0.636,0.0831,0.273,3.48,0
2Kgjd9G808FhUDRhS2gidG,Cecilia And The Satellite,Andrew McMahon in the Wilderness,Andrew McMahon In The Wilderness,ALEX,12025,piano,61,0.844,0.381,0.318,0.239,3.73,0
316r1KLN0bcmpr7TZcMCXT,The Sound,The 1975,"I like it when you sleep, for you are so beautiful yet so unaware of it",ALEX,12025,alt-rock,63,0.936,0.648,0.482,0.566,4.15,0
0GO8y8jQk1PkHzS31d699N,Tongue Tied,Grouplove,Never Trust A Happy Song,ALEX,12025,alt-rock,79,0.936,0.56,0.161,0.371,3.63,0
4djIFfof5TpbSGRZUpsTXq,Talk Too Much,COIN,How Will You Know If You Never Try,ALEX,12025,indie-pop,72,0.888,0.598,0.347,0.482,3.12,0
6LfJVV4oNiz7KeDrZUf8ty,Let's Do It Again,J Boog,J Boog - EP,Reggae ,12028,j-pop,64,0.696,0.631,0.0784,0.927,3.21,0
3UfCFlGruX0DRPCpD1V3pU,Work Song,Hozier,Hozier,feels,12029,singer-songwriter,63,0.388,0.432,0.112,0.256,3.83,0
2LBqCSwhJGcFQeTHMVGwy3,Die For You,The Weeknd,Starboy,feels,12029,pop,88,0.525,0.582,0.134,0.51,4.34,0
0KKkJNfGyhkQ5aFogxQAPU,That's What I Like,Bruno Mars,24K Magic,morning,12030,dance,83,0.56,0.853,0.0944,0.86,3.44,0
7kzKAuUzOITUauHAhoMoxA,Last Nite,The Strokes,Is This It,morning,12030,alt-rock,74,0.91,0.624,0.0789,0.767,3.23,0
7yMiX7n9SBvadzox8T5jzT,Clint Eastwood,Gorillaz,Gorillaz,morning,12030,alternative,3,0.694,0.663,0.0698,0.525,5.68,0
4QlzkaRHtU8gAdwqjWmO8n,Friday I'm In Love,The Cure,Wish,morning,12030,punk-rock,1,0.946,0.552,0.368,0.458,3.59,0
7rqyZM53JpYj86avtfmyeg,My Type,Saint Motel,My Type,morning,12030,alt-rock,70,0.896,0.595,0.0748,0.567,3.44,0
7a8GawTVgHZvBLQOh46he7,I Wanna Be Yours,Arctic Monkeys,AM,morning,12030,garage,92,0.417,0.464,0.0974,0.479,3.07,0
72jbDTw1piOOj770jWNeaG,Paris,The Chainsmokers,Memories...Do Not Open,morning,12030,dance,74,0.658,0.653,0.0939,0.219,3.69,0
6YUTL4dYpB9xZO5qExPf05,Summer,Calvin Harris,Motion,morning,12030,electro,82,0.856,0.596,0.141,0.743,3.71,0
2i37Y95xkPhHtoYBywVBUm,"Steady, As She Goes",The Raconteurs,Broken Boy Soldiers,morning,12030,blues,70,0.578,0.525,0.108,0.537,3.59,0
4dyx5SzxPPaD8xQIid5Wjj,Young Folks,Peter Bjorn and John,Writer's Block,morning,12030,alt-rock,76,0.812,0.699,0.105,0.662,4.61,0
7KXjTSCq5nL1LoYtL7XAwS,HUMBLE.,Kendrick Lamar,DAMN.,morning,12030,hip-hop,84,0.621,0.908,0.0958,0.421,2.95,1
2qhievF6KHSxylW7XBt1pz,Lilac Wine,Nina Simone,Wild Is The Wind,morning,12030,soul,0,0.143,0.393,0.0962,0.21,4.23,0
3RNyGLgSvmVRZ7xKUp8Wgd,In the Summertime,Mungo Jerry,In the Summertime,morning,12030,blues,27,0.449,0.754,0.162,0.973,3.53,0
4QlzkaRHtU8gAdwqjWmO8n,Friday I'm In Love,The Cure,Wish,ACL 2013,12031,punk-rock,1,0.946,0.552,0.368,0.458,3.59,0
4NnWuGQujzWUEg0uZokO5M,Just Like Heaven,The Cure,"Kiss Me, Kiss Me, Kiss Me",ACL 2013,12031,punk-rock,72,0.94,0.437,0.222,0.48,3.53,0
1cktZnxiONH0hR6Q3DKy8h,Drink In My Hand,Eric Church,Chief,ACL 2013,12031,country,0,0.913,0.626,0.293,0.946,3.19,0
7e8utCy2JlSB8dRHKi49xM,Fluorescent Adolescent,Arctic Monkeys,Favourite Worst Nightmare,ACL 2013,12031,garage,79,0.828,0.654,0.122,0.79,2.89,0
3DQVgcqaP3iSMbaKsd57l5,I Bet You Look Good On The Dancefloor,Arctic Monkeys,"Whatever People Say I Am, That's What I'm Not",ACL 2013,12031,garage,75,0.948,0.535,0.376,0.778,2.89,0
2fyIS6GXMgUcSv4oejx63f,Mardy Bum,Arctic Monkeys,"Whatever People Say I Am, That's What I'm Not",ACL 2013,12031,garage,74,0.599,0.634,0.197,0.312,2.92,0
2zzLRQ78kKfPTx8FJQCdC2,When The Sun Goes Down,Arctic Monkeys,"Whatever People Say I Am, That's What I'm Not",ACL 2013,12031,garage,76,0.875,0.348,0.117,0.407,3.37,0
6ooluO7DiEhI1zmK94nRCM,Take Me Out,Franz Ferdinand,Franz Ferdinand,ACL 2013,12031,alt-rock,79,0.663,0.277,0.136,0.527,3.95,0
0GO8y8jQk1PkHzS31d699N,Tongue Tied,Grouplove,Never Trust A Happy Song,ACL 2013,12031,alt-rock,79,0.936,0.56,0.161,0.371,3.63,0
3XVBdLihbNbxUwZosxcGuJ,If I Ain't Got You,Alicia Keys,The Diary Of Alicia Keys,Hits,12032,soul,80,0.444,0.609,0.104,0.166,3.81,0
1QV6tiMFM6fSOKOGLMHYYg,Poker Face,Lady Gaga,The Fame,Hits,12032,dance,3,0.818,0.851,0.0945,0.808,3.95,0
7F25roCtYi55JouckaayPC,Judas,Lady Gaga,Born This Way,Hits,12032,dance,10,0.937,0.661,0.355,0.535,4.15,0
53jnnqFSRGMDB9ADrNriCA,Bloody Mary,Lady Gaga,Born This Way,Hits,12032,dance,11,0.638,0.584,0.101,0.456,4.08,0
5P5cGNzqh6A353N3ShDK6Y,Bad Romance,Lady Gaga,The Fame Monster,Hits,12032,dance,0,0.921,0.695,0.0842,0.714,4.91,0
6pvdo2tv6KAcbOeEofiWBP,Dance In The Dark,Lady Gaga,The Fame Monster,Hits,12032,dance,0,0.751,0.639,0.163,0.14,4.82,0
2gxHiPW79a1zO5sWOtza3g,Teeth,Lady Gaga,The Fame Monster,Hits,12032,dance,3,0.833,0.713,0.0868,0.552,3.68,0
02XnQdf7sipaKBBHixz3Zp,Paparazzi,Lady Gaga,The Fame,Hits,12032,dance,4,0.734,0.761,0.086,0.375,3.47,0
6ic8OlLUNEATToEFU3xmaH,Gimme More,Britney Spears,Blackout,Hits,12032,dance,79,0.844,0.788,0.0723,0.382,4.19,1
4y1LsJpmMti1PfRQV9AWWe,Girls Just Want to Have Fun,Cyndi Lauper,She's So Unusual,Hits,12032,disco,79,0.799,0.71,0.349,0.725,3.97,0
6gJdDnF2TzfA1WPMXuCa3x,Proud Mary,Tina Turner,What's Love Got To Do With It,Hits,12032,disco,67,0.499,0.397,0.111,0.367,5.46,0
6FcQD1qOpqV8NdhY45sKyI,What's Love Got to Do with It,Tina Turner,Simply The Best,Hits,12032,disco,0,0.482,0.855,0.151,0.795,3.78,0
5bQduNI1lNfkNbDCKhBNX6,You Can't Hurry Love,The Supremes,The Supremes A' Go-Go,Hits,12032,disco,74,0.711,0.63,0.0813,0.659,2.8,0
5PsUB0ISfQxRLhF5DmI5Ks,Don't Speak,No Doubt,Tragic Kingdom,Hits,12032,alt-rock,0,0.752,0.508,0.142,0.554,4.38,0
36bOT34EdRNrNhCWMwNJKu,Just A Girl,No Doubt,Tragic Kingdom,Hits,12032,alt-rock,1,0.937,0.635,0.134,0.78,3.47,0
1OutzYv6YiN93lrT3pJsWR,It's My Life,No Doubt,It's My Life,Hits,12032,alt-rock,1,0.75,0.606,0.321,0.771,3.77,0
020gYw7juUaNs2tLYMlfms,Spiderwebs,No Doubt,Tragic Kingdom,Hits,12032,alt-rock,1,0.924,0.485,0.248,0.661,4.45,0
3zKST4nk4QJE77oLjUZ0Ng,Hey Brother,Avicii,True,Mothers Day ,12033,edm,77,0.78,0.545,0.0828,0.458,4.25,0
7r9ZTgy31yObGZE6ZYDlQg,Be Yourself,Audioslave,Out of Exile,Mothers Day ,12033,alt-rock,72,0.845,0.423,0.213,0.317,4.65,0
7CI0VS6ETno5mgHi4PoCrY,Don't Follow,Alice In Chains,Jar Of Flies,Mothers Day ,12033,grunge,57,0.37,0.314,0.122,0.28,4.37,0
0iEEDY73hQFa6Ms5KWFQqM,Just Breathe,Pearl Jam,Backspacer,Mothers Day ,12033,grunge,69,0.348,0.473,0.0823,0.283,3.6,0
5Iy2Jj87Ha0C0IBlNE1I4y,The Days,Avicii,The Days / Nights,Mothers Day ,12033,dance,0,0.724,0.59,0.142,0.526,4.64,0
15twB7zTglmu0Bg8gW4Mrm,Stubborn Love,The Lumineers,The Lumineers,Mothers Day ,12033,folk,68,0.544,0.596,0.262,0.262,4.62,0
5OQsiBsky2k2kDKy2bX2eT,Learn to Fly,Foo Fighters,There Is Nothing Left To Lose,Mothers Day ,12033,alt-rock,77,0.919,0.465,0.262,0.537,3.92,0
5ZOUxrcH0VVDgTshD5QJri,Valerie,Steve Winwood,Talking Back To The Night,Mothers Day ,12033,country,0,0.766,0.679,0.111,0.679,4.11,0
4nXkbcTj3nyww1cHkw5RAP,Long Train Runnin',The Doobie Brothers,The Captain And Me,Mothers Day ,12033,blues,72,0.912,0.575,0.0562,0.843,3.45,0
1UqhkbzB1kuFwt2iy4h29Q,Cough Syrup,Young the Giant,Young the Giant,Mothers Day ,12033,alt-rock,0,0.721,0.533,0.115,0.225,4.16,0
7bJwvubZZaoGE1AGEfu8Fi,One Last Time,Ariana Grande,My Everything,Spring 2015,12034,dance,83,0.593,0.628,0.096,0.104,3.29,0
3zHq9ouUJQFQRf3cm1rRLu,"Love Me Like You Do - From ""Fifty Shades Of Grey""",Ellie Goulding,Delirium,Spring 2015,12034,dance,79,0.606,0.262,0.125,0.275,4.21,0
3VCmztoNt9AMNFnh70na3d,Not On Drugs,Tove Lo,Queen Of The Clouds,Spring 2015,12034,synth-pop,47,0.635,0.7,0.135,0.594,3.04,1
4flXUmmCKe1GAAvIoptHq7,Bumpy Ride,Mohombi,MoveMeant,Spring 2015,12034,dance,72,0.842,0.706,0.134,0.818,3.75,0
7ye65LYY08VtgesVKcuHUo,Tempted To Touch,Rupee,STRICTLY THE BEST VOL. 31,Spring 2015,12034,dancehall,52,0.847,0.835,0.0771,0.926,3.46,0
27L8sESb3KR79asDUBu8nW,Stacy's Mom,Fountains Of Wayne,Welcome Interstate Managers,throwin it back ,12035,alt-rock,76,0.75,0.774,0.0808,0.927,3.3,0
4E5P1XyAFtrjpiIxkydly4,Replay,Iyaz,Replay,throwin it back ,12035,dance,76,0.751,0.706,0.168,0.195,3.04,0
0k2GOhqsrxDTAbFFSdNJjT,Temperature,Sean Paul,The Trinity,throwin it back ,12035,dance,79,0.6,0.951,0.0712,0.822,3.64,0
6eDApnV9Jdb1nYahOlbbUh,One Time,Justin Bieber,My World,throwin it back ,12035,pop,3,0.856,0.69,0.0761,0.74,3.6,0
48UPSzbZjgc449aqz8bxox,Californication,Red Hot Chili Peppers,Californication,throwin it back ,12035,alt-rock,2,0.765,0.592,0.127,0.327,5.5,0
42et6fnHCw1HIPSrdPprMl,Semi-Charmed Life,Third Eye Blind,Third Eye Blind,throwin it back ,12035,grunge,75,0.864,0.64,0.123,0.701,4.47,0
3354J49VpkbZJho7Ztdzpw,Jumper - 1998 Edit,Third Eye Blind,Third Eye Blind,throwin it back ,12035,grunge,67,0.543,0.599,0.291,0.624,4.55,0
5U2m76qAMdr3gXI0g6ptlG,Come & Get It,Selena Gomez,Stars Dance,throwin it back ,12035,dance,0,0.783,0.552,0.0954,0.575,3.87,0
3SqOC9IRDYGSq9cH6K2GQI,The Anthem,Good Charlotte,Good Charlotte/The Young And The Hopeless,throwin it back ,12035,metal,74,0.939,0.494,0.139,0.893,2.92,0
2tbdjsdJ9xtyunKnZBkGxF,Father And Son,Yusuf / Cat Stevens,Tea For The Tillerman,Michaela,12036,british,74,0.326,0.495,0.0996,0.371,3.68,0
2d8JP84HNLKhmd6IYOoupQ,Trap Queen,Fetty Wap,Fetty Wap,Michaela,12036,j-dance,74,0.873,0.746,0.354,0.817,3.7,0
3rXCnvL6xP83VsYUg4rm7e,Whistle For The Choir,The Fratellis,Costello Music,Michaela,12036,garage,50,0.696,0.595,0.12,0.725,3.6,0
15WRWc3qqlyAzTne9q5tQK,Cornfield Chase,Hans Zimmer,Interstellar: Original Motion Picture Soundtrack (Deluxe Digital Version),STUDY,12037,german,74,0.226,0.18,0.0998,0.048,2.12,0
6iLzFJhs4ATwJn7P1utZIJ,Light of the Seven,Ramin Djawadi,Game of Thrones (Music from the HBO® Series - Season 6),STUDY,12037,german,61,0.102,0.273,0.268,0.0583,9.82,0
3weNRklVDqb4Rr5MhKBR3D,Nuvole Bianche,Ludovico Einaudi,Una Mattina,STUDY,12037,ambient,73,0.0582,0.191,0.0941,0.0454,5.96,0
2AFFaiIlripSpcTYZXNL7f,Statues,Alexandre Desplat,Harry Potter - The Deathly Hallows Part II,STUDY,12037,french,55,0.241,0.321,0.105,0.0795,2.38,0
3CI3uK4pduq7bx1jJ6En6C,Ab Ovo,Joep Beving,Prehension,STUDY,12037,ambient,54,0.0429,0.393,0.0821,0.0394,4.8,0
0kbLBB45YGGWNu3AUL6FIL,The Theory of Everything,Jóhann Jóhannsson,The Theory of Everything (Original Motion Picture Soundtrack),STUDY,12037,ambient,64,0.118,0.421,0.115,0.175,1.14,0
3YYKrn3iGOAel605Znt3ai,"Comptine d'un autre été, l'après-midi",Yann Tiersen,Amelie from Montmartre,STUDY,12037,ambient,73,0.192,0.483,0.106,0.0542,2.35,0
6YjNHauEMtw8cWsOnoBUf3,Forces of Attraction,Jóhann Jóhannsson,The Theory of Everything (Original Motion Picture Soundtrack),STUDY,12037,ambient,60,0.126,0.511,0.102,0.403,2.05,0
5I6Fw45e8wOsNldU1kYPr4,Sleeping Lotus,Joep Beving,Solipsism,STUDY,12037,ambient,61,0.0268,0.312,0.107,0.188,2.53,0
7hyAAjHZaDWSPDzlUYNUIa,Threnody,Goldmund,The Malady Of Elegance,STUDY,12037,ambient,57,0.00572,0.217,0.109,0.174,4.69,0
6QewNVIDKdSl8Y3ycuHIei,Even Flow,Pearl Jam,Ten,90's,12038,alt-rock,76,0.944,0.394,0.298,0.265,4.88,1
3YuqJ1TVQoh88GAGdoSK59,No Ordinary Love,Sade,The Best Of Sade,90's,12038,british,67,0.364,0.629,0.0941,0.701,7.34,0
4t0UsYzmmmZRMTWn77jiGF,Show Me Love,Robin S,Show Me Love,90's,12038,disco,69,0.833,0.811,0.0769,0.567,4.2,0
3pfXxHoydFRfD7IBGJTQAN,Pony,Ginuwine,R&B: From Doo-Wop To Hip-Hop,90's,12038,soul,73,0.605,0.749,0.115,0.966,4.2,0
3ii5VBrIXJXKEVkjx1IAdP,Get It On Tonite,Montell Jordan,Get It On...Tonite,90's,12038,j-dance,60,0.491,0.813,0.0817,0.868,4.6,0
2LBqCSwhJGcFQeTHMVGwy3,Die For You,The Weeknd,Starboy,XO,12039,pop,88,0.525,0.582,0.134,0.51,4.34,0
25khomWgBVamSdKw7hzm3l,The Hills,The Weeknd,Beauty Behind The Madness,XO,12039,pop,3,0.551,0.565,0.139,0.125,4.04,0
4tc5UgZiIdz8LAISqEk1hP,Ritual Union,Little Dragon,Ritual Union,EVERYDAY,12040,trip-hop,59,0.738,0.7,0.22,0.796,3.52,0
55LhCEkBGFj95SyhuhlSE6,"Lights Out, Words Gone",Bombay Bicycle Club,A Different Kind Of Fix,EVERYDAY,12040,british,57,0.76,0.649,0.107,0.654,5.02,0
5VarZFY00sO54HErJ3TPCI,So Good At Being in Trouble,Unknown Mortal Orchestra,II,EVERYDAY,12040,chill,67,0.435,0.829,0.119,0.594,3.84,0
6Jb4oub0oD3jJls69ArCVz,Multi-Love,Unknown Mortal Orchestra,Multi-Love,EVERYDAY,12040,psych-rock,60,0.506,0.784,0.139,0.544,4.18,0
4XYxBgTd33PjJeiXnwVLwL,Amor Fati,Washed Out,Within and Without,EVERYDAY,12040,synth-pop,42,0.857,0.508,0.0738,0.531,4.43,0
6eT2fNwiVD04D3R4uP5qOv,Only A Fool Would Say That,Steely Dan,Can't Buy A Thrill,EVERYDAY,12040,psych-rock,63,0.531,0.803,0.197,0.965,2.96,0
3EEzQDCP8jRl2pEt9eDKMO,I Follow You,Melody's Echo Chamber,Melody's Echo Chamber,EVERYDAY,12040,french,49,0.78,0.41,0.233,0.727,3.59,0
5nkYHBWXu7KCgcdwP6jcB1,What I Got,Sublime,Sublime,Chill,12043,punk,1,0.693,0.804,0.314,0.654,2.85,0
3g2gQMeeQAEPztiQKMlGSl,El Scorcho,Weezer,Pinkerton,Chill,12043,power-pop,56,0.707,0.479,0.0932,0.661,4.06,0
5UWwZ5lm5PKu6eKsHAGxOk,Everlong,Foo Fighters,The Colour And The Shape,Chill,12043,alt-rock,84,0.881,0.413,0.0805,0.364,4.18,0
4PtZE0h5oyPhCtPjg3NeYQ,No Excuses,Alice In Chains,Jar Of Flies,Chill,12043,grunge,64,0.838,0.527,0.07,0.721,4.26,0
6HnZsLUDrG3HTSbh8sq2u3,I Stay Away,Alice In Chains,Jar Of Flies,Chill,12043,grunge,62,0.781,0.174,0.0822,0.276,4.24,0
7r9ZTgy31yObGZE6ZYDlQg,Be Yourself,Audioslave,Out of Exile,Chill,12043,alt-rock,72,0.845,0.423,0.213,0.317,4.65,0
0o995gJCGebaza0LWybToU,Doesn't Remind Me,Audioslave,Out of Exile,Chill,12043,grunge,64,0.768,0.457,0.103,0.232,4.25,0
6HksxcBzMVdT17aq1Q79Xe,My Friends,Red Hot Chili Peppers,One Hot Minute,Chill,12043,rock,5,0.71,0.303,0.131,0.327,4.14,0
1XxCiPw07rd1ytYnE7SoJI,Road Trippin',Red Hot Chili Peppers,Californication,Chill,12043,metal,66,0.474,0.378,0.117,0.38,3.42,0
48UPSzbZjgc449aqz8bxox,Californication,Red Hot Chili Peppers,Californication,Chill,12043,alt-rock,2,0.765,0.592,0.127,0.327,5.5,0
64BbK9SFKH2jk86U3dGj2P,Otherside,Red Hot Chili Peppers,Californication,Chill,12043,alt-rock,80,0.795,0.458,0.0756,0.513,4.26,0
1G391cbiT3v3Cywg8T7DM1,Scar Tissue,Red Hot Chili Peppers,Californication,Chill,12043,alt-rock,79,0.717,0.595,0.108,0.547,3.6,0
3x3zdepy3au5Uo81WIA9MG,The Will To Death,John Frusciante,The Will To Death,Chill,12043,acoustic,51,0.113,0.498,0.108,0.296,3.81,0
6Dm2KfuPBa3eXOgHaT88r4,The Past Recedes,John Frusciante,Curtains,Chill,12043,acoustic,51,0.334,0.381,0.411,0.171,3.89,0
0QnONzv3TvHAWk294h6DaQ,Last Kiss,Pearl Jam,Last Kiss,Chill,12043,alt-rock,71,0.692,0.622,0.193,0.774,3.26,0
3bE5slaVEfaDreqARl6k4M,Yellow Ledbetter,Pearl Jam,Jeremy,Chill,12043,grunge,70,0.354,0.504,0.157,0.292,5.06,0
5Xak5fmy089t0FYmh3VJiY,Black,Pearl Jam,Ten,Chill,12043,alt-rock,74,0.684,0.36,0.34,0.2,5.71,0
2xt2piJx6jlFkjS77YiqpL,Like a Stone,Audioslave,Audioslave,Chill,12043,alt-rock,78,0.568,0.614,0.0997,0.516,4.9,0
22N2t0FKbzllN3cyKcLcJs,Shelf In The Room,Days Of The New,Days Of The New,Chill,12043,grunge,28,0.613,0.622,0.204,0.316,4.73,0
73fzhVcs7n1wZz84eoE2vs,Drive,Incubus,Make Yourself - Tour Edition,Chill,12043,alt-rock,75,0.792,0.645,0.119,0.666,3.88,0
6gYhwQ4mKirCbLFE1eYKhu,Hard Sun,Eddie Vedder,Into The Wild,Chill,12043,acoustic,65,0.827,0.438,0.319,0.645,5.37,0
1gqsdl891sEVlHjaV1bTR6,Society,Eddie Vedder,Into The Wild,Chill,12043,acoustic,68,0.327,0.561,0.111,0.298,3.94,0
1vY9snyzHUPBuFrjrL8o7n,Rise,Eddie Vedder,Into The Wild,Chill,12043,acoustic,60,0.58,0.401,0.134,0.526,2.61,0
1MjYRdSn2VAafXaq109yhM,No Ceiling,Eddie Vedder,Into The Wild,Chill,12043,acoustic,58,0.652,0.724,0.101,0.75,1.57,0
0W7AbEauB7cP4pidLclApe,Hunger Strike,Temple Of The Dog,Temple Of The Dog,Chill,12043,grunge,69,0.567,0.373,0.0916,0.298,4.1,0
2mPMFJvQ0v27gVqe5b6nDn,Hash Pipe,Weezer,Weezer (Green Album),Chill,12043,power-pop,69,0.882,0.578,0.284,0.623,3.11,0
6FxbwB6o1MKOy0dHvxNr2W,Undone - The Sweater Song,Weezer,Weezer,Chill,12043,power-pop,72,0.618,0.457,0.0679,0.579,5.08,0
2MLHyLy5z5l5YRp7momlgw,Island In The Sun,Weezer,Weezer (Green Album),Chill,12043,alt-rock,1,0.794,0.654,0.165,0.678,3.34,0
6L89mwZXSOwYl76YXfX13s,Basket Case,Green Day,Dookie,Chill,12043,punk,2,0.943,0.441,0.091,0.781,3.03,0
5yA7AoyGWSUoxALn0RxCfb,Die Born,Days Of The New,Days Of The New (Red Album),Chill,12043,grunge,33,0.71,0.515,0.0924,0.495,3.94,0
269OfNY9Je1QWaDnu31KKp,Wild World,Yusuf / Cat Stevens,Tea for the Tillerman,Chill,12043,british,77,0.542,0.48,0.113,0.567,3.34,0
1T1C9VVQ1lb60WxWZx7KoG,I Won't Let Go,Rascal Flatts,Nothing Like This,Country,12044,country,52,0.406,0.557,0.113,0.222,3.8,0
4YjjNHtEsTX6Af4mCTupT5,Bless The Broken Road,Rascal Flatts,Feels Like Today,Country,12044,country,36,0.448,0.588,0.156,0.362,3.78,0
03fT3OHB9KyMtGMt2zwqCT,Play It Again,Luke Bryan,Crash My Party,Country,12044,country,75,0.886,0.506,0.0734,0.595,3.78,0
5kNe7PE09d6Kvw5pAsx23n,Die A Happy Man,Thomas Rhett,Tangled Up,Country,12044,country,1,0.389,0.59,0.117,0.389,3.79,0
3fqwjXwUGN6vbzIwvyFMhx,Tennessee Whiskey,Chris Stapleton,Traveller,Country,12044,country,81,0.37,0.392,0.0821,0.512,4.89,0
6RUpJeXT6U4SPEafnr9Wr7,Where The Hood At,DMX,Grand Champ,Driving Music,12045,hardcore,71,0.948,0.537,0.356,0.792,4.77,1
32SFvZODywPBVDYSYtqxCj,Ruff Ryders' Anthem,DMX,Greatest Hits With A Twist - Deluxe Edition,Driving Music,12045,hardcore,70,0.577,0.88,0.201,0.74,3.85,1
6OD6dV7gdEyaeN639SAyuU,Where The Hood At,DMX,Grand Champ,Driving Music,12045,hardcore,71,0.948,0.537,0.356,0.792,3.65,1
67mtN6BlsJR0LVyzvNZnGt,Tonight's Da Night,Redman,Whut? The Album,Driving Music,12045,hardcore,63,0.687,0.697,0.403,0.866,3.37,0
2OsGdZYDdTK4pxDMsK0Blv,Ms. Fat Booty,Mos Def,Black On Both Sides,Driving Music,12045,hardcore,71,0.589,0.782,0.164,0.869,3.73,0
4P2q1rzZ0XVb2vs3KSUXNF,Simon Says,Pharoahe Monch,Straight Outta Old Skool,Driving Music,12045,alternative,64,0.916,0.664,0.164,0.559,2.89,0
3ssX20QT5c3nA9wk78V1LQ,Ambitionz Az A Ridah,2Pac,All Eyez On Me,Driving Music,12045,funk,79,0.91,0.801,0.0737,0.805,4.64,0
7nk7oS0G6qG3ofHUAKbg9F,Da Joint,EPMD,Back In Business,Driving Music,12045,hardcore,61,0.466,0.734,0.106,0.788,3.47,0
0UeYCHOETPfai02uskjJ3x,Shooting Stars,Bag Raiders,Bag Raiders,BEST SONGS EVER,12046,disco,67,0.72,0.636,0.0868,0.425,3.93,0
6W0h3ULsrzmD6C8B4cG57A,PONPONPON,Kyary Pamyu Pamyu,??????,BEST SONGS EVER,12046,j-idol,55,0.988,0.634,0.495,0.91,4.05,0
1mr3616BzLdhXfJmLmRsO8,Fireflies,Owl City,Ocean Eyes,BEST SONGS EVER,12046,indie-pop,79,0.662,0.512,0.118,0.472,3.81,0
5IJbTPhcj0IjdzUaYqwe2I,Stfu,Pink Guy,Pink Season,BEST SONGS EVER,12046,comedy,56,0.524,0.827,0.198,0.356,3.74,0
0M7mWKqwTIaVjYyxfZmtTa,"Courtesy Of The Red, White And Blue (The Angry American)",Toby Keith,Unleashed,Country,12047,country,0,0.674,0.426,0.0784,0.378,3.26,0
75p6fgACKYIyIhsoG411SZ,Hey Pretty Girl,Kip Moore,Up All Night,Country,12047,country,0,0.373,0.431,0.259,0.0884,3.6,0
03fT3OHB9KyMtGMt2zwqCT,Play It Again,Luke Bryan,Crash My Party,Country,12047,country,75,0.886,0.506,0.0734,0.595,3.78,0
0yD66650JxhqKbW76C2qCo,Country Girl (Shake It For Me),Luke Bryan,Tailgates & Tanlines,Country,12047,country,2,0.904,0.644,0.0834,0.672,3.76,0
0El2Zyt68nYySFDG87hZgM,Sun Daze,Florida Georgia Line,Anything Goes,Country,12047,country,0,0.944,0.484,0.471,0.839,3.08,0
7DfFc7a6Rwfi3YQMRbDMau,Thinkin Bout You,Frank Ocean,channel ORANGE,Vibes,12048,soul,78,0.339,0.721,0.0973,0.2,3.35,0
25khomWgBVamSdKw7hzm3l,The Hills,The Weeknd,Beauty Behind The Madness,Vibes,12048,pop,3,0.551,0.565,0.139,0.125,4.04,0
5b9iBVhfYxDF4JJcHrNIx5,Gooey,Glass Animals,ZABA,Vibes,12048,indie-pop,71,0.369,0.487,0.0925,0.106,4.82,1
2qOm7ukLyHUXWyR4ZWLwxA,It Was A Good Day,Ice Cube,The Predator,Vibes,12048,funk,82,0.744,0.798,0.292,0.794,4.33,0
03CLsFk6JSz301bKuukPSD,Retrograde,James Blake,Overgrown,Vibes,12048,electronic,64,0.251,0.533,0.134,0.186,3.73,0
1RiuVQWyC7g7tL3niYzHKP,Marijuana,Chrome Sparks,Sparks EP,Vibes,12048,chill,58,0.655,0.697,0.353,0.415,3.02,0
0UeYCHOETPfai02uskjJ3x,Shooting Stars,Bag Raiders,Bag Raiders,Vibes,12048,disco,67,0.72,0.636,0.0868,0.425,3.93,0
3xKsf9qdS1CyvXSMEid6g8,Pink + White,Frank Ocean,Blonde,Vibes,12048,soul,85,0.545,0.545,0.417,0.549,3.08,0
6cuKJ1bFFy4OjfkCI9YBqc,I'm Not In Love,10cc,The Original Soundtrack,Vibes,12048,blues,71,0.523,0.404,0.282,0.164,6.11,0
5d8CreUdJvZejvTUo1IHLw,Space Song,Beach House,Depression Cherry,Vibes,12048,indie-pop,73,0.79,0.509,0.144,0.625,5.34,0
6ykzs1dqxtygycvjy0Cz4o,Cherish the Day,Sade,The Best Of Sade,Vibes,12048,british,60,0.389,0.68,0.105,0.68,6.31,0
1kusepF3AacIEtUTYrw4GV,Paper Planes,M.I.A.,Kala,Vibes,12048,indie-pop,77,0.848,0.447,0.65,0.485,3.4,0
4l9hml2UCnxoNI3yCdL1BW,My Funny Valentine,Chet Baker,Chet Baker Sings,Vibes,12048,jazz,0,0.0302,0.44,0.109,0.213,2.35,0
6uQKuonTU8VKBz5SHZuQXD,This Is How We Do It,Montell Jordan,This Is How We Do It,Vibes,12048,j-dance,66,0.702,0.791,0.423,0.789,3.98,0
25khomWgBVamSdKw7hzm3l,The Hills,The Weeknd,Beauty Behind The Madness,slow jams,12051,pop,3,0.551,0.565,0.139,0.125,4.04,0
7lGKEWMXVWWTt3X71Bv44I,Unsteady,X Ambassadors,VHS,slow jams,12051,alt-rock,74,0.665,0.389,0.116,0.199,3.23,0
0IqKeD8ZSP72KbGYyzEcAs,Take Me To Church,Hozier,Hozier,Love ,12052,singer-songwriter,83,0.664,0.566,0.116,0.437,4.03,0
6vECYJHxYmm3Ydt3fF01pE,Stolen Dance,Milky Chance,Sadnecessary,Love ,12052,german,80,0.581,0.884,0.0759,0.728,5.23,0
1Evv1979G5y63oK9K2eot9,Niña Bonita,Chino & Nacho,Mi Niña Bonita,Merengue,12053,electro,0,0.924,0.675,0.256,0.643,3.6,0
5SxSAJLJX1f6x8zUNIOe0J,Una Vaina Loca,Fuego,La Musica Del Futuro,Merengue,12053,reggaeton,75,0.676,0.792,0.0654,0.712,2.73,0
4hEl2wrneFEJbJ6SDYWd2f,Not Afraid,Eminem,Recovery,R&B,12054,hip-hop,81,0.954,0.855,0.205,0.668,4.14,1
2d8JP84HNLKhmd6IYOoupQ,Trap Queen,Fetty Wap,Fetty Wap,R&B,12054,j-dance,74,0.873,0.746,0.354,0.817,3.7,0
6sDQ4uiWw9OdVrCXFLSlZt,Rap God,Eminem,The Marshall Mathers LP2,R&B,12054,hip-hop,78,0.843,0.708,0.799,0.625,6.06,1
0rUNZQuYQvOz6A6zwyT6tM,This Is How I Disappear,My Chemical Romance,The Black Parade,Heavy metal ,12055,emo,64,0.983,0.242,0.303,0.301,3.98,0
68osIGtVjM7QWVe6pazLHj,Shadow Moses,Bring Me The Horizon,Sempiternal (Deluxe),Heavy metal ,12055,metal,68,0.985,0.456,0.103,0.183,4.06,0
40i81AcCCxiVEFUWElcjZC,Sarcasm,Get Scared,Best Kind Of Mess,Heavy metal ,12055,metal,69,0.929,0.387,0.314,0.591,3.3,0
2RxqHa7EgbKHEjYav48eXX,In The End,Black Veil Brides,Wretched And Divine: The Story Of The Wild Ones,Heavy metal ,12055,alt-rock,71,0.939,0.442,0.0857,0.27,3.8,0
0WZZENH0kt3O2cBE8q5IRq,War Eternal,Arch Enemy,War Eternal,Heavy metal ,12055,death-metal,60,0.98,0.445,0.129,0.285,4.27,0
5wQnmLuC1W7ATsArWACrgW,Welcome to the Black Parade,My Chemical Romance,The Black Parade,Heavy metal ,12055,emo,79,0.905,0.217,0.222,0.236,5.19,0
2d6m2F4I7wCuAKtSsdhh83,Famous Last Words,My Chemical Romance,The Black Parade,Heavy metal ,12055,emo,73,0.883,0.467,0.125,0.309,4.99,0
18GC3F8YPGB8CePXcTUizQ,Thnks fr th Mmrs,Fall Out Boy,Infinity On High,Heavy metal ,12055,emo,2,0.897,0.458,0.103,0.602,3.39,0
0CqCpm4LLQbHUX5ysizWJS,The Final Episode (Let's Change Channel),Asking Alexandria,Stand Up And Scream,Heavy metal ,12055,metalcore,61,0.957,0.213,0.394,0.157,4.03,0
70fiaCGcCBWCGKXXISgdJf,No Pity for a Coward,Suicide Silence,The Cleansing,Heavy metal ,12055,death-metal,53,0.989,0.292,0.212,0.355,3.2,0
2GTBnTnkvaNhVg7ADGnVzN,Prayer Of The Refugee,Rise Against,The Sufferer & The Witness,Heavy metal ,12055,hardcore,66,0.977,0.198,0.23,0.351,3.32,0
0Fk2NcRQpungRyAx9Y6KTk,A Prophecy,Asking Alexandria,Stand Up And Scream,Heavy metal ,12055,metalcore,58,0.943,0.233,0.359,0.0501,3.56,0
0yvWRtLDXx6QNMZim8u3q2,Grim Sleeper,Butcher Babies,Goliath,Heavy metal ,12055,groove,23,0.978,0.393,0.152,0.0919,4.02,0
4Ku3OOZWR4tpKNCVFXILY8,You Only Live Once,Suicide Silence,The Black Crown,Heavy metal ,12055,death-metal,60,0.953,0.613,0.116,0.213,3.21,0
0wkscODHkDKzOU21rIgHy2,The Death of Love,Cradle Of Filth,Godspeed On The Devil's Thunder,Heavy metal ,12055,black-metal,42,0.959,0.555,0.39,0.396,7.23,0
6WuqJLVZcyJklg7lIozAO8,Nymphetamine Fix,Cradle Of Filth,Nymphetamine Special Edition,Heavy metal ,12055,black-metal,54,0.905,0.462,0.0839,0.253,5.04,0
4pp9Yhne1AavWHck7OzGFD,"Don't Ask, Don't Tell",Chelsea Grin,Evolve,Heavy metal ,12055,death-metal,50,0.983,0.467,0.349,0.0833,5.36,0
1fUacP7XP697l6ry01oO4d,Antivist,Bring Me The Horizon,Sempiternal (Deluxe),Heavy metal ,12055,metalcore,56,0.99,0.494,0.127,0.283,3.23,0
45eGeRq5VjhY6RTN1TOefI,You Will Know My Name,Arch Enemy,War Eternal,Heavy metal ,12055,death-metal,51,0.947,0.35,0.128,0.104,4.62,0
5V3mdRI2yQxbSsJGDPc5lD,Chop Suey!,System Of A Down,Toxicity,Heavy metal ,12055,alternative,83,0.934,0.417,0.132,0.287,3.5,0
5cVEFUObpJ6ekPuhNAOt7B,Reign of Darkness,Thy Art Is Murder,Hate,Heavy metal ,12055,death-metal,57,0.966,0.392,0.239,0.0764,3.59,0
1Dv7c8uSQ3s6oLaikk5zbz,Carrion,Parkway Drive,Horizons,Heavy metal ,12055,metalcore,60,0.969,0.228,0.0982,0.428,3.13,0
08c44mv6lHEfUHlPtVg8Yp,Unanswered,Suicide Silence,The Cleansing,Heavy metal ,12055,death-metal,52,0.993,0.329,0.343,0.376,2.26,0
1PGrlexMIHKwInhS6eH08H,True Friends,Bring Me The Horizon,That's The Spirit,Heavy metal ,12055,metal,66,0.938,0.419,0.114,0.333,3.87,0
6Z8R6UsFuGXGtiIxiD8ISb,Safe And Sound,Capital Cities,In A Tidal Wave Of Mystery,Gym Beats,12056,rock,83,0.819,0.655,0.104,0.766,3.21,0
6r7FXNO57mlZCBY6PXcZZT,Five Hours,Deorro,Five Hours,Gym Beats,12056,progressive-house,61,0.821,0.88,0.234,0.575,5.45,0
0k2GOhqsrxDTAbFFSdNJjT,Temperature,Sean Paul,The Trinity,Gym Beats,12056,dance,79,0.6,0.951,0.0712,0.822,3.64,0
1w29UTa5uUvIri2tWtZ12Y,Hip Hop Hooray,Naughty By Nature,19 Naughty III,Gym Beats,12056,hardcore,67,0.642,0.862,0.272,0.765,4.45,0
3TZwjdclvWt7iPJUnMpgcs,Jump Around,House Of Pain,House of Pain (Fine Malt Lyrics),Gym Beats,12056,hard-rock,65,0.71,0.854,0.166,0.818,3.58,0
5wTMQjEx9LWeFwLjolPCUy,What's My Age Again?,blink-182,Blink 182 (Sound and Vision Q4 2007),Gym Beats,12056,punk-rock,4,0.951,0.391,0.0878,0.468,2.48,0
6uQKuonTU8VKBz5SHZuQXD,This Is How We Do It,Montell Jordan,This Is How We Do It,Gym Beats,12056,j-dance,66,0.702,0.791,0.423,0.789,3.98,0
3QHMxEOAGD51PDlbFPHLyJ,Vivir Mi Vida,Marc Anthony,3,Gym Beats,12056,salsa,76,0.877,0.656,0.349,0.894,4.21,0
5V3mdRI2yQxbSsJGDPc5lD,Chop Suey!,System Of A Down,Toxicity,Gym Beats,12056,alternative,83,0.934,0.417,0.132,0.287,3.5,0
5YScXJKtefsgdskIy60N7A,Tubthumping,Chumbawamba,Tubthumper,Gym Beats,12056,punk,2,0.871,0.608,0.363,0.61,4.65,0
0DIekYoiwwr1kkTUGmQlSL,Strobe - Radio Edit,deadmau5,Strobe,Gym Beats,12056,electronic,53,0.706,0.649,0.163,0.0736,3.53,0
5WObuDOxPHlQaoYUf2W4lh,Flowers In Your Hair,The Lumineers,The Lumineers,May,12057,folk,64,0.609,0.676,0.209,0.557,1.84,0
01MO5Ib9mCG7srUhZl52BA,Going Gets Tough,The Growlers,Chinese Fountain,May,12057,garage,62,0.769,0.501,0.109,0.737,3.48,0
1175r6ZmkUjX8dRJLz9Ohk,I Love You So,The Walters,Songs for Dads,May,12057,indie,89,0.648,0.575,0.115,0.466,2.67,0
5U2m76qAMdr3gXI0g6ptlG,Come & Get It,Selena Gomez,Stars Dance,Wrkout,12058,dance,0,0.783,0.552,0.0954,0.575,3.87,0
4sPmO7WMQUAf45kwMOtONw,Hello,Adele,25,CURRENT,12059,british,74,0.43,0.578,0.0854,0.288,4.92,0
6ZANrVuAMp2rpjhfbOuJly,Same Old Love,Selena Gomez,Revival,CURRENT,12059,dance,71,0.593,0.672,0.214,0.438,3.82,0
2vW5tqS1EFel9yYOQ7WZmE,Ex's & Oh's,Elle King,Love Stuff,CURRENT,12059,blues,73,0.921,0.612,0.0576,0.446,3.37,0
0U0ldCRmgCqhVvD6ksG63j,Nightcall,Kavinsky,Nightcall,jam,12060,alternative,73,0.874,0.532,0.452,0.361,4.31,0
2Cx61IzUXPJyhv3GzGtsZ3,Tiger Striped Sky,Roo Panes,Little Giant,jam,12060,british,62,0.317,0.473,0.11,0.132,4.03,0
0kH34dqX33tTq0ZEyoBFIm,Fever To The Form,Nick Mulvey,First Mind,jam,12060,british,67,0.546,0.358,0.111,0.264,4.22,0
4XYxBgTd33PjJeiXnwVLwL,Amor Fati,Washed Out,Within and Without,jam,12060,synth-pop,42,0.857,0.508,0.0738,0.531,4.43,0
35U4PXL3W3XIkAjEUdhr36,Harvest Moon,Poolside,Pacific Standard Time,jam,12060,disco,64,0.622,0.782,0.58,0.921,6.15,0
1FGvbfMafLBdymgrtGAZYh,Stand By Me,Florence + The Machine,Songs From Final Fantasy XV,jam,12060,alternative,3,0.335,0.598,0.194,0.245,4.1,0
6rQvEE7Jvkdwnn8RroMs15,I Forget Where We Were,Ben Howard,I Forget Where We Were,jam,12060,british,60,0.462,0.305,0.0916,0.181,4.69,0
0ByKWq0hsuYriK5avSMJ5r,Crosses,José González,Veneer,jam,12060,goth,55,0.369,0.666,0.102,0.318,2.72,0
5cq7IxxCTwE1c58ckgELsc,Far From Any Road,The Handsome Family,Singing Bones,jam,12060,country,56,0.556,0.707,0.388,0.746,2.8,0
6yYGrFfc595ggAwsYpH13v,Dove,Cymande,Cymande,jam,12060,afrobeat,48,0.475,0.439,0.0903,0.428,10.92,0
6mORGLOz79w6VsCRLWYYuK,The Night We Met,Lord Huron,Strange Trails,jam,12060,folk,83,0.369,0.544,0.639,0.102,3.47,0
7tTM1237EwhJnBv3eu2tVz,Time Is Dancing,Ben Howard,I Forget Where We Were,jam,12060,british,52,0.534,0.404,0.107,0.182,6.82,0
3yfqSUWxFvZELEM4PmlwIR,The Real Slim Shady,Eminem,The Marshall Mathers LP,pew pew,12061,hip-hop,87,0.661,0.949,0.0454,0.76,4.74,1
0HZhYMZOcUzZKSFwPOti6m,Jar of Hearts,Christina Perri,lovestrong.,pew pew,12061,rock,0,0.348,0.373,0.12,0.0899,4.11,0
20I6sIOMTCkB6w7ryavxtO,Call Me Maybe,Carly Rae Jepsen,Kiss,pew pew,12061,electro,80,0.58,0.783,0.108,0.66,3.22,0
3pfXxHoydFRfD7IBGJTQAN,Pony,Ginuwine,R&B: From Doo-Wop To Hip-Hop,pew pew,12061,soul,73,0.605,0.749,0.115,0.966,4.2,0
3NLrRZoMF0Lx6zTlYqeIo4,Here Without You,3 Doors Down,Away From The Sun,pew pew,12061,alt-rock,0,0.545,0.556,0.124,0.193,3.98,0
3UwT4FadEGWyMdaSwYcUBY,This Town,Niall Horan,Flicker,pew pew,12061,dance,80,0.401,0.677,0.116,0.195,3.88,0
4BHzQ9C00ceJxfG16AlNWb,Send My Love (To Your New Lover),Adele,25,pew pew,12061,british,72,0.533,0.688,0.172,0.567,3.72,0
2w4EpqGasrz9qdTwocx54t,Open Arms,Journey,Escape,pew pew,12061,hard-rock,70,0.21,0.405,0.139,0.174,3.37,0
5UuikgHTxSRFRnC0zXx10i,Aqualung,Jethro Tull,Aqualung,work,12062,blues,63,0.479,0.477,0.0906,0.662,6.59,0
0MYNeFsKpzBHwrJGfWZysV,Locomotive Breath,Jethro Tull,Aqualung,work,12062,psych-rock,60,0.53,0.68,0.0559,0.352,4.48,0
2ctvdKmETyOzPb2GiJJT53,Breathe (In the Air),Pink Floyd,The Dark Side of the Moon,work,12062,psych-rock,71,0.373,0.431,0.143,0.253,2.83,0
5HNCy40Ni5BZJFw1TKzRsC,Comfortably Numb,Pink Floyd,The Wall,work,12062,psych-rock,74,0.366,0.472,0.0837,0.171,6.37,0
5VWC7v2dC2K0SIIjT9WTLN,Welcome to the Machine,Pink Floyd,Wish You Were Here,work,12062,psych-rock,61,0.358,0.381,0.0747,0.036,7.53,0
3E8gEvhLia6w9lQv3hfxzM,Under My Thumb,The Rolling Stones,Aftermath,work,12062,british,65,0.494,0.732,0.0919,0.799,3.69,0
1dv3ePjze9tPq2pk8eWJdR,Gimme Shelter,The Rolling Stones,Let It Bleed,work,12062,british,0,0.63,0.634,0.169,0.489,4.51,0
1jNOi6m3Hn8nLEeHCp5Msr,Seven Nation Army,The White Stripes,Elephant,work,12062,alt-rock,84,0.446,0.743,0.337,0.278,3.86,0
7aBAo2pO8LvrN8mGba7MvA,Icky Thump,The White Stripes,Icky Thump,work,12062,blues,67,0.63,0.417,0.0543,0.341,4.24,0
6MZAfPueIvw0a86iHQOCFw,The Outsider,Lack Of Afro,Press On,work,12062,afrobeat,49,0.838,0.681,0.348,0.456,3.79,0
3GSYWQNnSdovwC2H8HpziA,Almost Lover,A Fine Frenzy,One Cell In The Sea,Pandora,12063,acoustic,57,0.24,0.549,0.106,0.167,4.48,0
2fbXJ0VpxhW7j0qcg1DnoZ,Big Jet Plane,Angus & Julia Stone,Down The Way,Pandora,12063,folk,61,0.387,0.762,0.13,0.274,3.99,0
3gbBpTdY8lnQwqxNCcf795,Pompeii,Bastille,Bad Blood,Pandora,12063,rock,1,0.711,0.68,0.241,0.571,3.57,0
1eyzqe2QqGZUmfcPZtrIyt,Midnight City,M83,"Hurry Up, We're Dreaming",Pandora,12063,french,76,0.729,0.507,0.0658,0.272,4.02,0
3xqF04FdMK7gpIPG3SPFpY,It's Time,Imagine Dragons,Night Visions,Pandora,12063,rock,72,0.884,0.656,0.144,0.86,3.97,0
4BbXg5wQqVNPbVEGpjsVnv,All I Wanted,Paramore,brand new eyes,Pandora,12063,emo,41,0.723,0.494,0.134,0.152,3.76,0
5g7rJvWYVrloJZwKiShqlS,Dirty Paws,Of Monsters and Men,My Head Is An Animal,Pandora,12063,folk,70,0.649,0.359,0.0555,0.133,4.64,0
3GS8qG28p2RF6M7S5rFdx5,Howl,Florence + The Machine,Lungs,Pandora,12063,alternative,1,0.866,0.577,0.164,0.28,3.56,0
0J69x3mqm7U6tBPKsjpsWR,"Dear Maria, Count Me In",All Time Low,"So Wrong, It's Right",Pandora,12063,punk-rock,77,0.895,0.459,0.206,0.572,3.05,0
4wzjNqjKAKDU82e8uMhzmr,Face Down,The Red Jumpsuit Apparatus,Don't You Fake It,Pandora,12063,punk-rock,76,0.932,0.545,0.127,0.464,3.2,0
4IDfVjI1TlB1UwlC01T4Bm,Decode,Paramore,brand new eyes,Pandora,12063,emo,73,0.87,0.28,0.101,0.284,4.37,0
1JdKrFyoU05abww0Zv0ayQ,That's What You Get,Paramore,RIOT!,Pandora,12063,emo,68,0.831,0.528,0.141,0.632,3.67,0
1j8z4TTjJ1YOdoFEDwJTQa,Ain't It Fun,Paramore,Paramore,Pandora,12063,emo,1,0.893,0.606,0.021,0.671,4.94,0
3zKST4nk4QJE77oLjUZ0Ng,Hey Brother,Avicii,True,Pandora,12063,edm,77,0.78,0.545,0.0828,0.458,4.25,0
7oGZAicScQt96OAW4AruYy,Want to Want Me,Jason Derulo,Everything Is 4,Music ,12064,dance,1,0.643,0.772,0.0705,0.669,3.46,0
4fINc8dnfcz7AdhFYVA4i7,It Girl,Jason Derulo,Future History,Music ,12064,dance,0,0.718,0.667,0.104,0.345,3.2,0
4bPQs0PHn4xbipzdPfn6du,I Write Sins Not Tragedies,Panic! At The Disco,A Fever You Can't Sweat Out,Music ,12064,rock,3,0.792,0.565,0.114,0.639,3.13,0
6ihL9TjfRjadfEePzXXyVF,Gives You Hell,The All-American Rejects,When The World Comes Down,Music ,12064,punk-rock,0,0.675,0.725,0.0537,0.595,3.55,0
78WVLOP9pN0G3gRLFy1rAa,Piano Man,Billy Joel,Piano Man,Music ,12064,folk,77,0.55,0.331,0.192,0.429,5.6,0
39cFQHfY6tsdMRmSbFse3X,The Downeaster 'Alexa',Billy Joel,Storm Front,Music ,12064,piano,57,0.808,0.457,0.127,0.681,3.72,0
3XVBdLihbNbxUwZosxcGuJ,If I Ain't Got You,Alicia Keys,The Diary Of Alicia Keys,Music ,12064,soul,80,0.444,0.609,0.104,0.166,3.81,0
5uCax9HTNlzGybIStD3vDh,Say You Won't Let Go,James Arthur,Back from the Edge,Music ,12064,pop,85,0.557,0.358,0.0902,0.494,3.52,0
34Jeq8ktRzyOW1uw40InVy,Uma Thurman,Fall Out Boy,American Beauty/American Psycho,Music ,12064,emo,2,0.961,0.623,0.264,0.668,3.53,0
1AhDOtG9vPSOmsWgNW0BEY,Bohemian Rhapsody - Remastered 2011,Queen,A Night At The Opera,Music ,12064,rock,82,0.404,0.414,0.3,0.224,5.91,0
5qqabIl2vWzo9ApSC317sa,Wonderwall - Remastered,Oasis,(What's The Story) Morning Glory? [Remastered],Music ,12064,rock,78,0.896,0.378,0.194,0.469,4.31,0
3oHNJECGN3bBoGXejlw2b1,Last Friday Night (T.G.I.F.),Katy Perry,Teenage Dream,Music ,12064,dance,0,0.817,0.65,0.658,0.728,3.84,0
5wQnmLuC1W7ATsArWACrgW,Welcome to the Black Parade,My Chemical Romance,The Black Parade,Music ,12064,emo,79,0.905,0.217,0.222,0.236,5.19,0
1ddRHVAcRvkQ83lP0tExfu,Reminder,Moderat,III,SleeplesS,12065,minimal-techno,50,0.469,0.6,0.0919,0.117,3.9,0
7KXjTSCq5nL1LoYtL7XAwS,HUMBLE.,Kendrick Lamar,DAMN.,summer 2017,12066,hip-hop,84,0.621,0.908,0.0958,0.421,2.95,1
142vj1HAI7VBAsn7OPmSHc,Crazy For You,Adele,19,summer 2017,12066,british,52,0.139,0.707,0.105,0.323,3.47,0
1Co1RNm1i1RL9v1VeShNO3,Dancing On My Own,Robyn,Body Talk Pt. 1,summer 2017,12066,swedish,64,0.857,0.674,0.0942,0.278,4.81,0
2ZWlPOoWh0626oTaHrnl2a,Ivy,Frank Ocean,Blonde,summer 2017,12066,soul,81,0.386,0.575,0.229,0.466,4.15,1
0RUXHlYhA057fCOe2vqIqu,Ships In The Night,Mat Kearney,Young Love,h a p p y,12067,acoustic,44,0.885,0.448,0.0476,0.134,4.26,0
5EQ9yEra0SzVd673ZfKT4C,Brand New,Ben Rector,Brand New,h a p p y,12067,acoustic,65,0.934,0.555,0.122,0.422,4.07,0
5C2Vas6jEIarFNVhNHuTGB,I Like You,Ben Rector,The Walking in Between,h a p p y,12067,acoustic,56,0.334,0.624,0.113,0.397,2.31,0
5Jq4WWh3EKkxRfwAHiAMcS,Forever Like That,Ben Rector,The Walking in Between,h a p p y,12067,acoustic,52,0.304,0.592,0.107,0.307,4.23,0
6R6ux6KaKrhAg2EIB2krdU,Without You,Parachute,Wide Awake,h a p p y,12067,acoustic,61,0.864,0.564,0.182,0.534,3.82,0
1eyzqe2QqGZUmfcPZtrIyt,Midnight City,M83,"Hurry Up, We're Dreaming",h a p p y,12067,french,76,0.729,0.507,0.0658,0.272,4.02,0
5QldjuXcxplhjjUqLrzl6H,Kids,MGMT,Oracular Spectacular/Congratulations,h a p p y,12067,alt-rock,78,0.931,0.451,0.361,0.172,5.05,0
2ihCaVdNZmnHZWt0fvAM7B,Little Talks,Of Monsters and Men,My Head Is An Animal,h a p p y,12067,folk,0,0.76,0.446,0.319,0.346,4.44,0
2tznHmp70DxMyr2XhWLOW0,Cigarette Daydreams,Cage The Elephant,Melophobia,h a p p y,12067,blues,79,0.676,0.636,0.0831,0.273,3.48,0
7BHPGtpuuWWsvE7cCaMuEU,Naive,The Kooks,Inside In / Inside Out,h a p p y,12067,indie,1,0.818,0.564,0.0402,0.712,3.39,0
2Kgjd9G808FhUDRhS2gidG,Cecilia And The Satellite,Andrew McMahon in the Wilderness,Andrew McMahon In The Wilderness,h a p p y,12067,piano,61,0.844,0.381,0.318,0.239,3.73,0
364LQF45mhXqrCxJfUHUha,"30,000 Feet",Ben Rector,Brand New,h a p p y,12067,acoustic,57,0.452,0.555,0.0595,0.321,4.28,0
4Bo6FwC7Oe9zywSZc6q7hO,Love Someone,Jason Mraz,YES!,h a p p y,12067,acoustic,59,0.347,0.582,0.111,0.0797,4.28,0
6MDTpYxPFL0wtFd0pjfKws,Rhythm Of Love,Plain White T's,Wonders Of The Younger,h a p p y,12067,punk-rock,53,0.549,0.531,0.118,0.681,3.34,0
53QF56cjZA9RTuuMZDrSA6,I Won't Give Up,Jason Mraz,Love Is A Four Letter Word,h a p p y,12067,acoustic,69,0.303,0.483,0.115,0.139,4.0,0
6mghCOaaSvrke0z1EUVUIf,"Hey, Soul Sister",Train,"Save Me, San Francisco (Golden Gate Edition)",h a p p y,12067,rock,82,0.886,0.673,0.0826,0.795,3.61,0
4MflGTO2ZTcSQ12bWcyRgI,"Honey, I'm Good.",Andy Grammer,Magazines Or Novels,h a p p y,12067,rock,48,0.802,0.754,0.335,0.583,3.32,0
2iUmqdfGZcHIhS3b9E9EWq,Everybody Talks,Neon Trees,Picture Show,h a p p y,12067,alt-rock,80,0.924,0.471,0.313,0.725,2.95,0
2IPpyxIgVLoDmYGIffJrol,Marchin On,OneRepublic,Waking Up,h a p p y,12067,piano,53,0.807,0.508,0.136,0.306,4.19,0
1SKPmfSYaPsETbRHaiA18G,Somewhere Only We Know,Keane,Hopes And Fears,h a p p y,12067,piano,85,0.665,0.448,0.0828,0.304,3.95,0
3xqF04FdMK7gpIPG3SPFpY,It's Time,Imagine Dragons,Night Visions,h a p p y,12067,rock,72,0.884,0.656,0.144,0.86,3.97,0
5pD1qwHvnKFcQ2qjwsoKYF,Day Drinking,Little Big Town,Pain Killer,h a p p y,12067,country,0,0.959,0.591,0.779,0.86,2.98,0
5gbxzSqABThINGDb7vIiwe,Edge of Desire,John Mayer,Battle Studies,pop,12068,singer-songwriter,61,0.441,0.606,0.116,0.455,5.53,0
4gs07VlJST4bdxGbBsXVue,Heartbreak Warfare,John Mayer,Battle Studies,pop,12068,singer-songwriter,65,0.554,0.624,0.299,0.311,4.5,0
0uybt73QFXaLCoxuVf6fhm,It's Not My Time,3 Doors Down,3 Doors Down,pop,12068,grunge,59,0.934,0.529,0.118,0.282,4.03,0
53QF56cjZA9RTuuMZDrSA6,I Won't Give Up,Jason Mraz,Love Is A Four Letter Word,pop,12068,acoustic,69,0.303,0.483,0.115,0.139,4.0,0
3RlsVPIIs5KFhLFhxZ4iDF,Rockstar,Nickelback,All The Right Reasons,pop,12068,alt-rock,70,0.91,0.616,0.343,0.693,4.2,0
1urvke4VZGwRmP2PVlqFCy,If Today Was Your Last Day,Nickelback,Dark Horse,pop,12068,grunge,68,0.911,0.485,0.092,0.568,4.13,0
5dieWQl8mCZUtYOSsPQwQe,Crawling Back To You,Daughtry,Break The Spell,pop,12068,grunge,50,0.908,0.426,0.167,0.16,3.76,0
28IEbk5a7twNTbUEvWslUb,Paralyzer,Finger Eleven,Them Vs. You Vs. Me,pop,12068,grunge,75,0.939,0.644,0.233,0.861,3.47,0
0COqiPhxzoWICwFCS4eZcp,Bring Me To Life,Evanescence,Fallen,pop,12068,alternative,0,0.943,0.318,0.242,0.298,3.93,0
7jYo1uYSMzQS0nlN6bRAKM,Put Your Head on My Shoulder,Paul Anka,21 Golden Hits,slow love ,12069,r-n-b,64,0.433,0.549,0.0774,0.486,2.58,0
4Hf7WnR761jpxPr5D46Bcd,Treat You Better,Shawn Mendes,Illuminate,Live!,12070,dance,84,0.819,0.444,0.107,0.747,3.13,0
27SdWb2rFzO6GWiYDBTD9j,Cheap Thrills,Sia,This Is Acting,Live!,12070,dance,78,0.698,0.628,0.0907,0.732,3.53,0
6YUTL4dYpB9xZO5qExPf05,Summer,Calvin Harris,Motion,Live!,12070,electro,82,0.856,0.596,0.141,0.743,3.71,0
7cgu4JBW3hq1GwTM1ilkKQ,Talking Body,Tove Lo,Queen Of The Clouds,Live!,12070,electro,67,0.761,0.736,0.0823,0.114,3.97,1
0PDUDa38GO8lMxLCRc4lL1,PILLOWTALK,ZAYN,Mind Of Mine (Deluxe Edition),Live!,12070,dance,78,0.7,0.584,0.0939,0.438,3.38,1
7KXjTSCq5nL1LoYtL7XAwS,HUMBLE.,Kendrick Lamar,DAMN.,Live!,12070,hip-hop,84,0.621,0.908,0.0958,0.421,2.95,1
7j56HrjR9cGzvekvZY3Faz,HandClap,Fitz and The Tantrums,Fitz and The Tantrums,recent:)),12071,alt-rock,0,0.836,0.634,0.0828,0.715,3.22,0
7KXjTSCq5nL1LoYtL7XAwS,HUMBLE.,Kendrick Lamar,DAMN.,recent:)),12071,hip-hop,84,0.621,0.908,0.0958,0.421,2.95,1
51PIvodunv6NmX5250zxAh,The Cure,Lady Gaga,The Cure,recent:)),12071,dance,0,0.506,0.696,0.0893,0.516,3.52,0
79cuOz3SPQTuFrp8WgftAu,There's Nothing Holdin' Me Back,Shawn Mendes,Illuminate,recent:)),12071,dance,86,0.813,0.866,0.0779,0.969,3.32,0
7i2DJ88J7jQ8K7zqFX2fW8,Now Or Never,Halsey,hopeless fountain kingdom,recent:)),12071,indie-pop,67,0.585,0.67,0.131,0.447,3.58,0
4iLqG9SeJSnt0cSPICSjxv,Attention,Charlie Puth,Attention,recent:)),12071,dance,83,0.613,0.775,0.134,0.797,3.52,0
6sDQ4uiWw9OdVrCXFLSlZt,Rap God,Eminem,The Marshall Mathers LP2,My Songs,12072,hip-hop,78,0.843,0.708,0.799,0.625,6.06,1
1fQaoh3imrMunWVZh5kf90,Shepherd of Fire,Avenged Sevenfold,Hail to the King,My Songs,12072,metal,70,0.906,0.576,0.0908,0.211,5.4,0
6OZPl7bOm8EOshsVmWH5W8,Immortals,Fall Out Boy,American Beauty/American Psycho,My Songs,12072,emo,65,0.856,0.703,0.38,0.722,3.16,0
3gbBpTdY8lnQwqxNCcf795,Pompeii,Bastille,Bad Blood,My Songs,12072,rock,1,0.711,0.68,0.241,0.571,3.57,0
0IqKeD8ZSP72KbGYyzEcAs,Take Me To Church,Hozier,Hozier,My Songs,12072,singer-songwriter,83,0.664,0.566,0.116,0.437,4.03,0
2d8JP84HNLKhmd6IYOoupQ,Trap Queen,Fetty Wap,Fetty Wap,My Songs,12072,j-dance,74,0.873,0.746,0.354,0.817,3.7,0
62vpWI1CHwFy7tMIcSStl8,No Role Modelz,J. Cole,2014 Forest Hills Drive,My Songs,12072,hip-hop,88,0.521,0.69,0.0534,0.494,4.88,0
0QnGI4OgY8ReggLWvEXdgD,Street Dreams,Nas,It Was Written,My Songs,12072,hardcore,60,0.611,0.752,0.778,0.746,4.67,0
1AHfovSnGPVYKaahRtA0U6,The Message,Nas,It Was Written,My Songs,12072,hardcore,65,0.543,0.614,0.383,0.485,3.9,0
1B5BfvGVQ5fPtDN2K8tUdy,Memory Lane (Sittin' in da Park),Nas,Illmatic XX,My Songs,12072,hardcore,59,0.841,0.648,0.136,0.624,4.14,0
5zwz05jkQVT68CjUpPwFZe,N.Y. State of Mind,Nas,Illmatic XX,My Songs,12072,hardcore,72,0.91,0.665,0.227,0.887,4.9,0
7DfFc7a6Rwfi3YQMRbDMau,Thinkin Bout You,Frank Ocean,channel ORANGE,My Songs,12072,soul,78,0.339,0.721,0.0973,0.2,3.35,0
1ACZpHI5vZ5Ea4xGlkdGWM,Crazy Rap (Colt 45 & 2 Zig Zags),Afroman,The Good Times,My Songs,12072,comedy,74,0.367,0.927,0.132,0.576,5.48,0
5ByAIlEEnxYdvpnezg7HTX,Juicy,The Notorious B.I.G.,Ready To Die The Remaster,My Songs,12072,hardcore,62,0.767,0.887,0.0527,0.607,5.04,1
4tXA1TUmKvz7CbUT9LUHDx,X Gon' Give It To Ya,DMX,The Definition Of X: Pick Of The Litter,My Songs,12072,hardcore,74,0.899,0.761,0.0719,0.673,3.63,1
4MxZW1XEcPuIZmkANsJabC,Party Up,DMX,...And Then There Was X,My Songs,12072,hardcore,72,0.931,0.51,0.5,0.53,4.48,1
6RUpJeXT6U4SPEafnr9Wr7,Where The Hood At,DMX,Grand Champ,My Songs,12072,hardcore,71,0.948,0.537,0.356,0.792,4.77,1
1DndHckdH9m5rp6gYP086b,Runaround Sue,Dion,Runaround Sue,Old Music,12073,rock-n-roll,67,0.607,0.364,0.251,0.598,2.86,0
3zByVQLvdXUaDTubfWkpCk,Sweet Caroline,Neil Diamond,Sweet Caroline,Old Music,12073,folk,78,0.127,0.529,0.237,0.578,3.39,0
3yrSvpt2l1xhsV9Em88Pul,Brown Eyed Girl,Van Morrison,Blowin' Your Mind!,Old Music,12073,folk,80,0.583,0.491,0.406,0.908,3.06,0
2IgLwduDgZ1sQ7JY4oMvq1,The Joker,Steve Miller Band,Live From Chicago,Old Music,12073,blues,0,0.448,0.596,0.207,0.796,4.49,0
71SvEDmsOwIWw1IozsZoMA,Any Way You Want It,Journey,Departure,Old Music,12073,hard-rock,73,0.932,0.529,0.136,0.571,3.36,0
4bHsxqR3GMrXTxEPLuK5ue,Don't Stop Believin',Journey,Escape,Old Music,12073,hard-rock,83,0.748,0.5,0.447,0.514,4.18,0
7o2CTH4ctstm8TNelqjb51,Sweet Child O' Mine,Guns N' Roses,Appetite For Destruction,Old Music,12073,hard-rock,84,0.91,0.454,0.116,0.629,5.93,0
6N1EjQjnvhOjFrF6oUmGPa,Summer Of '69,Bryan Adams,Reckless,Old Music,12073,rock,82,0.834,0.508,0.0732,0.774,3.62,0
567EwOGPAXg7Y9DQZTEFEE,Here I Go Again,Whitesnake,Saint's and Sinners [Remastered],Old Music,12073,british,58,0.877,0.484,0.14,0.687,5.14,0
3KYiA4vq6RPO1dE2XROXd8,You Give Love A Bad Name,Bon Jovi,Slippery When Wet,Old Music,12073,metal,1,0.964,0.532,0.359,0.804,3.71,0
6L7CjMm9gJNn8Ze62bRk3g,Sugar Sugar,The Archies,Absolutely the Best of the Archies,Old Music,12073,r-n-b,69,0.725,0.757,0.108,0.965,2.79,0
75GQIYnRaBg7ndHxhfYuQy,Go All The Way,Raspberries,Raspberries,Old Music,12073,j-rock,62,0.849,0.305,0.0995,0.555,3.42,0
2hE5Lm5XOHR4t3xlhIFauP,Fooled Around And Fell In Love,Elvin Bishop,Struttin' My Stuff,Old Music,12073,blues,57,0.585,0.634,0.0953,0.61,4.6,0
6cuKJ1bFFy4OjfkCI9YBqc,I'm Not In Love,10cc,The Original Soundtrack,Old Music,12073,blues,71,0.523,0.404,0.282,0.164,6.11,0
3b0EOvScbZUc0qJx0E1L2z,I Want You Back,The Jackson 5,Diana Ross Presents The Jackson 5,Old Music,12073,soul,77,0.538,0.469,0.37,0.886,2.94,0
7cdnq45E9aP2XDStHg5vd7,Cherry Bomb,The Runaways,The Runaways,Old Music,12073,punk,0,0.855,0.495,0.141,0.496,2.31,0
3Cx4yrFaX8CeHwBMReOWXI,We Didn't Start the Fire,Billy Joel,Storm Front,Old Music,12073,piano,76,0.967,0.712,0.356,0.895,4.8,0
6908BaPYEQTc9KMAQACod6,It's a Heartache,Bonnie Tyler,Wings,Old Music,12073,disco,27,0.672,0.53,0.0891,0.519,3.31,0
3UGpUUtC5r93zMDZXcgwIQ,"If You Want To Sing Out, Sing Out",Yusuf / Cat Stevens,On The Road To Find Out,Old Music,12073,british,61,0.284,0.687,0.158,0.851,2.79,0
5J1c3M4EldCfNxXwrwt8mT,Traicionera,Sebastian Yatra,Traicionera,Latin mix,12074,reggae,4,0.675,0.779,0.105,0.63,3.81,0
5N8nNuTmIzkZOfcxXlygUw,Ginza,J Balvin,Energía,Latin mix,12074,latin,0,0.815,0.749,0.0838,0.866,2.85,0
58IL315gMSTD37DOZPJ2hf,Shaky Shaky,Daddy Yankee,Shaky Shaky,Latin mix,12074,hip-hop,0,0.626,0.899,0.0631,0.873,3.91,0
0qYTZCo5Bwh1nsUFGZP3zn,Felices los 4,Maluma,Felices los 4,Latin mix,12074,latino,74,0.756,0.766,0.349,0.716,3.83,0
6qDF4wWL49CAVbgT7yuHl8,Sigo Extrañándote,J Balvin,Energía,Latin mix,12074,latin,0,0.859,0.896,0.212,0.938,3.35,0
0VgkVdmE4gld66l8iyGjgx,Mask Off,Future,FUTURE,Rap,12075,hip-hop,83,0.434,0.833,0.165,0.281,3.41,0
6uQKuonTU8VKBz5SHZuQXD,This Is How We Do It,Montell Jordan,This Is How We Do It,Oldies,12076,j-dance,66,0.702,0.791,0.423,0.789,3.98,0
2iXBZ32Fz5VDCLeE0JIdX5,Better in Time,Leona Lewis,Spirit,Oldies,12076,british,67,0.7,0.584,0.13,0.549,3.9,0
2KPy08TSAmvUywTpOm5dRk,R U Ready,Tuxedo,Tuxedo,chill,12077,synth-pop,28,0.821,0.768,0.374,0.667,3.69,0
51XZD1FCrWyU3dDWJH4nzb,Shuggie,Foxygen,We Are the 21st Century Ambassadors of Peace & Magic,chill,12077,garage,57,0.645,0.467,0.144,0.71,3.36,0
4i13Vno2UPtn6kp2Ge9N2J,New Theory,Washed Out,Life Of Leisure,chill,12077,synth-pop,53,0.865,0.549,0.147,0.355,2.81,0
5zT5cMnMKoyruPj13TQXGx,I Found,Amber Run,5AM (Deluxe),chill,12077,folk,74,0.303,0.567,0.104,0.252,4.55,0
4SRqDmPxYX0pUb5B5ut2Ri,So Sick,Ne-Yo,In My Own Words,throw??,12078,dance,3,0.682,0.679,0.287,0.59,3.45,0
3zHq9ouUJQFQRf3cm1rRLu,"Love Me Like You Do - From ""Fifty Shades Of Grey""",Ellie Goulding,Delirium,tennis,12079,dance,79,0.606,0.262,0.125,0.275,4.21,0
2bRXehD283NioREYxlohc4,Lights - Single Version,Ellie Goulding,Bright Lights,tennis,12079,dance,0,0.802,0.681,0.127,0.791,3.51,0
4eLSCSELtKxZwXnFbNLXT5,On Top Of The World,Imagine Dragons,Night Visions,tennis,12079,rock,0,0.925,0.588,0.0881,0.759,3.16,0
5edBgVtRD0fvWk140Sl21T,Counting Stars,OneRepublic,Native,tennis,12079,piano,83,0.705,0.664,0.118,0.477,4.29,0
6mghCOaaSvrke0z1EUVUIf,"Hey, Soul Sister",Train,"Save Me, San Francisco (Golden Gate Edition)",tennis,12079,rock,82,0.886,0.673,0.0826,0.795,3.61,0
6g1NlCpW7fgqDnWbCCDrHl,Wake Me Up - Radio Edit,Avicii,True,tennis,12079,dance,1,0.807,0.524,0.212,0.62,4.12,0
3gbBpTdY8lnQwqxNCcf795,Pompeii,Bastille,Bad Blood,tennis,12079,rock,1,0.711,0.68,0.241,0.571,3.57,0
34Jeq8ktRzyOW1uw40InVy,Uma Thurman,Fall Out Boy,American Beauty/American Psycho,tennis,12079,emo,2,0.961,0.623,0.264,0.668,3.53,0
7GJClzimvMSghjcrKxuf1M,Budapest,George Ezra,Wanted On Voyage,tennis,12079,folk,79,0.455,0.717,0.11,0.389,3.35,0
5lXcSvHRVjQJ3LB2rLKQog,Superstition - Single Version,Stevie Wonder,Song Review: A Greatest Hits Collection,tennis,12079,funk,0,0.745,0.637,0.0372,0.859,3.99,0
1j8z4TTjJ1YOdoFEDwJTQa,Ain't It Fun,Paramore,Paramore,tennis,12079,emo,1,0.893,0.606,0.021,0.671,4.94,0
6Wytqpe4mfmyeT8s1xbczG,Something In The Way You Move,Ellie Goulding,Delirium,tennis,12079,dance,0,0.804,0.66,0.129,0.359,3.79,0
2kWowW0k4oFymhkr7LmvzO,Come with Me Now,KONGOS,Lunatic,tennis,12079,blues,67,0.726,0.654,0.0618,0.728,3.53,0
4MflGTO2ZTcSQ12bWcyRgI,"Honey, I'm Good.",Andy Grammer,Magazines Or Novels,tennis,12079,rock,48,0.802,0.754,0.335,0.583,3.32,0
6Z8R6UsFuGXGtiIxiD8ISb,Safe And Sound,Capital Cities,In A Tidal Wave Of Mystery,tennis,12079,rock,83,0.819,0.655,0.104,0.766,3.21,0
1JcGNoiwifg0MdJMVgJQYx,Get Free,The Vines,Highly Evolved,tennis,12079,garage,65,0.978,0.502,0.287,0.603,2.11,0
5FZxsHWIvUsmSK1IAvm2pp,Best of You,Foo Fighters,In Your Honor,tennis,12079,alt-rock,76,0.94,0.366,0.188,0.369,4.26,0
2vW5tqS1EFel9yYOQ7WZmE,Ex's & Oh's,Elle King,Love Stuff,tennis,12079,blues,73,0.921,0.612,0.0576,0.446,3.37,0
4BHzQ9C00ceJxfG16AlNWb,Send My Love (To Your New Lover),Adele,25,Summer16,12080,british,72,0.533,0.688,0.172,0.567,3.72,0
4gvea7UlDkAvsJBPZAd4oB,The Boys Of Summer,Don Henley,Building The Perfect Beast,Summer16,12080,country,1,0.775,0.516,0.21,0.858,4.81,0
2s76aKBWKShlwPC4xTtEEE,Wake Up Where You Are,State of Sound,Wake Up Where You Are,2017,12081,deep-house,48,0.674,0.706,0.0784,0.545,3.46,0
7qiZfU4dY1lWllzX7mPBI3,Shape of You,Ed Sheeran,÷,2017,12081,pop,86,0.652,0.825,0.0931,0.931,3.9,0
3AEZUABDXNtecAOSC1qTfo,Reggaetón Lento (Bailemos),CNCO,Primera Cita,2017,12081,reggae,73,0.838,0.761,0.176,0.71,3.71,0
5Ce9z7GqSknXccyppRxNLY,Thief,Ookay,Thief,2017,12081,dub,57,0.797,0.57,0.11,0.212,4.0,0
5v7kaZNsnyByrSJOfO8gKq,Skrt,Kodak Black,Skrt,2017,12081,hip-hop,0,0.352,0.901,0.122,0.199,3.75,0
72jbDTw1piOOj770jWNeaG,Paris,The Chainsmokers,Memories...Do Not Open,2017,12081,dance,74,0.658,0.653,0.0939,0.219,3.69,0
7BHPGtpuuWWsvE7cCaMuEU,Naive,The Kooks,Inside In / Inside Out,2017,12081,indie,1,0.818,0.564,0.0402,0.712,3.39,0
0KKkJNfGyhkQ5aFogxQAPU,That's What I Like,Bruno Mars,24K Magic,2017,12081,dance,83,0.56,0.853,0.0944,0.86,3.44,0
0VgkVdmE4gld66l8iyGjgx,Mask Off,Future,FUTURE,2017,12081,hip-hop,83,0.434,0.833,0.165,0.281,3.41,0
1mSzZKMIPZIkn3jFV7v62b,Gyal You A Party Animal,Charly Black,Gyal You A Party Animal,2017,12081,dancehall,66,0.841,0.588,0.33,0.871,3.58,0
7mldq42yDuxiUNn08nvzHO,Body Like A Back Road,Sam Hunt,Body Like A Back Road,2017,12081,country,0,0.458,0.732,0.136,0.661,2.76,0
7KXjTSCq5nL1LoYtL7XAwS,HUMBLE.,Kendrick Lamar,DAMN.,2017,12081,hip-hop,84,0.621,0.908,0.0958,0.421,2.95,1
5J1c3M4EldCfNxXwrwt8mT,Traicionera,Sebastian Yatra,Traicionera,2017,12081,reggae,4,0.675,0.779,0.105,0.63,3.81,0
6De0lHrwBfPfrhorm9q1Xl,Me Rehúso,Danny Ocean,Me Rehúso,2017,12081,latino,80,0.804,0.744,0.0494,0.426,3.43,0
6qDF4wWL49CAVbgT7yuHl8,Sigo Extrañándote,J Balvin,Energía,2017,12081,latin,0,0.859,0.896,0.212,0.938,3.35,0
7i2DJ88J7jQ8K7zqFX2fW8,Now Or Never,Halsey,hopeless fountain kingdom,2017,12081,indie-pop,67,0.585,0.67,0.131,0.447,3.58,0
4iLqG9SeJSnt0cSPICSjxv,Attention,Charlie Puth,Attention,2017,12081,dance,83,0.613,0.775,0.134,0.797,3.52,0
5u0YB9bpmgEPS2bPhwfRFV,arms,Christina Perri,lovestrong.,2017,12081,rock,0,0.755,0.463,0.103,0.252,4.35,0
0qYTZCo5Bwh1nsUFGZP3zn,Felices los 4,Maluma,Felices los 4,2017,12081,latino,74,0.756,0.766,0.349,0.716,3.83,0
2ekn2ttSfGqwhhate0LSR0,New Rules,Dua Lipa,Dua Lipa,2017,12081,dance,81,0.7,0.762,0.153,0.608,3.48,0
0IqKeD8ZSP72KbGYyzEcAs,Take Me To Church,Hozier,Hozier,2017,12081,singer-songwriter,83,0.664,0.566,0.116,0.437,4.03,0
3mcG2NI5G5vhrQtRda1YnA,The Middle,Jimmy Eat World,Bleed American,Smile,12082,alt-rock,0,0.848,0.644,0.0676,0.928,2.8,0
4QEFQlNFerDnWvNU8NASiV,Dragula,Rob Zombie,Hellbilly Deluxe,Work,12083,alt-rock,1,0.978,0.579,0.0955,0.558,3.71,0
10V8XpuyMoEcSMfM79WDET,Living Dead Girl,Rob Zombie,Hellbilly Deluxe,Work,12083,alt-rock,2,0.948,0.518,0.228,0.548,3.36,0
2lJvciTEU834w2Yl7VVueJ,Superbeast,Rob Zombie,Hellbilly Deluxe,Work,12083,alt-rock,0,0.975,0.514,0.457,0.309,3.67,0
3ssX20QT5c3nA9wk78V1LQ,Ambitionz Az A Ridah,2Pac,All Eyez On Me,Work,12083,funk,79,0.91,0.801,0.0737,0.805,4.64,0
6r7FXNO57mlZCBY6PXcZZT,Five Hours,Deorro,Five Hours,Work,12083,progressive-house,61,0.821,0.88,0.234,0.575,5.45,0
4MloswMM3eu7dHZ7MOzW3i,Do You Know? (The Ping Pong Song),Enrique Iglesias,Insomniac,Work,12083,latin,55,0.765,0.755,0.0326,0.691,3.63,0
3kYLXiKj14M0YkX32YqqWs,Looking Too Closely,Fink,Hard Believer,Zen,12085,folk,62,0.519,0.477,0.0949,0.102,5.18,0
3weNRklVDqb4Rr5MhKBR3D,Nuvole Bianche,Ludovico Einaudi,Una Mattina,Zen,12085,ambient,73,0.0582,0.191,0.0941,0.0454,5.96,0
4llDF3RuBQYj2nkjTCJY4w,Quiet,This Will Destroy You,Young Mountain,Zen,12085,ambient,44,0.463,0.482,0.36,0.0427,4.89,0
4GjD33yTih7RqvGkH9C9wO,From Gold,Novo Amor,From Gold,Zen,12085,ambient,62,0.433,0.392,0.0937,0.0432,3.57,0
1euszbbvkUzQzIhZUWFmXG,My Name Is Human,Highly Suspect,The Boy Who Died Wolf,May 2017,12086,grunge,64,0.698,0.515,0.0827,0.194,4.31,0
2Z2vOukzwOgqR4dkymRSWd,Santeria,Sublime,Sublime,May 2017,12086,punk,1,0.751,0.665,0.121,0.58,3.04,0
5hYTyyh2odQKphUbMqc5gN,"How Far I'll Go - From ""Moana""",Alessia Cara,How Far I'll Go,Disney songs ,12087,electro,66,0.544,0.309,0.0727,0.16,2.93,0
6RrXd9Hph4hYR4bf3dbM6H,My Girl,The Temptations,The Temptations Sing Smokey,<3,12088,funk,79,0.418,0.572,0.0961,0.694,2.75,0
5VWmMZCfJ4yVkJw9ZLFXej,"1, 2, 3, 4",Plain White T's,Big Bad World,<3,12088,punk-rock,41,0.548,0.458,0.106,0.55,3.31,0
4kbj5MwxO1bq9wjT5g9HaA,Shut Up and Dance,WALK THE MOON,TALKING IS HARD,<3,12088,alt-rock,83,0.866,0.578,0.257,0.619,3.32,0
0tKjVEJlX3IZ5L1rEJc5hh,When I See You Smile,Bad English,Bad English,<3,12088,hard-rock,65,0.609,0.495,0.187,0.33,4.29,0
7bvmwKRBXS8oxoFKsCsjYn,Get Down On It,Kool & The Gang,Something Special,Old School Jams ,12090,disco,64,0.389,0.847,0.0471,0.968,4.89,0
27SdWb2rFzO6GWiYDBTD9j,Cheap Thrills,Sia,This Is Acting,bring it on,12092,dance,78,0.698,0.628,0.0907,0.732,3.53,0
64I0PKLFEKlcvc7fEVUGq0,White Tiger - Single Version,Izzy Bizu,White Tiger,bring it on,12092,british,60,0.582,0.772,0.108,0.319,3.0,0
7BHPGtpuuWWsvE7cCaMuEU,Naive,The Kooks,Inside In / Inside Out,west coast,12093,indie,1,0.818,0.564,0.0402,0.712,3.39,0
7DY5yIKNVCXulQOQOXo3Kh,Leave This Place,LIONE,Leave This Place,west coast,12093,dub,42,0.773,0.363,0.0943,0.34,4.85,0
5b9iBVhfYxDF4JJcHrNIx5,Gooey,Glass Animals,ZABA,west coast,12093,indie-pop,71,0.369,0.487,0.0925,0.106,4.82,1
0lsbbaa7nj7LtUXVdk0BQe,Just You and I,Tom Walker,Just You and I,west coast,12093,folk,62,0.696,0.567,0.113,0.544,3.28,0
7qiZfU4dY1lWllzX7mPBI3,Shape of You,Ed Sheeran,÷,west coast,12093,pop,86,0.652,0.825,0.0931,0.931,3.9,0
2BcvvHttiZRvguFM4hR398,Sunshine Of Your Love,Cream,Disraeli Gears,Decades ,12094,blues,0,0.522,0.683,0.121,0.764,4.16,0
6L7CjMm9gJNn8Ze62bRk3g,Sugar Sugar,The Archies,Absolutely the Best of the Archies,Decades ,12094,r-n-b,69,0.725,0.757,0.108,0.965,2.79,0
24NwBd5vZ2CK8VOQVnqdxr,Sweet Emotion,Aerosmith,Toys In The Attic,Decades ,12094,hard-rock,74,0.76,0.38,0.104,0.491,4.57,0
7oOOI85fVQvVnK5ynNMdW7,Rock with You - Single Version,Michael Jackson,Off the Wall,Decades ,12094,soul,75,0.535,0.808,0.158,0.848,3.68,0
4y1LsJpmMti1PfRQV9AWWe,Girls Just Want to Have Fun,Cyndi Lauper,She's So Unusual,Decades ,12094,disco,79,0.799,0.71,0.349,0.725,3.97,0
4aWn4NHlELpOehxsBaQeoe,Don't You (Forget About Me),Simple Minds,Once Upon A Time,Decades ,12094,synth-pop,2,0.858,0.638,0.333,0.743,4.38,0
4sscDOZCkbLSlDqcCgUJnX,Whip It,DEVO,Freedom Of Choice,Decades ,12094,synth-pop,65,0.869,0.78,0.0621,0.957,2.69,0
7o7E1nrHWncYY7PY94gCiX,Video Killed The Radio Star,The Buggles,The Age Of Plastic,Decades ,12094,synth-pop,72,0.678,0.68,0.204,0.251,4.23,0
4bHsxqR3GMrXTxEPLuK5ue,Don't Stop Believin',Journey,Escape,Decades ,12094,hard-rock,83,0.748,0.5,0.447,0.514,4.18,0
5wiu4PUC6CLNNbC48vqGOb,Celebration,Kool & The Gang,Celebrate!,Decades ,12094,disco,1,0.782,0.857,0.0495,0.899,4.98,0
2dCmGcEOQrMQhMMS8Vj7Ca,Super Freak,Rick James,Street Songs,Decades ,12094,disco,3,0.796,0.857,0.0503,0.944,3.42,0
3BGbqEDio3ocx1v4egIYr6,Walk Like an Egyptian,The Bangles,Different Light,Decades ,12094,disco,63,0.891,0.724,0.3,0.818,3.41,0
6ORqU0bHbVCRjXm9AjyHyZ,Good Riddance (Time of Your Life),Green Day,Nimrod,Decades ,12094,punk,0,0.432,0.449,0.161,0.645,2.56,0
3Z9PJ6xiEGmcqo2hESEB5n,Bitter Sweet Symphony,The Verve,Urban Hymns,Decades ,12094,alt-rock,80,0.917,0.356,0.406,0.518,5.95,0
5qqabIl2vWzo9ApSC317sa,Wonderwall - Remastered,Oasis,(What's The Story) Morning Glory? [Remastered],Decades ,12094,rock,78,0.896,0.378,0.194,0.469,4.31,0
6L89mwZXSOwYl76YXfX13s,Basket Case,Green Day,Dookie,Decades ,12094,punk,2,0.943,0.441,0.091,0.781,3.03,0
12qZHAeOyTf93YAWvGDTat,All The Small Things,blink-182,Enema Of The State,Decades ,12094,punk-rock,2,0.9,0.442,0.395,0.609,2.8,0
3cfOd4CMv2snFaKAnMdnvK,All Star,Smash Mouth,Astro Lounge,Decades ,12094,alt-rock,0,0.867,0.731,0.0861,0.776,3.34,0
6ZOBP3NvffbU4SZcrnt1k6,Kryptonite,3 Doors Down,The Better Life,Decades ,12094,alt-rock,0,0.848,0.544,0.134,0.489,3.9,0
5DiXcVovI0FcY2s0icWWUu,Mr. Jones,Counting Crows,August And Everything After,Decades ,12094,alt-rock,0,0.836,0.571,0.182,0.73,4.54,0
6nTiIhLmQ3FWhvrGafw2zj,American Idiot,Green Day,American Idiot,Decades ,12094,punk,79,0.988,0.38,0.368,0.769,2.94,0
3mcG2NI5G5vhrQtRda1YnA,The Middle,Jimmy Eat World,Bleed American,Decades ,12094,alt-rock,0,0.848,0.644,0.0676,0.928,2.8,0
4gphxUgq0JSFv2BCLhNDiE,Jailhouse Rock,Elvis Presley,Elvis' Golden Records,Decades ,12094,rock-n-roll,72,0.537,0.623,0.0963,0.905,2.44,0
47gmoUrZV3w20JAnQOZMcO,Blue Suede Shoes,Elvis Presley,Elvis Presley,Decades ,12094,rock-n-roll,66,0.66,0.557,0.138,0.962,1.99,0
5Q7ayTarb9Tpmkik5cVMug,Viva Las Vegas,Elvis Presley,"Elvis' Gold Records, Vol. 4",Decades ,12094,rock-n-roll,64,0.567,0.608,0.344,0.861,2.41,0
75GQIYnRaBg7ndHxhfYuQy,Go All The Way,Raspberries,Raspberries,Decades ,12094,j-rock,62,0.849,0.305,0.0995,0.555,3.42,0
3b0EOvScbZUc0qJx0E1L2z,I Want You Back,The Jackson 5,Diana Ross Presents The Jackson 5,Decades ,12094,soul,77,0.538,0.469,0.37,0.886,2.94,0
6cb0HzFQPN4BGADOmSzPCw,ABC,The Jackson 5,ABC,Decades ,12094,soul,0,0.869,0.53,0.233,0.935,2.91,0
7BjrIfovz8y9dTtazrh1iY,Ends of the Earth,Lord Huron,Lonesome Dreams,in love,12095,folk,69,0.584,0.555,0.254,0.41,4.74,0
0ZPfDxZn5O0L84wvPSN2iG,How Long Will I Love You - Bonus Track,Ellie Goulding,Halcyon Days,in love,12095,indie-pop,66,0.304,0.512,0.118,0.172,2.57,0
53QF56cjZA9RTuuMZDrSA6,I Won't Give Up,Jason Mraz,Love Is A Four Letter Word,in love,12095,acoustic,69,0.303,0.483,0.115,0.139,4.0,0
0p1BcEcYVO3uk4KDf3gzkY,Wanted,Hunter Hayes,Hunter Hayes (Encore),in love,12095,country,0,0.475,0.414,0.0816,0.3,3.81,0
3ZHfX6kbiY7JVsB63lLOLu,The Only Exception,Paramore,brand new eyes,in love,12095,emo,74,0.563,0.452,0.143,0.209,4.46,0
3XVBdLihbNbxUwZosxcGuJ,If I Ain't Got You,Alicia Keys,The Diary Of Alicia Keys,in love,12095,soul,80,0.444,0.609,0.104,0.166,3.81,0
0JEqGkvUiMTQmFY6sgL9kg,No One,Alicia Keys,As I Am,in love,12095,soul,78,0.549,0.644,0.134,0.167,4.23,0
7vFv0yFGMJW3qVXbAd9BK9,Your Body Is a Wonderland,John Mayer,Room For Squares,in love,12095,singer-songwriter,74,0.729,0.647,0.134,0.687,4.16,0
46LI9mnlQ8fJHH47ioBubg,When You Say Nothing At All,Alison Krauss & Union Station,A Tribute Album,in love,12095,bluegrass,64,0.243,0.514,0.0822,0.388,4.35,0
2rnvHrNnkWMcAkl4S1WlRg,Lovesong,Adele,21,in love,12095,british,60,0.369,0.689,0.111,0.361,5.27,0
3fqwjXwUGN6vbzIwvyFMhx,Tennessee Whiskey,Chris Stapleton,Traveller,in love,12095,country,81,0.37,0.392,0.0821,0.512,4.89,0
7BVwi9cIzSc6tpyxsp47vJ,Mess Is Mine,Vance Joy,Dream Your Life Away,in love,12095,folk,64,0.723,0.595,0.0995,0.272,3.73,0
5WObuDOxPHlQaoYUf2W4lh,Flowers In Your Hair,The Lumineers,The Lumineers,in love,12095,folk,64,0.609,0.676,0.209,0.557,1.84,0
0iTpQYzJnYgh7kIxyq8A2O,Two Weeks,Grizzly Bear,Veckatimest,MOOD,12096,chill,71,0.712,0.537,0.08,0.704,4.05,0
5hc71nKsUgtwQ3z52KEKQk,Somebody Else,The 1975,"I like it when you sleep, for you are so beautiful yet so unaware of it",MOOD,12096,alt-rock,73,0.793,0.618,0.126,0.459,5.79,0
4pPTSOYhY7k6iEkEVpnKMy,Propaganda,DJ Snake,Propaganda,MOOD,12096,electronic,51,0.928,0.653,0.649,0.239,4.14,0
2IWtloZYQDcP8Ashwx8QEF,Black Out Days,Phantogram,Voices,MOOD,12096,indie,77,0.795,0.542,0.0851,0.431,3.79,0
2miAut6dp9BWdGmOxwSGEC,Sweet Dreams (Are Made Of This),Marilyn Manson,Smells Like Children,MOOD,12096,alt-rock,2,0.664,0.221,0.239,0.101,4.89,0
7lGKEWMXVWWTt3X71Bv44I,Unsteady,X Ambassadors,VHS,MOOD,12096,alt-rock,74,0.665,0.389,0.116,0.199,3.23,0
2VqZHRhLDYYupAXrdwNFUx,Ordinary Human,OneRepublic,Ordinary Human,MOOD,12096,piano,44,0.719,0.282,0.107,0.276,4.84,0
51NFxnQvaosfDDutk0tams,bellyache,Billie Eilish,Bellyache,MOOD,12096,electro,79,0.573,0.695,0.482,0.408,2.99,0
27SdWb2rFzO6GWiYDBTD9j,Cheap Thrills,Sia,This Is Acting,work out ,12097,dance,78,0.698,0.628,0.0907,0.732,3.53,0
6NxsCnLeLd8Ai1TrgGxzIx,Bad Moon Rising,Creedence Clearwater Revival,Green River,Old Music,12098,country,1,0.769,0.508,0.063,0.939,2.36,0
4BP3uh0hFLFRb5cjsgLqDh,Fortunate Son,Creedence Clearwater Revival,Willy And The Poor Boys,Old Music,12098,country,0,0.663,0.64,0.152,0.665,2.35,0
5Q30xdABnojqN3wBIhrsQp,Everybody Hurts,R.E.M.,Automatic For The People,Old Music,12098,alt-rock,75,0.324,0.467,0.118,0.166,5.34,0
5aYVqxyetmT5OYmvZCA90X,Slow Ride,Foghat,Fool For The City,Old Music,12098,blues,69,0.586,0.493,0.102,0.656,8.24,0
3gHFKiDanj4d2rqgHlRFFc,Hello It's Me,Todd Rundgren,Something/Anything?,Old Music,12098,power-pop,55,0.848,0.578,0.0963,0.779,4.4,0
7LRMbd3LEoV5wZJvXT1Lwb,T.N.T.,AC/DC,High Voltage,Old Music,12098,hard-rock,78,0.759,0.754,0.101,0.435,3.58,0
24NwBd5vZ2CK8VOQVnqdxr,Sweet Emotion,Aerosmith,Toys In The Attic,Old Music,12098,hard-rock,74,0.76,0.38,0.104,0.491,4.57,0
5zH710lFSLtkHbMkslLDjR,Crazy On You,Heart,Dreamboat Annie,Old Music,12098,hard-rock,1,0.459,0.435,0.132,0.383,4.89,0
54eZmuggBFJbV7k248bTTt,A Horse with No Name,America,America,Old Music,12098,country,0,0.507,0.653,0.155,0.831,4.2,0
6pyzBTIjcO2AMkKE6x2Otb,Stayin' Alive,Bee Gees,Greatest,Old Music,12098,disco,77,0.535,0.707,0.0884,0.641,4.76,0
6tP1NaAIoxSTzeFgCUO66V,Heart Of Glass - Special Mix,Blondie,Greatest Hits,Old Music,12098,power-pop,0,0.78,0.659,0.181,0.807,4.54,0
3Vby4nGmtbDo7HDJamOWkT,Stuck In The Middle With You,Stealers Wheel,Stealers Wheel,Old Music,12098,folk,0,0.759,0.768,0.0531,0.96,3.48,0
0vXGSlE4ft3n5JHZMHHSIj,Day Tripper - Remastered 2015,The Beatles,1,Old Music,12098,british,66,0.782,0.665,0.125,0.731,2.82,0
1gcESexgftSuLuML57Y69q,All Right Now,Free,Fire And Water,Old Music,12098,blues,0,0.481,0.785,0.122,0.77,5.51,0
1U1GtaJeYwGsPgqV9Me5bb,Hold You in My Arms,Ray LaMontagne,Trouble,March,12099,acoustic,62,0.321,0.504,0.147,0.577,5.1,0
5rwq6R0Uq0BngM3rdmCeNg,Collide - Acoustic Version,Howie Day,Stop All The World Now (SPECIAL EDITION VERSION),March,12099,acoustic,67,0.253,0.582,0.091,0.294,4.6,0
0j6YwWZVHsIFKr5FDEu68o,Jackie And Wilson,Hozier,Hozier,FrEe sPiRiT,12100,singer-songwriter,60,0.712,0.566,0.124,0.753,3.72,0
6Fha6tXHkL3r9m9nNqQG8p,Georgia,Vance Joy,Dream Your Life Away,FrEe sPiRiT,12100,folk,62,0.66,0.388,0.0943,0.401,3.84,0
7GJClzimvMSghjcrKxuf1M,Budapest,George Ezra,Wanted On Voyage,FrEe sPiRiT,12100,folk,79,0.455,0.717,0.11,0.389,3.35,0
0GO8y8jQk1PkHzS31d699N,Tongue Tied,Grouplove,Never Trust A Happy Song,FrEe sPiRiT,12100,alt-rock,79,0.936,0.56,0.161,0.371,3.63,0
5Az8KU81g2aLBbJN67F2CI,Mind Over Matter,Young the Giant,Mind Over Matter,FrEe sPiRiT,12100,alt-rock,71,0.763,0.466,0.0973,0.293,4.08,0
0pegFWSUOTiG0sLVEfxtvA,Heart's Content,Brandi Carlile,Bear Creek,FrEe sPiRiT,12100,acoustic,59,0.209,0.564,0.107,0.402,3.58,0
0iTpQYzJnYgh7kIxyq8A2O,Two Weeks,Grizzly Bear,Veckatimest,FrEe sPiRiT,12100,chill,71,0.712,0.537,0.08,0.704,4.05,0
3iVAyrTlbWGBq0laeQ18z2,Walking On A Dream,Empire of the Sun,Walking On A Dream,FrEe sPiRiT,12100,alt-rock,79,0.701,0.871,0.0589,0.716,3.31,0
46GGxd8TVRt6FjUBfCavVT,Renegades,X Ambassadors,VHS,FrEe sPiRiT,12100,alt-rock,76,0.862,0.526,0.229,0.528,3.25,0
0UACObCoT1QlNDYroo7EJC,Suddenly I See,KT Tunstall,Eye To The Telescope,FrEe sPiRiT,12100,acoustic,0,0.78,0.603,0.164,0.693,3.36,0
1UqhkbzB1kuFwt2iy4h29Q,Cough Syrup,Young the Giant,Young the Giant,FrEe sPiRiT,12100,alt-rock,0,0.721,0.533,0.115,0.225,4.16,0
6mcxQ1Y3uQRU0IHsvdNLH1,Where Is My Mind?,Pixies,Surfer Rosa (Remastered),FrEe sPiRiT,12100,alt-rock,77,0.442,0.513,0.0878,0.243,3.95,0
7qiZfU4dY1lWllzX7mPBI3,Shape of You,Ed Sheeran,÷,FrEe sPiRiT,12100,pop,86,0.652,0.825,0.0931,0.931,3.9,0
3fVnlF4pGqWI9flVENcT28,Wildest Dreams,Taylor Swift,1989,FrEe sPiRiT,12100,pop,80,0.664,0.553,0.106,0.467,3.67,0
7y9iMe8SOB6z3NoHE2OfXl,Bad At Love,Halsey,hopeless fountain kingdom,FrEe sPiRiT,12100,electro,74,0.751,0.675,0.0893,0.612,3.02,0
6sDQ4uiWw9OdVrCXFLSlZt,Rap God,Eminem,The Marshall Mathers LP2,rap,12101,hip-hop,78,0.843,0.708,0.799,0.625,6.06,1
1ZBkR2W1rHhoKJIWbcfaaD,Take Me Somewhere Nice,Mogwai,Rock Action,Post Rock,12102,british,51,0.562,0.459,0.0935,0.0733,6.95,0
0P8ANiSwsjYPx3zrmgN2Pv,Ever Be,Aaron Shust,Ever Be,????,12103,world-music,49,0.729,0.453,0.12,0.413,3.83,0
0yqWOXyvDtC2ol1Idz8r8J,Build Your Kingdom Here,Rend Collective,Homemade Worship by Handmade People,????,12103,world-music,55,0.508,0.456,0.237,0.553,4.3,0
1XRU97Tx69sJGyd9TDvGxY,Amazing Grace (My Chains Are Gone),Chris Tomlin,See The Morning - Special Edition,????,12103,world-music,60,0.164,0.471,0.101,0.17,4.48,0
6O44fZh9s6jHlJO6jDAGuZ,The Stand,Hillsong Young & Free,The Stand,????,12103,world-music,38,0.719,0.408,0.333,0.183,4.12,0
02X93AUKXP7FPJBPckqgGu,Throne Room,Kim Walker-Smith,On My Side,????,12103,world-music,48,0.803,0.514,0.0899,0.262,4.75,0
5WObuDOxPHlQaoYUf2W4lh,Flowers In Your Hair,The Lumineers,The Lumineers,Montana,12104,folk,64,0.609,0.676,0.209,0.557,1.84,0
4eLSCSELtKxZwXnFbNLXT5,On Top Of The World,Imagine Dragons,Night Visions,Montana,12104,rock,0,0.925,0.588,0.0881,0.759,3.16,0
14DYFbc6F1vPyoikkqPiAh,Something I Need,OneRepublic,Native,Montana,12104,piano,58,0.591,0.683,0.235,0.628,4.0,0
3zKST4nk4QJE77oLjUZ0Ng,Hey Brother,Avicii,True,Montana,12104,edm,77,0.78,0.545,0.0828,0.458,4.25,0
5COPw6K4B6PPpeUXIE2Ry5,Feel Again,OneRepublic,Native,Montana,12104,piano,59,0.815,0.467,0.118,0.335,3.08,0
6g1NlCpW7fgqDnWbCCDrHl,Wake Me Up - Radio Edit,Avicii,True,Montana,12104,dance,1,0.807,0.524,0.212,0.62,4.12,0
7pzdiluN2tVrxsFGyM2Asc,I Lived,OneRepublic,Native,Montana,12104,piano,71,0.851,0.593,0.271,0.344,3.91,0
15twB7zTglmu0Bg8gW4Mrm,Stubborn Love,The Lumineers,The Lumineers,Montana,12104,folk,68,0.544,0.596,0.262,0.262,4.62,0
1jdNcAD8Ir58RlsdGjJJdx,Ho Hey,The Lumineers,The Lumineers,Montana,12104,folk,79,0.471,0.682,0.0908,0.421,2.69,0
1vY9snyzHUPBuFrjrL8o7n,Rise,Eddie Vedder,Into The Wild,Montana,12104,acoustic,60,0.58,0.401,0.134,0.526,2.61,0
2xYlyywNgefLCRDG8hlxZq,"Take Me Home, Country Roads",John Denver,"The John Denver Collection, Vol. 1: Take Me Home Country Roads",Montana,12104,country,73,0.395,0.462,0.121,0.625,3.3,0
2RPCHOmOrG5grTDpvTXRYC,Setting Forth,Eddie Vedder,Into The Wild,Montana,12104,acoustic,53,0.78,0.549,0.195,0.804,1.63,0
6XK6Zw6JkFsHXzAcMWNiIr,Send Me On My Way,Rusted Root,When I Woke,Montana,12104,j-rock,68,0.704,0.5,0.138,0.722,4.39,0
6gYhwQ4mKirCbLFE1eYKhu,Hard Sun,Eddie Vedder,Into The Wild,Montana,12104,acoustic,65,0.827,0.438,0.319,0.645,5.37,0
5tVA6TkbaAH9QMITTQRrNv,Free Fallin',Tom Petty,Full Moon Fever,Montana,12104,folk,0,0.504,0.619,0.06,0.568,4.27,0
1c7UYTut2SBOPq64o2t0uN,Why Georgia,John Mayer,Room For Squares,Montana,12104,singer-songwriter,64,0.639,0.608,0.0893,0.369,4.48,0
5Q2FRR0WIx3ihYo0ShHRbp,What You Wanted,OneRepublic,Native,Montana,12104,piano,38,0.843,0.553,0.108,0.219,4.02,0
0UBUnp3ggZivpFWGQxoSok,Keep Your Head Up,Ben Howard,Every Kingdom,Montana,12104,british,67,0.596,0.508,0.111,0.4,4.41,0
7lYioyxZZDThE5gXM24rva,Sea Of Voices,Porter Robinson,Worlds,Montana,12104,dub,47,0.437,0.215,0.0696,0.0445,4.98,0
4nXkbcTj3nyww1cHkw5RAP,Long Train Runnin',The Doobie Brothers,The Captain And Me,Montana,12104,blues,72,0.912,0.575,0.0562,0.843,3.45,0
5p3JunprHCxClJjOmcLV8G,Walk On the Wild Side,Lou Reed,Transformer,Montana,12104,psych-rock,73,0.318,0.575,0.0934,0.385,4.24,0
1fDsrQ23eTAVFElUMaf38X,American Pie,Don McLean,American Pie,Montana,12104,folk,0,0.563,0.461,0.302,0.477,8.61,0
2KCqAdd2ad0hpJc5ySoTE8,Coastline,Hollow Coves,Wanderlust,Montana,12104,folk,74,0.496,0.67,0.0584,0.427,3.9,0
2d9totnSVmmczPtHFl8Ys6,Sleep On The Floor,The Lumineers,Cleopatra,Montana,12104,folk,70,0.431,0.389,0.13,0.275,3.53,0
4yRlTvPVfEyhXfp6GZurq9,Never Come Back Again,Austin Plaine,Austin Plaine,Montana,12104,acoustic,57,0.695,0.594,0.119,0.172,3.27,0
4sPmO7WMQUAf45kwMOtONw,Hello,Adele,25,Fall 2015,12105,british,74,0.43,0.578,0.0854,0.288,4.92,0
78VG6M1i7JQXBdygmWFwye,Everybody Loves Somebody,Dean Martin,The Reprise Years,Oldies,12107,jazz,68,0.391,0.366,0.352,0.461,2.69,0
7fQ3PYTYdu208fQ3JEm2U7,Ain't That A Kick In The Head,Dean Martin,"Dean Martin: The Capitol Recordings, Vol. 11 (1960-1961)",Oldies,12107,jazz,0,0.252,0.647,0.3,0.72,2.45,0
6MIa10mpQQ3dEiaw8TA8JA,I'll Be Seeing You,Billie Holiday,Billie Holiday,Oldies,12107,blues,0,0.0455,0.302,0.229,0.122,3.53,0
4gphxUgq0JSFv2BCLhNDiE,Jailhouse Rock,Elvis Presley,Elvis' Golden Records,Oldies,12107,rock-n-roll,72,0.537,0.623,0.0963,0.905,2.44,0
49fzPkBb3aOUWYRKaTWVhm,Hit the Road Jack,Ray Charles,Georgia On My Mind,Oldies,12107,blues,70,0.571,0.598,0.513,0.962,1.97,0
7DJsL4jyXA39GDiHFQYQ0t,Mess Around,Ray Charles,Ray Charles (aka Hallelujah I Love Her So),Oldies,12107,blues,0,0.962,0.565,0.056,0.906,2.67,0
1b74YxIioaA0klTaadFBdv,I Can't Stop Loving You,Ray Charles,Super Oldie Mix,Oldies,12107,blues,63,0.279,0.31,0.318,0.377,4.25,0
0M7mWKqwTIaVjYyxfZmtTa,"Courtesy Of The Red, White And Blue (The Angry American)",Toby Keith,Unleashed,Country,12108,country,0,0.674,0.426,0.0784,0.378,3.26,0
2WQAknZHrJAEQOFXe0F44P,Austin,Blake Shelton,Blake Shelton,Country,12108,country,0,0.609,0.603,0.0982,0.275,3.84,0
5JnLiuMgRAWoHYOhatFP3s,People Are Crazy,Billy Currington,Little Bit Of Everything,Country,12108,country,0,0.714,0.657,0.127,0.361,3.86,0
0KMzyApR43L4JH9ZMHS1Km,Boot Scootin' Boogie,Brooks & Dunn,The Essential Brooks & Dunn,Country,12108,country,71,0.817,0.656,0.304,0.862,3.3,0
4YjjNHtEsTX6Af4mCTupT5,Bless The Broken Road,Rascal Flatts,Feels Like Today,Country,12108,country,36,0.448,0.588,0.156,0.362,3.78,0
5kNe7PE09d6Kvw5pAsx23n,Die A Happy Man,Thomas Rhett,Tangled Up,Country,12108,country,1,0.389,0.59,0.117,0.389,3.79,0
63thx7OANplv4I4BQsanHk,You Should Be Here,Cole Swindell,You Should Be Here,Country,12108,country,0,0.641,0.491,0.0857,0.299,3.17,0
7rSERmjAT38lC5QhJ8hnQc,I'm Shipping Up To Boston,Dropkick Murphys,The Warrior's Code,Gym,12109,punk-rock,70,0.928,0.452,0.226,0.6,2.56,0
1Co1RNm1i1RL9v1VeShNO3,Dancing On My Own,Robyn,Body Talk Pt. 1,Gym,12109,swedish,64,0.857,0.674,0.0942,0.278,4.81,0
3iVAyrTlbWGBq0laeQ18z2,Walking On A Dream,Empire of the Sun,Walking On A Dream,Gym,12109,alt-rock,79,0.701,0.871,0.0589,0.716,3.31,0
5G1sTBGbZT5o4PNRc75RKI,Lonely Boy,The Black Keys,El Camino,Gym,12109,blues,73,0.872,0.356,0.0997,0.607,3.23,0
0aqRkWPAL9BGCvvdSiXaE9,I Belong in Your Arms,Chairlift,Something,Gym,12109,synth-pop,56,0.795,0.498,0.124,0.762,3.46,0
1jNOi6m3Hn8nLEeHCp5Msr,Seven Nation Army,The White Stripes,Elephant,Gym,12109,alt-rock,84,0.446,0.743,0.337,0.278,3.86,0
3zKST4nk4QJE77oLjUZ0Ng,Hey Brother,Avicii,True,Gym,12109,edm,77,0.78,0.545,0.0828,0.458,4.25,0
3gbBpTdY8lnQwqxNCcf795,Pompeii,Bastille,Bad Blood,Gym,12109,rock,1,0.711,0.68,0.241,0.571,3.57,0
6g1NlCpW7fgqDnWbCCDrHl,Wake Me Up - Radio Edit,Avicii,True,Gym,12109,dance,1,0.807,0.524,0.212,0.62,4.12,0
4eLSCSELtKxZwXnFbNLXT5,On Top Of The World,Imagine Dragons,Night Visions,Gym,12109,rock,0,0.925,0.588,0.0881,0.759,3.16,0
7HC3sppue0re7HPfo5zscF,You Make Me,Avicii,True,Gym,12109,dance,0,0.695,0.569,0.376,0.506,3.89,0
6L89mwZXSOwYl76YXfX13s,Basket Case,Green Day,Dookie,Gym,12109,punk,2,0.943,0.441,0.091,0.781,3.03,0
5kr3j5Clb9rjEposoMyLVt,Welcome to Paradise,Green Day,Dookie,Gym,12109,punk,69,0.96,0.37,0.0563,0.717,3.74,0
3cOO5IQtOYs7huq4Z6lYfr,Love Runs Out,OneRepublic,Native,Gym,12109,piano,64,0.931,0.715,0.0757,0.742,3.75,0
4VrWlk8IQxevMvERoX08iC,Chandelier,Sia,1000 Forms Of Fear,Gym,12109,dance,80,0.787,0.399,0.0685,0.572,3.6,0
7j56HrjR9cGzvekvZY3Faz,HandClap,Fitz and The Tantrums,Fitz and The Tantrums,Gym,12109,alt-rock,0,0.836,0.634,0.0828,0.715,3.22,0
7kv7zBjMtVf0eIJle2VZxn,Southern Nights,Glen Campbell,Southern Nights,guardians,12110,folk,0,0.809,0.63,0.273,0.829,3.0,0
252YuUdUaC5OojaBU0H1CP,Come A Little Bit Closer,Jay & The Americans,Come A Little Bit Closer,guardians,12110,r-n-b,65,0.684,0.636,0.534,0.881,2.78,0
2tbdjsdJ9xtyunKnZBkGxF,Father And Son,Yusuf / Cat Stevens,Tea For The Tillerman,guardians,12110,british,74,0.326,0.495,0.0996,0.371,3.68,0
3b0EOvScbZUc0qJx0E1L2z,I Want You Back,The Jackson 5,Diana Ross Presents The Jackson 5,guardians,12110,soul,77,0.538,0.469,0.37,0.886,2.94,0
12Pduymbh9dpC5r33i5FgL,Glad You Came,We Came As Romans,"Punk Goes Pop, Vol. 5",Punk Goes Pop,12111,metalcore,59,0.943,0.542,0.0926,0.277,3.06,0
5Nu5Uyoauauy9LFePYL1Z3,Late Night,ODESZA,A Moment Apart,BBQ,12112,chill,59,0.628,0.612,0.193,0.434,3.8,0
1Co1RNm1i1RL9v1VeShNO3,Dancing On My Own,Robyn,Body Talk Pt. 1,Dance,12113,swedish,64,0.857,0.674,0.0942,0.278,4.81,0
4xymOOdANFwko4RpeR961e,Crimewave,Crystal Castles,Crystal Castles,Dance,12113,hardcore,69,0.691,0.746,0.205,0.888,4.31,0
35rdv7N27twjo4gnUzmnRZ,Polish Girl,Neon Indian,Era Extraña,Dance,12113,synth-pop,47,0.886,0.63,0.125,0.454,4.4,0
1eyzqe2QqGZUmfcPZtrIyt,Midnight City,M83,"Hurry Up, We're Dreaming",Dance,12113,french,76,0.729,0.507,0.0658,0.272,4.02,0
6MDijuuArPJv1vbp7K1x3f,Genghis Khan,Miike Snow,iii,Dance,12113,swedish,62,0.847,0.688,0.598,0.453,3.54,0
0vaf64cpnqM7COUZZkoBig,Electric Feel,MGMT,Oracular Spectacular/Congratulations,Dance,12113,alt-rock,77,0.803,0.763,0.348,0.561,3.83,0
38YgZVHPWOWsKrsCXz6JyP,Come On Get Higher,Matt Nathanson,Some Mad Hope,Soft Rock,12114,acoustic,71,0.623,0.672,0.0848,0.617,3.59,0
6MY1xABxoZATrEr4FeUhEM,Delicate,Damien Rice,O,Soft Rock,12114,singer-songwriter,56,0.144,0.34,0.101,0.147,5.2,0
4YPhn26bIFm2KUkL1VLzQG,Say It Ain't So,Weezer,Weezer,Soft Rock,12114,alt-rock,1,0.551,0.635,0.07,0.451,4.28,0
6ZOBP3NvffbU4SZcrnt1k6,Kryptonite,3 Doors Down,The Better Life,Soft Rock,12114,alt-rock,0,0.848,0.544,0.134,0.489,3.9,0
1p1nO35bbi4ZlQgjIA4oa4,The Kill (Bury Me),Thirty Seconds To Mars,A Beautiful Lie,Soft Rock,12114,grunge,1,0.912,0.179,0.582,0.289,3.86,0
5UWwZ5lm5PKu6eKsHAGxOk,Everlong,Foo Fighters,The Colour And The Shape,Soft Rock,12114,alt-rock,84,0.881,0.413,0.0805,0.364,4.18,0
57ebBLITHpRgRKGrlbxMZS,Faithfully,Journey,Frontiers,Soft Rock,12114,hard-rock,68,0.644,0.202,0.109,0.252,4.45,0
48UPSzbZjgc449aqz8bxox,Californication,Red Hot Chili Peppers,Californication,Soft Rock,12114,alt-rock,2,0.765,0.592,0.127,0.327,5.5,0
1bp2IO61zbQrbWNmKKxg3f,The Joker,Steve Miller Band,The Joker,Soft Rock,12114,blues,0,0.448,0.596,0.207,0.796,4.41,0
2MLHyLy5z5l5YRp7momlgw,Island In The Sun,Weezer,Weezer (Green Album),Soft Rock,12114,alt-rock,1,0.794,0.654,0.165,0.678,3.34,0
10Nmj3JCNoMeBQ87uw5j8k,Dani California,Red Hot Chili Peppers,Stadium Arcadium,Soft Rock,12114,alt-rock,78,0.913,0.556,0.346,0.73,4.72,0
54eZmuggBFJbV7k248bTTt,A Horse with No Name,America,America,Soft Rock,12114,country,0,0.507,0.653,0.155,0.831,4.2,0
3Vby4nGmtbDo7HDJamOWkT,Stuck In The Middle With You,Stealers Wheel,Stealers Wheel,Soft Rock,12114,folk,0,0.759,0.768,0.0531,0.96,3.48,0
6VnpKLtfNH4Dk09YSGPSyR,It Ain't Over 'Til It's Over,Lenny Kravitz,Mama Said,Soft Rock,12114,rock,1,0.752,0.66,0.322,0.934,4.04,0
1XDgeeNIbwXobo7EkcLa2u,Give A Little Bit,Supertramp,Even In The Quietest Moments,Soft Rock,12114,piano,1,0.818,0.531,0.263,0.471,4.14,0
6cuKJ1bFFy4OjfkCI9YBqc,I'm Not In Love,10cc,The Original Soundtrack,Soft Rock,12114,blues,71,0.523,0.404,0.282,0.164,6.11,0
4bHsxqR3GMrXTxEPLuK5ue,Don't Stop Believin',Journey,Escape,Soft Rock,12114,hard-rock,83,0.748,0.5,0.447,0.514,4.18,0
78WVLOP9pN0G3gRLFy1rAa,Piano Man,Billy Joel,Piano Man,Soft Rock,12114,folk,77,0.55,0.331,0.192,0.429,5.6,0
269OfNY9Je1QWaDnu31KKp,Wild World,Yusuf / Cat Stevens,Tea for the Tillerman,Soft Rock,12114,british,77,0.542,0.48,0.113,0.567,3.34,0
4BGJSbB5rAcg4pNzD4gfxU,Tiny Dancer,Elton John,Madman Across The Water,Soft Rock,12114,piano,78,0.428,0.414,0.148,0.282,6.28,0
6zeE5tKyr8Nu882DQhhSQI,Dust in the Wind,Kansas,Point Of Know Return,Soft Rock,12114,hard-rock,78,0.322,0.475,0.11,0.387,3.44,0
3G7tRC24Uh09Hmp1KZ7LQ2,I'm a Believer,The Monkees,More Of The Monkees (Deluxe Edition),Soft Rock,12114,psych-rock,57,0.772,0.502,0.199,0.935,2.79,0
5XJ1J9QPxaOzdpkGxKU4lA,Heart Of Glass [24-Bit Digitally Remastered 01],Blondie,Parallel Lines,Soft Rock,12114,power-pop,55,0.633,0.662,0.0689,0.657,5.84,0
2BPfKiV9U0CR1dpUgeUwuH,She Drives Me Crazy,Fine Young Cannibals,The Raw And The Cooked,Soft Rock,12114,synth-pop,74,0.687,0.799,0.0307,0.965,3.6,0
4nXkbcTj3nyww1cHkw5RAP,Long Train Runnin',The Doobie Brothers,The Captain And Me,Soft Rock,12114,blues,72,0.912,0.575,0.0562,0.843,3.45,0
3LTMnFa0hhwisyq6ILahyj,Sultans Of Swing,Dire Straits,Dire Straits,Soft Rock,12114,rock,81,0.794,0.733,0.33,0.931,5.81,0
3mcG2NI5G5vhrQtRda1YnA,The Middle,Jimmy Eat World,Bleed American,Soft Rock,12114,alt-rock,0,0.848,0.644,0.0676,0.928,2.8,0
6ihL9TjfRjadfEePzXXyVF,Gives You Hell,The All-American Rejects,When The World Comes Down,Soft Rock,12114,punk-rock,0,0.675,0.725,0.0537,0.595,3.55,0
7oK9VyNzrYvRFo7nQEYkWN,Mr. Brightside,The Killers,Hot Fuss,Soft Rock,12114,alt-rock,2,0.931,0.344,0.0903,0.251,3.71,0
2l57cfmCnOkwNX1tky02n1,Move Along,The All-American Rejects,Move Along,Soft Rock,12114,punk-rock,61,0.92,0.526,0.371,0.615,3.98,0
5fVZC9GiM4e8vu99W0Xf6J,How to Save a Life,The Fray,How To Save A Life,Soft Rock,12114,piano,80,0.743,0.64,0.101,0.361,4.38,0
1N62wozuHCvczCkY4QidpP,Over My Head (Cable Car),The Fray,How To Save A Life,Soft Rock,12114,piano,70,0.729,0.592,0.0653,0.709,3.94,0
2TfSHkHiFO4gRztVIkggkE,"Sugar, We're Goin Down",Fall Out Boy,From Under The Cork Tree,Soft Rock,12114,emo,2,0.887,0.5,0.114,0.631,3.82,0
4bPQs0PHn4xbipzdPfn6du,I Write Sins Not Tragedies,Panic! At The Disco,A Fever You Can't Sweat Out,Soft Rock,12114,rock,3,0.792,0.565,0.114,0.639,3.13,0
1QEEqeFIZktqIpPI4jSVSF,More Than a Feeling,Boston,Boston,Soft Rock,12114,country,79,0.681,0.377,0.0504,0.285,4.75,0
1fDsrQ23eTAVFElUMaf38X,American Pie,Don McLean,American Pie,Soft Rock,12114,folk,0,0.563,0.461,0.302,0.477,8.61,0
3x2bXiU0o4WbsPkawXlfDA,Who Are You,The Who,Who Are You,Soft Rock,12114,blues,65,0.648,0.651,0.0655,0.49,6.31,0
4YMQXzscifAREG0a7KNGhB,Black Magic Woman,Santana,Santana's Greatest Hits,Soft Rock,12114,blues,62,0.552,0.497,0.089,0.633,3.28,0
6HZ67VImxqr8aMBEEhblzf,Cars,Gary Numan,The Pleasure Principle,Soft Rock,12114,synth-pop,63,0.578,0.545,0.0692,0.819,3.98,0
5tVA6TkbaAH9QMITTQRrNv,Free Fallin',Tom Petty,Full Moon Fever,Soft Rock,12114,folk,0,0.504,0.619,0.06,0.568,4.27,0
7b4yGtR0rujvLi5EBfKKJ2,Take Me Home Tonight,Eddie Money,Can'T Hold Back,Soft Rock,12114,hard-rock,70,0.768,0.608,0.0942,0.748,3.52,0
1ynmMEK1fkyiZ6Z6F3ThEt,Centerfold,The J. Geils Band,Freeze Frame,Soft Rock,12114,blues,74,0.677,0.653,0.403,0.888,3.61,0
7o2CTH4ctstm8TNelqjb51,Sweet Child O' Mine,Guns N' Roses,Appetite For Destruction,Soft Rock,12114,hard-rock,84,0.91,0.454,0.116,0.629,5.93,0
1gzIbdFnGJ226LTl0Cn2SX,White Wedding - Pt. 1,Billy Idol,Billy Idol,Soft Rock,12114,hard-rock,71,0.814,0.673,0.343,0.728,4.2,0
4ebcE2SmkG7nplvzFAWRu7,What I Like About You,The Romantics,The Romantics,Soft Rock,12114,power-pop,69,0.942,0.514,0.17,0.912,2.92,0
1orVKbp6vqtfAPOmvRofVq,Rock'n Me,Steve Miller Band,Fly Like An Eagle,Soft Rock,12114,psych-rock,67,0.582,0.695,0.123,0.892,3.12,0
0a7BloCiNzLDD9qSQHh5m7,"Dance, Dance",Fall Out Boy,From Under The Cork Tree,Soft Rock,12114,emo,77,0.961,0.622,0.0854,0.449,3.0,0
4CJVkjo5WpmUAKp3R44LNb,Sweet Home Alabama,Lynyrd Skynyrd,Second Helping,Soft Rock,12114,blues,2,0.724,0.614,0.146,0.902,4.69,0
7fURZRPkB2S70sYR1naKTK,Black Hole Sun,Soundgarden,Superunknown,Soft Rock,12114,alt-rock,0,0.827,0.351,0.0755,0.145,5.3,0
40dJCw4xU6Bd5ie9rfagNo,Everybody Wants To Rule The World,Tears For Fears,Songs From The Big Chair,Soft Rock,12114,synth-pop,87,0.795,0.645,0.104,0.535,4.19,0
6N1EjQjnvhOjFrF6oUmGPa,Summer Of '69,Bryan Adams,Reckless,Soft Rock,12114,rock,82,0.834,0.508,0.0732,0.774,3.62,0
3FmAUR4SPWa3P1KyDf21Fu,Roxanne - Remastered 2003,The Police,Outlandos D'Amour,Soft Rock,12114,rock,2,0.752,0.615,0.0479,0.66,3.19,0
6tP1NaAIoxSTzeFgCUO66V,Heart Of Glass - Special Mix,Blondie,Greatest Hits,Soft Rock,12114,power-pop,0,0.78,0.659,0.181,0.807,4.54,0
1AhDOtG9vPSOmsWgNW0BEY,Bohemian Rhapsody - Remastered 2011,Queen,A Night At The Opera,Soft Rock,12114,rock,82,0.404,0.414,0.3,0.224,5.91,0
0QXaOq4DrPkX7cJsXhERrE,Hold On Loosely,38 Special,Wild-Eyed Southern Boys,Soft Rock,12114,country,0,0.707,0.565,0.0851,0.831,4.68,0
2KmEgiY8fQs0G6WNxtzQKr,Baba O'Riley,The Who,Who's Next,Soft Rock,12114,blues,76,0.724,0.489,0.287,0.15,5.01,0
6NxsCnLeLd8Ai1TrgGxzIx,Bad Moon Rising,Creedence Clearwater Revival,Green River,Soft Rock,12114,country,1,0.769,0.508,0.063,0.939,2.36,0
4c4jJJoaiY21t2TyRZgdWS,Magic Carpet Ride,Steppenwolf,The Second,Soft Rock,12114,psych-rock,69,0.651,0.64,0.0341,0.801,4.53,0
1I7zHEdDx8Ny5RxzYPqsU2,Reelin' In The Years,Steely Dan,Can't Buy A Thrill,Soft Rock,12114,country,0,0.758,0.52,0.109,0.706,4.62,0
40NRm1ZLvZpUSCUXAGGZ8J,Kung Fu Fighting,Carl Douglas,The Soul of the Kung Fu Fighter,Soft Rock,12114,disco,26,0.764,0.621,0.161,0.745,3.29,0
4Z1fbYp0HuxLBje4MOZcSD,Twist And Shout - Remastered 2009,The Beatles,Please Please Me,Soft Rock,12114,british,75,0.849,0.482,0.0414,0.937,2.59,0
1dv3ePjze9tPq2pk8eWJdR,Gimme Shelter,The Rolling Stones,Let It Bleed,Soft Rock,12114,british,0,0.63,0.634,0.169,0.489,4.51,0
4BP3uh0hFLFRb5cjsgLqDh,Fortunate Son,Creedence Clearwater Revival,Willy And The Poor Boys,Soft Rock,12114,country,0,0.663,0.64,0.152,0.665,2.35,0
6kZFIsYCBeuH0f1zGk1UoM,Simple Man,Lynyrd Skynyrd,(Pronounced 'Leh-'Nérd 'Skin-'Nérd),Soft Rock,12114,blues,74,0.752,0.422,0.129,0.403,5.97,0
1gcESexgftSuLuML57Y69q,All Right Now,Free,Fire And Water,Soft Rock,12114,blues,0,0.481,0.785,0.122,0.77,5.51,0
4sFbojhVXQv7dBC9PVCcRn,Sympathy For The Devil,The Rolling Stones,Beggars Banquet,Soft Rock,12114,british,1,0.67,0.636,0.0453,0.572,6.3,0
3YBZIN3rekqsKxbJc9FZko,Paradise City,Guns N' Roses,Appetite For Destruction,Soft Rock,12114,hard-rock,79,0.952,0.273,0.142,0.472,6.82,0
1zGk1kgAxCpg6PHjGuLe4J,Pinball Wizard,The Who,Tommy,Soft Rock,12114,blues,68,0.715,0.543,0.256,0.468,3.02,0
72WZtWs6V7uu3aMgMmEkYe,You Can't Always Get What You Want,The Rolling Stones,Let It Bleed,Soft Rock,12114,british,68,0.62,0.32,0.253,0.472,7.48,0
3LQuPOvQvNVQaE0YzoiymV,Feelin' Alright,Joe Cocker,With A Little Help From My Friends,Soft Rock,12114,blues,0,0.796,0.48,0.37,0.906,4.18,0
3H7sv3Krffn15BufUuXzf3,Hey Jude - Remastered 2015,The Beatles,1,Soft Rock,12114,british,74,0.607,0.386,0.088,0.532,7.09,0
5Wj1rJnCLpMHdLaxsFtJLs,Bennie And The Jets - Remastered 2014,Elton John,Goodbye Yellow Brick Road,Soft Rock,12114,piano,74,0.673,0.665,0.497,0.779,5.38,0
0NqQmmLEN9rlnkh2JW0UIs,Kokomo,The Beach Boys,50 Big Ones: Greatest Hits,Soft Rock,12114,psych-rock,71,0.635,0.682,0.137,0.927,3.62,0
4IRHwIZHzlHT1FQpRa5RdE,Goodbye Yellow Brick Road - Remastered 2014,Elton John,Goodbye Yellow Brick Road,Soft Rock,12114,piano,74,0.473,0.559,0.154,0.397,3.21,0
0IqKeD8ZSP72KbGYyzEcAs,Take Me To Church,Hozier,Hozier,Soft Rock,12114,singer-songwriter,83,0.664,0.566,0.116,0.437,4.03,0
0RFgvrhkf9FiDRLA0BhzpZ,Drift Away,Uncle Kracker,No Stranger To Shame,Soft Rock,12114,country,1,0.66,0.584,0.0979,0.868,4.26,0
6L89mwZXSOwYl76YXfX13s,Basket Case,Green Day,Dookie,Smells Like Teen Spirit,12115,punk,2,0.943,0.441,0.091,0.781,3.03,0
3K4HG9evC7dg3N0R9cYqk4,One Step Closer,Linkin Park,Hybrid Theory,Smells Like Teen Spirit,12115,alternative,78,0.969,0.492,0.0787,0.538,2.62,0
68pN2UQYhwQgPy7VrCFKuV,In Too Deep,Sum 41,"All Killer, No Filler",Smells Like Teen Spirit,12115,punk,76,0.844,0.568,0.0607,0.766,3.45,1
4dzOxPZFYX77xpMwv4EhnO,Fat Lip,Sum 41,"All Killer, No Filler",Smells Like Teen Spirit,12115,punk,74,0.914,0.402,0.065,0.626,2.97,1
12qZHAeOyTf93YAWvGDTat,All The Small Things,blink-182,Enema Of The State,Smells Like Teen Spirit,12115,punk-rock,2,0.9,0.442,0.395,0.609,2.8,0
2ydUT1pFhuLDnouelIv4WH,The Rock Show,blink-182,Take Off Your Pants And Jacket,Smells Like Teen Spirit,12115,punk-rock,73,0.959,0.41,0.0766,0.83,2.86,0
5V3mdRI2yQxbSsJGDPc5lD,Chop Suey!,System Of A Down,Toxicity,Smells Like Teen Spirit,12115,alternative,83,0.934,0.417,0.132,0.287,3.5,0
5eek2X5459T1HoYJk2CKXv,Last Resort,Papa Roach,Infest,Smells Like Teen Spirit,12115,alt-rock,80,0.89,0.589,0.201,0.692,3.33,0
5z6xHjCZr7a7AIcy8sPBKy,Smooth Criminal,Alien Ant Farm,Anthology,Smells Like Teen Spirit,12115,grunge,76,0.964,0.653,0.144,0.87,3.49,0
2ypT0w7jeCwcEQQvNE5o92,The Bad Touch,Bloodhound Gang,Hooray For Boobies,Smells Like Teen Spirit,12115,funk,0,0.711,0.828,0.0954,0.969,4.34,0
3mcG2NI5G5vhrQtRda1YnA,The Middle,Jimmy Eat World,Bleed American,Smells Like Teen Spirit,12115,alt-rock,0,0.848,0.644,0.0676,0.928,2.8,0
4yAEzjMpN9RZxZLqjqmW0X,Bleed American,Jimmy Eat World,Bleed American,Smells Like Teen Spirit,12115,power-pop,67,0.938,0.438,0.806,0.584,3.09,0
7GptbanebPZYkLPvjNfd6m,Buddy Holly,Weezer,Weezer,Smells Like Teen Spirit,12115,alt-rock,0,0.921,0.555,0.117,0.775,2.66,0
3Q8IgbIg5sgm1cq5GeJ54N,Tainted Love,Marilyn Manson,The Golden Age Of Grotesque,Smells Like Teen Spirit,12115,industrial,62,0.876,0.622,0.292,0.537,3.34,0
1jH2IzZ7JnixFoGG6XSnpf,Rollin' (Air Raid Vehicle),Limp Bizkit,Chocolate Starfish And The Hot Dog Flavored Water,Smells Like Teen Spirit,12115,funk,76,0.933,0.603,0.206,0.709,3.56,0
75ARkUKb54dQ86YezuoNhn,Hate To Say I Told You So,The Hives,Veni Vidi Vicious,Smells Like Teen Spirit,12115,garage,69,0.931,0.459,0.412,0.419,3.33,0
2MLHyLy5z5l5YRp7momlgw,Island In The Sun,Weezer,Weezer (Green Album),Smells Like Teen Spirit,12115,alt-rock,1,0.794,0.654,0.165,0.678,3.34,0
1eK4KsyjAzr2xJ86Tj5SWa,Crawling In The Dark,Hoobastank,Hoobastank,Smells Like Teen Spirit,12115,grunge,66,0.927,0.588,0.195,0.652,2.92,0
57BrRMwf9LrcmuOsyGilwr,Crawling,Linkin Park,Hybrid Theory,Smells Like Teen Spirit,12115,alternative,76,0.702,0.58,0.536,0.299,3.51,0
5oQcOu1omDykbIPSdSQQNJ,1985,Bowling For Soup,A Hangover You Don't Deserve,Smells Like Teen Spirit,12115,punk-rock,71,0.887,0.606,0.337,0.903,3.22,0
51T1wGHtx6hXW89UCzw1Rc,Pretty Fly (For A White Guy),The Offspring,Americana,Smells Like Teen Spirit,12115,punk-rock,75,0.895,0.723,0.0717,0.963,3.14,1
5EuWYcCiqOaf9jkWBauDFN,Want You Bad,The Offspring,Conspiracy Of One,Smells Like Teen Spirit,12115,punk-rock,72,0.966,0.491,0.307,0.614,3.38,1
6nTiIhLmQ3FWhvrGafw2zj,American Idiot,Green Day,American Idiot,Smells Like Teen Spirit,12115,punk,79,0.988,0.38,0.368,0.769,2.94,0
7MeXwzhSDGfqNfuFANgzVC,Toxicity,System Of A Down,Toxicity,Smells Like Teen Spirit,12115,alternative,81,0.873,0.413,0.204,0.48,3.65,0
36bOT34EdRNrNhCWMwNJKu,Just A Girl,No Doubt,Tragic Kingdom,Smells Like Teen Spirit,12115,alt-rock,1,0.937,0.635,0.134,0.78,3.47,0
6GQ3WTaNHMFlVmN4burGat,Butterfly,Crazy Town,The Gift Of Game,Smells Like Teen Spirit,12115,alt-rock,73,0.811,0.736,0.107,0.609,3.61,0
6WkSUgo1VdpzgtiXKlFPcY,Dammit,blink-182,Dude Ranch,Smells Like Teen Spirit,12115,punk-rock,68,0.974,0.429,0.164,0.33,2.76,0
0a7BloCiNzLDD9qSQHh5m7,"Dance, Dance",Fall Out Boy,From Under The Cork Tree,Smells Like Teen Spirit,12115,emo,77,0.961,0.622,0.0854,0.449,3.0,0
5OQsiBsky2k2kDKy2bX2eT,Learn to Fly,Foo Fighters,There Is Nothing Left To Lose,Smells Like Teen Spirit,12115,alt-rock,77,0.919,0.465,0.262,0.537,3.92,0
7kzKAuUzOITUauHAhoMoxA,Last Nite,The Strokes,Is This It,Smells Like Teen Spirit,12115,alt-rock,74,0.91,0.624,0.0789,0.767,3.23,0
2VTQAjZr7FPoEJD2sNoH3o,Celebrity Skin,Hole,Celebrity Skin,Smells Like Teen Spirit,12115,grunge,69,0.905,0.438,0.363,0.723,2.71,0
634JArk1AoXtts5DVdd4p2,Feuer frei!,Rammstein,Mutter,Smells Like Teen Spirit,12115,industrial,68,0.966,0.491,0.153,0.223,3.14,0
6ORqU0bHbVCRjXm9AjyHyZ,Good Riddance (Time of Your Life),Green Day,Nimrod,Smells Like Teen Spirit,12115,punk,0,0.432,0.449,0.161,0.645,2.56,0
2ue7SNot1tc4oOaFbKv5Wv,Disposable Teens,Marilyn Manson,Holy Wood,Smells Like Teen Spirit,12115,industrial,62,0.956,0.3,0.532,0.271,3.03,0
5ghIJDpPoe3CfHMGu71E6T,Smells Like Teen Spirit,Nirvana,Nevermind,Smells Like Teen Spirit,12115,alt-rock,83,0.912,0.502,0.106,0.72,5.03,0
4P5KoWXOxwuobLmHXLMobV,Come As You Are,Nirvana,Nevermind,Smells Like Teen Spirit,12115,alt-rock,79,0.824,0.5,0.0916,0.539,3.65,0
3USOTQdPtZlgVurwaqsdI5,Fuck Her Gently,Tenacious D,Tenacious D,Smells Like Teen Spirit,12115,comedy,59,0.297,0.521,0.273,0.517,2.06,0
1jNOi6m3Hn8nLEeHCp5Msr,Seven Nation Army,The White Stripes,Elephant,Smells Like Teen Spirit,12115,alt-rock,84,0.446,0.743,0.337,0.278,3.86,0
4bPQs0PHn4xbipzdPfn6du,I Write Sins Not Tragedies,Panic! At The Disco,A Fever You Can't Sweat Out,Smells Like Teen Spirit,12115,rock,3,0.792,0.565,0.114,0.639,3.13,0
6SpLc7EXZIPpy0sVko0aoU,Misery Business,Paramore,RIOT!,Smells Like Teen Spirit,12115,emo,1,0.906,0.513,0.113,0.73,3.53,0
18GC3F8YPGB8CePXcTUizQ,Thnks fr th Mmrs,Fall Out Boy,Infinity On High,Smells Like Teen Spirit,12115,emo,2,0.897,0.458,0.103,0.602,3.39,0
0jqK7sGTLsHPkQrrcrGuKD,Still Waiting,Sum 41,Does This Look Infected?,Smells Like Teen Spirit,12115,punk,71,0.95,0.431,0.272,0.56,2.65,1
1Dr1fXbc2IxaK1Mu8P8Khz,When I Come Around,Green Day,Dookie,Smells Like Teen Spirit,12115,punk,76,0.909,0.531,0.231,0.814,2.97,0
1yKu2MhpwzDXXH2tzG6xoa,Beverly Hills,Weezer,Make Believe,Smells Like Teen Spirit,12115,power-pop,71,0.823,0.693,0.328,0.741,3.27,0
21S5V668O8OUYAkjBYLUW2,Feeling This,blink-182,blink-182,Smells Like Teen Spirit,12115,punk-rock,71,0.962,0.411,0.529,0.622,2.88,0
5wTMQjEx9LWeFwLjolPCUy,What's My Age Again?,blink-182,Blink 182 (Sound and Vision Q4 2007),Smells Like Teen Spirit,12115,punk-rock,4,0.951,0.391,0.0878,0.468,2.48,0
24CRDgNOgA72JLL7PHFjgB,Anthem Part Two,blink-182,Take Off Your Pants And Jacket,Smells Like Teen Spirit,12115,punk-rock,68,0.932,0.552,0.119,0.518,3.79,0
2TfSHkHiFO4gRztVIkggkE,"Sugar, We're Goin Down",Fall Out Boy,From Under The Cork Tree,Smells Like Teen Spirit,12115,emo,2,0.887,0.5,0.114,0.631,3.82,0
27L8sESb3KR79asDUBu8nW,Stacy's Mom,Fountains Of Wayne,Welcome Interstate Managers,Smells Like Teen Spirit,12115,alt-rock,76,0.75,0.774,0.0808,0.927,3.3,0
6mcxQ1Y3uQRU0IHsvdNLH1,Where Is My Mind?,Pixies,Surfer Rosa (Remastered),Smells Like Teen Spirit,12115,alt-rock,77,0.442,0.513,0.0878,0.243,3.95,0
44wXefe8WB9Fd6xwtmAwbR,Monkey Wrench,Foo Fighters,The Colour And The Shape,Smells Like Teen Spirit,12115,grunge,70,0.953,0.401,0.149,0.555,3.86,0
3RlsVPIIs5KFhLFhxZ4iDF,Rockstar,Nickelback,All The Right Reasons,Smells Like Teen Spirit,12115,alt-rock,70,0.91,0.616,0.343,0.693,4.2,0
5PsUB0ISfQxRLhF5DmI5Ks,Don't Speak,No Doubt,Tragic Kingdom,Smells Like Teen Spirit,12115,alt-rock,0,0.752,0.508,0.142,0.554,4.38,0
1XWOrz0Da7a0m9T7COlVY3,Blue Orchid,The White Stripes,Get Behind Me Satan,Smells Like Teen Spirit,12115,blues,66,0.645,0.481,0.332,0.612,2.63,0
79a2ejVzj2SpXkpWdfv1Co,Sleigh Ride,Ella Fitzgerald,Ella Wishes You A Swinging Christmas,Christmas,12116,blues,0,0.287,0.593,0.153,0.639,2.93,0
0EKusaay0QqIjphCNMzXXw,Away In A Manger,Trisha Yearwood,The Sweetest Gift,Christmas,12116,country,0,0.135,0.309,0.355,0.34,2.65,0
50UAUs5jNNc7gWYN2amkCp,One Little Christmas Tree,Stevie Wonder,Someday At Christmas,Christmas,12116,funk,0,0.377,0.406,0.272,0.717,2.72,0
7nsHQpH5av8kIlhDAc4gmS,I Want To Come Home For Christmas,Marvin Gaye,A Motown Christmas,Christmas,12116,funk,0,0.564,0.309,0.111,0.488,3.38,0
5IFsFwlVkt6uzlAVkOOKk3,Let It Snow! Let It Snow! Let It Snow!,Ella Fitzgerald,Ella Wishes You A Swinging Christmas,Christmas,12116,blues,0,0.414,0.574,0.172,0.867,2.71,0
5humEOJehpAwMJEJmb0JJ2,The Christmas Song (Merry Christmas To You),Nat King Cole,The Nat King Cole Story,Christmas,12116,jazz,1,0.21,0.32,0.138,0.208,3.18,0
2RJfK2pOvGpnxC255YOy5k,Rose-Colored Boy,Paramore,After Laughter,nostalgic,12118,emo,66,0.826,0.768,0.031,0.926,3.55,0
3iVAyrTlbWGBq0laeQ18z2,Walking On A Dream,Empire of the Sun,Walking On A Dream,AAA,12120,alt-rock,79,0.701,0.871,0.0589,0.716,3.31,0
5QldjuXcxplhjjUqLrzl6H,Kids,MGMT,Oracular Spectacular/Congratulations,AAA,12120,alt-rock,78,0.931,0.451,0.361,0.172,5.05,0
0vaf64cpnqM7COUZZkoBig,Electric Feel,MGMT,Oracular Spectacular/Congratulations,AAA,12120,alt-rock,77,0.803,0.763,0.348,0.561,3.83,0
1Zqy9bervYUomy12Pbm3rP,Time to Pretend,MGMT,Oracular Spectacular/Congratulations,AAA,12120,alt-rock,72,0.94,0.438,0.3,0.421,4.35,0
1eyzqe2QqGZUmfcPZtrIyt,Midnight City,M83,"Hurry Up, We're Dreaming",AAA,12120,french,76,0.729,0.507,0.0658,0.272,4.02,0
7j56HrjR9cGzvekvZY3Faz,HandClap,Fitz and The Tantrums,Fitz and The Tantrums,AAA,12120,alt-rock,0,0.836,0.634,0.0828,0.715,3.22,0
5hc71nKsUgtwQ3z52KEKQk,Somebody Else,The 1975,"I like it when you sleep, for you are so beautiful yet so unaware of it",AAA,12120,alt-rock,73,0.793,0.618,0.126,0.459,5.79,0
316r1KLN0bcmpr7TZcMCXT,The Sound,The 1975,"I like it when you sleep, for you are so beautiful yet so unaware of it",AAA,12120,alt-rock,63,0.936,0.648,0.482,0.566,4.15,0
0XRbYXQUymj9SJkrr8YK5B,Keep Ya Head Up,2Pac,Strictly 4 My N.I.G.G.A.Z...,old school rap,12121,funk,71,0.732,0.598,0.508,0.595,4.38,0
5ByAIlEEnxYdvpnezg7HTX,Juicy,The Notorious B.I.G.,Ready To Die The Remaster,old school rap,12121,hardcore,62,0.767,0.887,0.0527,0.607,5.04,1
2g8HN35AnVGIk7B8yMucww,Big Poppa,The Notorious B.I.G.,Ready To Die The Remaster,old school rap,12121,hardcore,49,0.671,0.765,0.0506,0.798,4.21,1
2qOm7ukLyHUXWyR4ZWLwxA,It Was A Good Day,Ice Cube,The Predator,old school rap,12121,funk,82,0.744,0.798,0.292,0.794,4.33,0
64E7c7HdsIbbDWDSGxNJVF,Poppin' Them Thangs,G-Unit,Beg For Mercy,old school rap,12121,hardcore,37,0.753,0.768,0.063,0.935,4.01,0
0VdZ7t50K2asjY5hsABTDI,Dollaz + Sense,DJ Quik,Born And Raised In Compton: The Greatest Hits,old school rap,12121,hardcore,31,0.667,0.834,0.103,0.482,5.89,0
13QU1ThhwiGzPfwUFcylxr,Chin Check,N.W.A.,The Best Of N.W.A: The Strength Of Street Knowledge,old school rap,12121,hardcore,65,0.775,0.906,0.15,0.838,3.69,0
2Ih217RCGAmyQR68Nn7Cqo,You Know How We Do It,Ice Cube,Lethal Injection,old school rap,12121,funk,79,0.52,0.747,0.142,0.601,3.88,0
5xKVYMxOHB2XRLCUafFrz6,Dream Is Collapsing,Hans Zimmer,Inception,Instrumental,12122,german,56,0.433,0.518,0.42,0.0892,2.4,0
1YG2GrtTwOgU2q2MnAQUwz,Taking a Stand,Henry Jackman,Captain America: The Winter Soldier,Instrumental,12122,british,48,0.461,0.403,0.0781,0.253,2.12,0
3pEmbbtlQiB84zWz7pUHLN,The Battle,Harry Gregson-Williams,"The Chronicles of Narnia: The Lion, The Witch and The Wardrobe",Instrumental,12122,british,53,0.563,0.238,0.123,0.141,7.14,0
4zkynG1TXIknSEiJ9616rt,Leaving Earth,Clint Mansell,Mass Effect 3,Instrumental,12122,ambient,51,0.289,0.276,0.0963,0.0805,2.06,0
1yzSSn5Sj1azuo7RgwvDb3,No Time for Caution,Hans Zimmer,Interstellar: Original Motion Picture Soundtrack (Deluxe Digital Version),Instrumental,12122,german,59,0.224,0.262,0.118,0.0388,4.1,0
72WZtWs6V7uu3aMgMmEkYe,You Can't Always Get What You Want,The Rolling Stones,Let It Bleed,Rock Party,12123,british,68,0.62,0.32,0.253,0.472,7.48,0
67HxeUADW4H3ERfaPW59ma,Love Me Two Times,The Doors,Strange Days,Rock Party,12123,psych-rock,65,0.698,0.684,0.122,0.839,3.25,0
6s0NHplywwr1IjnQpUpWJk,Bad To The Bone,George Thorogood & The Destroyers,BAD TO THE BONE,Rock Party,12123,blues,71,0.727,0.459,0.384,0.955,4.87,0
1gzIbdFnGJ226LTl0Cn2SX,White Wedding - Pt. 1,Billy Idol,Billy Idol,Rock Party,12123,hard-rock,71,0.814,0.673,0.343,0.728,4.2,0
1HOMkjp0nHMaTnfAkslCQj,My Sharona,The Knack,Get The Knack,Rock Party,12123,power-pop,75,0.7,0.586,0.0318,0.897,4.92,0
4ebcE2SmkG7nplvzFAWRu7,What I Like About You,The Romantics,The Romantics,Rock Party,12123,power-pop,69,0.942,0.514,0.17,0.912,2.92,0
4CJVkjo5WpmUAKp3R44LNb,Sweet Home Alabama,Lynyrd Skynyrd,Second Helping,Rock Party,12123,blues,2,0.724,0.614,0.146,0.902,4.69,0
1ynmMEK1fkyiZ6Z6F3ThEt,Centerfold,The J. Geils Band,Freeze Frame,Rock Party,12123,blues,74,0.677,0.653,0.403,0.888,3.61,0
0C80GCp0mMuBzLf3EAXqxv,Shoot to Thrill,AC/DC,Back In Black,Rock Party,12123,hard-rock,73,0.904,0.457,0.396,0.48,5.29,0
2d4e45fmUnguxh6yqC7gNT,Dirty Deeds Done Dirt Cheap,AC/DC,Dirty Deeds Done Dirt Cheap,Rock Party,12123,hard-rock,74,0.906,0.668,0.135,0.507,3.87,0
08mG3Y1vljYA6bvDt4Wqkj,Back In Black,AC/DC,Back In Black,Rock Party,12123,hard-rock,85,0.7,0.31,0.0828,0.763,4.26,0
2zYzyRzz6pRmhPzyfMEC8s,Highway to Hell,AC/DC,Highway to Hell,Rock Party,12123,hard-rock,85,0.913,0.574,0.156,0.423,3.47,0
7LRMbd3LEoV5wZJvXT1Lwb,T.N.T.,AC/DC,High Voltage,Rock Party,12123,hard-rock,78,0.759,0.754,0.101,0.435,3.58,0
0OBwxFLu6Yj61s2OagYbgY,Gimme All Your Lovin',ZZ Top,Eliminator,Rock Party,12123,blues,71,0.788,0.63,0.0883,0.63,4.02,0
1dv3ePjze9tPq2pk8eWJdR,Gimme Shelter,The Rolling Stones,Let It Bleed,Rock Party,12123,british,0,0.63,0.634,0.169,0.489,4.51,0
4sFbojhVXQv7dBC9PVCcRn,Sympathy For The Devil,The Rolling Stones,Beggars Banquet,Rock Party,12123,british,1,0.67,0.636,0.0453,0.572,6.3,0
4gMgiXfqyzZLMhsksGmbQV,"Another Brick in the Wall, Pt. 2",Pink Floyd,The Wall,Rock Party,12123,psych-rock,76,0.394,0.693,0.247,0.721,3.98,0
5HNCy40Ni5BZJFw1TKzRsC,Comfortably Numb,Pink Floyd,The Wall,Rock Party,12123,psych-rock,74,0.366,0.472,0.0837,0.171,6.37,0
1TKTiKp3zbNgrBH2IwSwIx,Us and Them,Pink Floyd,The Dark Side of the Moon,Rock Party,12123,psych-rock,66,0.302,0.357,0.634,0.135,7.82,0
3CmHvyZQQAGkKkTjTBFWN6,Have a Cigar,Pink Floyd,Wish You Were Here,Rock Party,12123,psych-rock,66,0.65,0.454,0.589,0.72,5.13,0
6pnwfWyaWjQiHCKTiZLItr,Shine On You Crazy Diamond (Pts. 1-5),Pink Floyd,Wish You Were Here,Rock Party,12123,psych-rock,67,0.294,0.264,0.107,0.0402,13.52,0
1AhDOtG9vPSOmsWgNW0BEY,Bohemian Rhapsody - Remastered 2011,Queen,A Night At The Opera,Rock Party,12123,rock,82,0.404,0.414,0.3,0.224,5.91,0
24NwBd5vZ2CK8VOQVnqdxr,Sweet Emotion,Aerosmith,Toys In The Attic,Rock Party,12123,hard-rock,74,0.76,0.38,0.104,0.491,4.57,0
4nXkbcTj3nyww1cHkw5RAP,Long Train Runnin',The Doobie Brothers,The Captain And Me,Rock Party,12123,blues,72,0.912,0.575,0.0562,0.843,3.45,0
40NRm1ZLvZpUSCUXAGGZ8J,Kung Fu Fighting,Carl Douglas,The Soul of the Kung Fu Fighter,Rock Party,12123,disco,26,0.764,0.621,0.161,0.745,3.29,0
5Wj1rJnCLpMHdLaxsFtJLs,Bennie And The Jets - Remastered 2014,Elton John,Goodbye Yellow Brick Road,Rock Party,12123,piano,74,0.673,0.665,0.497,0.779,5.38,0
4BGJSbB5rAcg4pNzD4gfxU,Tiny Dancer,Elton John,Madman Across The Water,Rock Party,12123,piano,78,0.428,0.414,0.148,0.282,6.28,0
2Z2vOukzwOgqR4dkymRSWd,Santeria,Sublime,Sublime,Rock Party,12123,punk,1,0.751,0.665,0.121,0.58,3.04,0
48UPSzbZjgc449aqz8bxox,Californication,Red Hot Chili Peppers,Californication,Rock Party,12123,alt-rock,2,0.765,0.592,0.127,0.327,5.5,0
57460SJgSpCXaRJ9YIYHxy,Going Up The Country,Canned Heat,The Best Of Canned Heat,Rock Party,12123,psych-rock,62,0.239,0.622,0.109,0.737,2.86,0
6lOd130EnOKHUQah2dbJYE,Long Hot Summer Days,John Hartford,Mark Twang,Rock Party,12123,bluegrass,32,0.177,0.591,0.294,0.522,4.81,0
5AdoS3gS47x40nBNlNmPQ8,Angel Of Death,Slayer,Reign In Blood,Rock Party,12123,death-metal,60,0.995,0.326,0.145,0.092,4.86,0
2RaA6kIcvomt77qlIgGhCT,Breaking the Law,Judas Priest,British Steel,Rock Party,12123,hard-rock,72,0.961,0.362,0.159,0.491,2.56,0
0IXpUl1fn2QZcBavfuq0H4,Living After Midnight,Judas Priest,British Steel,Rock Party,12123,hard-rock,64,0.824,0.61,0.0606,0.819,3.5,0
4e9hUiLsN4mx61ARosFi7p,The Spirit Of Radio,Rush,Permanent Waves,Rock Party,12123,hard-rock,0,0.95,0.362,0.371,0.611,4.98,0
4ReyTz0y3TGkX48wO3Llot,Epic,Faith No More,The Real Thing,Rock Party,12123,alt-rock,0,0.899,0.358,0.195,0.27,4.89,0
6B4JGMaqe1LaEMlsVzNdNM,Fell On Black Days,Soundgarden,Superunknown,Rock Party,12123,grunge,68,0.739,0.574,0.141,0.514,4.7,0
6gZVQvQZOFpzIy3HblJ20F,Man in the Box,Alice In Chains,Facelift,Rock Party,12123,alt-rock,75,0.791,0.355,0.0969,0.758,4.74,1
2JuasWPUodaUxf5nwNpciQ,Nutshell,Alice In Chains,Jar Of Flies,Rock Party,12123,alt-rock,71,0.561,0.384,0.0775,0.159,4.32,0
4PtZE0h5oyPhCtPjg3NeYQ,No Excuses,Alice In Chains,Jar Of Flies,Rock Party,12123,grunge,64,0.838,0.527,0.07,0.721,4.26,0
6HnZsLUDrG3HTSbh8sq2u3,I Stay Away,Alice In Chains,Jar Of Flies,Rock Party,12123,grunge,62,0.781,0.174,0.0822,0.276,4.24,0
3yrSvpt2l1xhsV9Em88Pul,Brown Eyed Girl,Van Morrison,Blowin' Your Mind!,Rock Party,12123,folk,80,0.583,0.491,0.406,0.908,3.06,0
6i2YA4WM3FqwyO7UX7XWbx,Zumba,Don Omar,Don Omar Presents MTO2: New Generation,latin vibes,12124,hip-hop,2,0.891,0.718,0.138,0.828,4.4,0
0qYTZCo5Bwh1nsUFGZP3zn,Felices los 4,Maluma,Felices los 4,latin vibes,12124,latino,74,0.756,0.766,0.349,0.716,3.83,0
18hTbh3xszreJlzMmi0Kbi,Sad Machine,Porter Robinson,Worlds,2015,12125,dub,60,0.706,0.47,0.0726,0.327,5.84,0
1IzYieZLthiKAsuu3WqhFV,Fresh Static Snow,Porter Robinson,Worlds,2015,12125,dubstep,45,0.499,0.636,0.112,0.234,5.98,0
7lYioyxZZDThE5gXM24rva,Sea Of Voices,Porter Robinson,Worlds,2015,12125,dub,47,0.437,0.215,0.0696,0.0445,4.98,0
3AYrC5Ynyr6LyATBix9uHY,Goodbye To A World,Porter Robinson,Worlds,2015,12125,dub,64,0.35,0.444,0.0824,0.0973,5.48,0
7GJClzimvMSghjcrKxuf1M,Budapest,George Ezra,Wanted On Voyage,new jams,12126,folk,79,0.455,0.717,0.11,0.389,3.35,0
7BVwi9cIzSc6tpyxsp47vJ,Mess Is Mine,Vance Joy,Dream Your Life Away,new jams,12126,folk,64,0.723,0.595,0.0995,0.272,3.73,0
3gbBpTdY8lnQwqxNCcf795,Pompeii,Bastille,Bad Blood,new jams,12126,rock,1,0.711,0.68,0.241,0.571,3.57,0
6YUTL4dYpB9xZO5qExPf05,Summer,Calvin Harris,Motion,new jams,12126,electro,82,0.856,0.596,0.141,0.743,3.71,0
0qt5f5EL92o8Snzopsv0en,Geronimo,Sheppard,Bombs Away,new jams,12126,folk,0,0.838,0.682,0.12,0.461,3.64,0
34Jeq8ktRzyOW1uw40InVy,Uma Thurman,Fall Out Boy,American Beauty/American Psycho,new jams,12126,emo,2,0.961,0.623,0.264,0.668,3.53,0
6vECYJHxYmm3Ydt3fF01pE,Stolen Dance,Milky Chance,Sadnecessary,new jams,12126,german,80,0.581,0.884,0.0759,0.728,5.23,0
4VrWlk8IQxevMvERoX08iC,Chandelier,Sia,1000 Forms Of Fear,new jams,12126,dance,80,0.787,0.399,0.0685,0.572,3.6,0
4kbj5MwxO1bq9wjT5g9HaA,Shut Up and Dance,WALK THE MOON,TALKING IS HARD,new jams,12126,alt-rock,83,0.866,0.578,0.257,0.619,3.32,0
3zHq9ouUJQFQRf3cm1rRLu,"Love Me Like You Do - From ""Fifty Shades Of Grey""",Ellie Goulding,Delirium,new jams,12126,dance,79,0.606,0.262,0.125,0.275,4.21,0
7jJH8F3PHlNvxfqEAAfFDl,I Choose You,Sara Bareilles,The Blessed Unrest,new jams,12126,acoustic,63,0.572,0.731,0.133,0.947,3.64,0
4mdyVTV7Tr5YDFnD2kvSM4,Bruises,Chairlift,Does You Inspire You,new jams,12126,synth-pop,56,0.554,0.579,0.101,0.838,4.02,0
1jdNcAD8Ir58RlsdGjJJdx,Ho Hey,The Lumineers,The Lumineers,new jams,12126,folk,79,0.471,0.682,0.0908,0.421,2.69,0
0ngtyvPUKR4YTtkVKvZP02,Dream,Priscilla Ahn,A Good Day,new jams,12126,acoustic,54,0.248,0.512,0.114,0.158,3.52,0
6l9HDwqU46DHCuNyvbmFdP,New Soul,Yael Naim,Yael Naim,new jams,12126,french,59,0.371,0.582,0.122,0.604,3.75,0
5g7rJvWYVrloJZwKiShqlS,Dirty Paws,Of Monsters and Men,My Head Is An Animal,new jams,12126,folk,70,0.649,0.359,0.0555,0.133,4.64,0
0pegFWSUOTiG0sLVEfxtvA,Heart's Content,Brandi Carlile,Bear Creek,new jams,12126,acoustic,59,0.209,0.564,0.107,0.402,3.58,0
3uxeGciywN3CgnFfasggXz,Say Anything,Tristan Prettyman,Cedar + Gold,new jams,12126,acoustic,51,0.43,0.657,0.12,0.335,3.94,0
15twB7zTglmu0Bg8gW4Mrm,Stubborn Love,The Lumineers,The Lumineers,new jams,12126,folk,68,0.544,0.596,0.262,0.262,4.62,0
4iOoHmJJiqyTxsXSa5uELv,Like I Can,Sam Smith,In The Lonely Hour,new jams,12126,dance,0,0.683,0.628,0.176,0.462,2.78,0
6KRddNr4XlooytDWtefT7L,I Love You Will Still Sound The Same,Oh Honey,With Love - EP,new jams,12126,r-n-b,58,0.737,0.607,0.119,0.702,3.45,0
1ivHxaGL5ld9VS1zsYc4YN,Cherry Wine - Live,Hozier,Hozier,new jams,12126,singer-songwriter,67,0.111,0.418,0.0982,0.228,4.0,0
6xjxMWGsprmtUVMDaMhgH0,Grow Old with Me,Tom Odell,Long Way Down (Deluxe),new jams,12126,chill,59,0.591,0.505,0.174,0.39,3.05,0
0j6YwWZVHsIFKr5FDEu68o,Jackie And Wilson,Hozier,Hozier,new jams,12126,singer-songwriter,60,0.712,0.566,0.124,0.753,3.72,0
44f2AVSNQ3xVs1EI0S0bjl,Like Real People Do,Hozier,Hozier,new jams,12126,singer-songwriter,68,0.183,0.569,0.106,0.13,3.3,0
7K36drJq6lInkW6Kkojucp,American Beauty,Drew Holcomb & The Neighbors,Medicine,new jams,12126,acoustic,63,0.169,0.645,0.109,0.178,2.63,0
3bBj6ii741ENHGwJ0rOsV1,What Would I Do Without You,Drew Holcomb & The Neighbors,Good Light,new jams,12126,acoustic,64,0.336,0.602,0.143,0.335,2.87,0
0VDhK4DIjbsAHo1GDe9VfM,I Like to Be With Me When I'm With You,Drew Holcomb & The Neighbors,A Million Miles Away,new jams,12126,acoustic,55,0.384,0.595,0.0796,0.691,3.85,0
03CLsFk6JSz301bKuukPSD,Retrograde,James Blake,Overgrown,new jams,12126,electronic,64,0.251,0.533,0.134,0.186,3.73,0
6gBFPUFcJLzWGx4lenP6h2,goosebumps,Travis Scott,Birds In The Trap Sing McKnight,RM,12127,hip-hop,84,0.728,0.841,0.149,0.43,4.06,0
62vpWI1CHwFy7tMIcSStl8,No Role Modelz,J. Cole,2014 Forest Hills Drive,RM,12127,hip-hop,88,0.521,0.69,0.0534,0.494,4.88,0
43ZyHQITOjhciSUUNPVRHc,Gucci Gang,Lil Pump,Lil Pump,RM,12127,emo,64,0.523,0.936,0.117,0.699,2.07,0
4s7DK08ZqqU5EnjvQ6Vlle,Hasta Abajo,Don Omar,Meet The Orphans,Regetton,12128,hip-hop,1,0.885,0.759,0.468,0.673,3.87,0
1PZrHbJjt5t7dP9OGRxcD0,Dale Don Dale,Don Omar,The Last Don,Regetton,12128,hip-hop,1,0.818,0.831,0.0892,0.819,3.54,0
41IrY9OFcaWVnEojXftyVh,Hipnotízame,Wisin & Yandel,Líderes,Regetton,12128,electro,7,0.828,0.775,0.434,0.571,4.06,0
6ZL9TIl29MquNWbB8VkuKn,Tu Olor,Wisin & Yandel,"Los Vaqueros, El Regreso",Regetton,12128,electro,0,0.753,0.821,0.109,0.364,4.08,0
0B70RUdQurJEWLT28GdNtD,Estoy Enamorado,Wisin & Yandel,"Los Vaqueros, El Regreso",Regetton,12128,electro,2,0.725,0.78,0.0851,0.431,4.53,0
1Kgyx7NLtzsa3gWV1efGHu,Sexy Movimiento,Wisin & Yandel,"Wisin Vs Yandel ""Los Extraterrestres""",Regetton,12128,electro,1,0.858,0.787,0.133,0.814,3.49,0
2dxba9UR1VbdYA06n0AoqU,Guaya Guaya,Don Omar,The Last Don II,Regetton,12128,hip-hop,0,0.872,0.787,0.136,0.696,3.23,0
5gflgO9EPbIBf16n5TKnQS,Yo Voy (feat. Daddy Yankee),Zion & Lennox,Motivando a la Yal,Regetton,12128,latin,84,0.697,0.808,0.0546,0.554,3.87,0
5Fim1gaXBgsiFfsQAfQSDS,Hasta el Amanecer,Nicky Jam,Fénix,Regetton,12128,latino,71,0.608,0.832,0.0761,0.589,3.31,0
4hEl2wrneFEJbJ6SDYWd2f,Not Afraid,Eminem,Recovery,5,12129,hip-hop,81,0.954,0.855,0.205,0.668,4.14,1
3yfqSUWxFvZELEM4PmlwIR,The Real Slim Shady,Eminem,The Marshall Mathers LP,5,12129,hip-hop,87,0.661,0.949,0.0454,0.76,4.74,1
1zCoCopxgQmozHBuuyfW2K,"Gone, Gone, Gone",Phillip Phillips,The World From The Side Of The Moon,Popi,12130,folk,67,0.642,0.664,0.114,0.501,3.49,0
5rX6C5QVvvZB7XckETNych,All Summer Long,Kid Rock,Rock N Roll Jesus,Popi,12130,alternative,0,0.865,0.701,0.0956,0.88,4.96,0
7s0lDK7y3XLmI7tcsRAbW0,My Songs Know What You Did In The Dark (Light Em Up),Fall Out Boy,Save Rock And Roll,Popi,12130,emo,0,0.924,0.557,0.537,0.566,3.11,0
2zYzyRzz6pRmhPzyfMEC8s,Highway to Hell,AC/DC,Highway to Hell,Popi,12130,hard-rock,85,0.913,0.574,0.156,0.423,3.47,0
08mG3Y1vljYA6bvDt4Wqkj,Back In Black,AC/DC,Back In Black,Popi,12130,hard-rock,85,0.7,0.31,0.0828,0.763,4.26,0
7LRMbd3LEoV5wZJvXT1Lwb,T.N.T.,AC/DC,High Voltage,Popi,12130,hard-rock,78,0.759,0.754,0.101,0.435,3.58,0
3CRDbSIZ4r5MsZ0YwxuEkn,Stressed Out,Twenty One Pilots,Blurryface,Popi,12130,rock,85,0.637,0.734,0.0602,0.648,3.37,0
46GGxd8TVRt6FjUBfCavVT,Renegades,X Ambassadors,VHS,Popi,12130,alt-rock,76,0.862,0.526,0.229,0.528,3.25,0
4Wxoq8aU3AWcXnuNn3FzOQ,Dum Dee Dum,Keys N Krates,Dum Dee Dum,Popi,12130,electronic,57,0.891,0.755,0.12,0.515,3.2,0
09TcIuH1ZO7i4vicWKoaN2,Papaoutai,Stromae,racine carrée,Popi,12130,house,74,0.809,0.734,0.0642,0.254,3.87,0
1znPMY3zq78mVuTAmOA9O7,Nothing Else Matters,Metallica,Metallica,Rocky,12131,hard-rock,80,0.362,0.553,0.075,0.158,6.47,0
0BAjUM6V9P9g8rK83hVUTJ,The Unforgiven,Metallica,Metallica,Rocky,12131,hard-rock,74,0.584,0.54,0.253,0.244,6.44,0
0S3gpZzlT9Hb7CCSV2owX7,"Mama, I'm Coming Home",Ozzy Osbourne,No More Tears (Bonus Track Version),Rocky,12131,hard-rock,69,0.656,0.282,0.0892,0.242,4.2,0
3LTMnFa0hhwisyq6ILahyj,Sultans Of Swing,Dire Straits,Dire Straits,Rocky,12131,rock,81,0.794,0.733,0.33,0.931,5.81,0
6FcQD1qOpqV8NdhY45sKyI,What's Love Got to Do with It,Tina Turner,Simply The Best,Rocky,12131,disco,0,0.482,0.855,0.151,0.795,3.78,0
0iEEDY73hQFa6Ms5KWFQqM,Just Breathe,Pearl Jam,Backspacer,Rocky,12131,grunge,69,0.348,0.473,0.0823,0.283,3.6,0
5qqabIl2vWzo9ApSC317sa,Wonderwall - Remastered,Oasis,(What's The Story) Morning Glory? [Remastered],Rocky,12131,rock,78,0.896,0.378,0.194,0.469,4.31,0
3rq5w4bQGigXOfdN30ATJt,Do I Wanna Know?,Arctic Monkeys,AM,Rocky,12131,garage,88,0.532,0.548,0.217,0.405,4.54,0
5ghIJDpPoe3CfHMGu71E6T,Smells Like Teen Spirit,Nirvana,Nevermind,Rocky,12131,alt-rock,83,0.912,0.502,0.106,0.72,5.03,0
3jJZVeExYzVYiV6Y9Fl3DX,Plush,Stone Temple Pilots,Core,Rocky,12131,alt-rock,1,0.954,0.416,0.177,0.498,5.17,0
0uppYCG86ajpV2hSR3dJJ0,Give It Away,Red Hot Chili Peppers,Blood Sugar Sex Magik,Rocky,12131,metal,73,0.936,0.666,0.153,0.776,4.72,0
2wVXSc0IrQVodHESUxVUJA,Losing My Religion,R.E.M.,Out Of Time,Rocky,12131,alt-rock,0,0.854,0.666,0.0986,0.803,4.47,0
6EsBn1Md8C5YdbCzvwvZq8,Self Esteem,The Offspring,Greatest Hits,Rocky,12131,punk-rock,77,0.862,0.488,0.359,0.706,4.3,1
5PsUB0ISfQxRLhF5DmI5Ks,Don't Speak,No Doubt,Tragic Kingdom,Rocky,12131,alt-rock,0,0.752,0.508,0.142,0.554,4.38,0
2nTsKOXIVGDf2iPeVQO2Gm,Paranoid Android,Radiohead,OK Computer,Rocky,12131,alt-rock,70,0.848,0.251,0.0545,0.207,6.45,0
48UPSzbZjgc449aqz8bxox,Californication,Red Hot Chili Peppers,Californication,Rocky,12131,alt-rock,2,0.765,0.592,0.127,0.327,5.5,0
1G391cbiT3v3Cywg8T7DM1,Scar Tissue,Red Hot Chili Peppers,Californication,Rocky,12131,alt-rock,79,0.717,0.595,0.108,0.547,3.6,0
5V3mdRI2yQxbSsJGDPc5lD,Chop Suey!,System Of A Down,Toxicity,Rocky,12131,alternative,83,0.934,0.417,0.132,0.287,3.5,0
1twBt7aZiy7HWPG025QGuP,Aerials,System Of A Down,Toxicity,Rocky,12131,alternative,77,0.922,0.364,0.0697,0.227,3.93,0
7MeXwzhSDGfqNfuFANgzVC,Toxicity,System Of A Down,Toxicity,Rocky,12131,alternative,81,0.873,0.413,0.204,0.48,3.65,0
5tVA6TkbaAH9QMITTQRrNv,Free Fallin',Tom Petty,Full Moon Fever,Fathers Day,12132,folk,0,0.504,0.619,0.06,0.568,4.27,0
0BCy325UZyR9z0t0uxwn2N,H.O.L.Y.,Florida Georgia Line,Dig Your Roots,Fathers Day,12132,country,71,0.666,0.523,0.0728,0.564,3.24,0
44f2AVSNQ3xVs1EI0S0bjl,Like Real People Do,Hozier,Hozier,Fathers Day,12132,singer-songwriter,68,0.183,0.569,0.106,0.13,3.3,0
6Fha6tXHkL3r9m9nNqQG8p,Georgia,Vance Joy,Dream Your Life Away,Fathers Day,12132,folk,62,0.66,0.388,0.0943,0.401,3.84,0
5WSL7UTa38jMWoBzObD4BD,I Can't Stop,Flux Pavilion,I Can't Stop,dubstep,12133,dub,56,0.775,0.513,0.409,0.205,5.1,0
7569Hbv0FUS7vjkdGvdgeZ,Promises - Skrillex & Nero Remix,NERO,Welcome Reality +,dubstep,12133,drum-and-bass,44,0.819,0.526,0.0616,0.167,4.48,0
4A7qcJp2Sg867JST1pSPJz,Promises,NERO,Welcome Reality,dubstep,12133,drum-and-bass,56,0.943,0.484,0.593,0.345,4.29,0
6eRPYyh1EPRqDhgb3Nardw,Spirit of Life,Blackmill,Miracle,dubstep,12133,dubstep,49,0.596,0.537,0.358,0.109,6.26,0
5MBlrOHmPi5h7OFIsl3lnb,Infinite,Bassnectar,Freestyle,dubstep,12133,breakbeat,22,0.856,0.576,0.0748,0.167,6.11,0
2aoo2jlRnM3A0NyLQqMN2f,All Along the Watchtower,Jimi Hendrix,Electric Ladyland,Dazed and Confused,12134,blues,77,0.805,0.438,0.0842,0.564,4.01,0
4uGIJG1jYFonGc4LGp5uQL,Somebody to Love,Jefferson Airplane,Surrealistic Pillow,Dazed and Confused,12134,blues,70,0.578,0.504,0.321,0.654,2.91,0
0wJoRiX5K5BxlqZTolB2LD,Purple Haze,Jimi Hendrix,Are You Experienced,Dazed and Confused,12134,blues,71,0.905,0.533,0.0698,0.486,2.85,0
2BcvvHttiZRvguFM4hR398,Sunshine Of Your Love,Cream,Disraeli Gears,Dazed and Confused,12134,blues,0,0.522,0.683,0.121,0.764,4.16,0
5X76oXHcR5uCXali0gOyX5,White Room,Cream,Wheels Of Fire,Dazed and Confused,12134,blues,70,0.576,0.553,0.0365,0.457,5.05,0
6DmfWj5kOa1fX8AwN9byOn,L.A. Woman,The Doors,L.A. Woman,Dazed and Confused,12134,psych-rock,0,0.731,0.354,0.115,0.697,7.85,0
6IWxHgVbdKyUMydhVGXRaT,On The Road Again,Canned Heat,The Best Of Canned Heat,Dazed and Confused,12134,psych-rock,51,0.156,0.496,0.232,0.205,3.44,0
1ELF9fCfvli49hNX10pH2Y,Dear Mr. Fantasy,Traffic,Mr. Fantasy,Dazed and Confused,12134,blues,0,0.854,0.201,0.245,0.659,5.57,0
4vpeKl0vMGdAXpZiQB2Dtd,White Rabbit,Jefferson Airplane,Surrealistic Pillow,Dazed and Confused,12134,blues,72,0.293,0.551,0.0864,0.322,2.51,0
1qRA5BS78u3gME0loMl9AA,For What It's Worth,Buffalo Springfield,Buffalo Springfield,Dazed and Confused,12134,blues,78,0.519,0.653,0.101,0.822,2.56,0
4hEk1CHls2JEDbKIKy8JxV,Breakfast In America - 2010 Remastered,Supertramp,Breakfast In America,Dazed and Confused,12134,piano,72,0.663,0.532,0.0734,0.756,2.66,0
2AxCeJ6PSsBYiTckM0HLY7,Voodoo Child (Slight Return),Jimi Hendrix,Electric Ladyland,Dazed and Confused,12134,blues,68,0.91,0.214,0.0517,0.448,5.22,0
7AL6qzIDHIX7pEUWrzNiIs,Hurdy Gurdy Man,Donovan,The Hurdy Gurdy Man,Dazed and Confused,12134,british,58,0.463,0.405,0.392,0.542,3.22,0
4RGxUjaCmVtD30pIhtEi7w,Sunshine Superman,Donovan,Sunshine Superman,Dazed and Confused,12134,british,59,0.677,0.629,0.0962,0.627,3.25,0
1dv3ePjze9tPq2pk8eWJdR,Gimme Shelter,The Rolling Stones,Let It Bleed,Dazed and Confused,12134,british,0,0.63,0.634,0.169,0.489,4.51,0
5aYVqxyetmT5OYmvZCA90X,Slow Ride,Foghat,Fool For The City,Dazed and Confused,12134,blues,69,0.586,0.493,0.102,0.656,8.24,0
672N8DGGTOLCOgWe0koX5g,I Wanna Be Your Dog,The Stooges,The Stooges,Dazed and Confused,12134,blues,0,0.913,0.541,0.414,0.113,3.14,0
0ySCYRXVugL9xDBecGc0jr,It Ain't Hard to Tell,Nas,Illmatic XX,oli,12135,hardcore,65,0.729,0.69,0.152,0.357,3.37,0
33ZXjLCpiINn8eQIDYEPTD,"Shook Ones, Pt. II",Mobb Deep,The Infamous,oli,12135,hardcore,76,0.786,0.763,0.0817,0.504,5.43,0
2qOm7ukLyHUXWyR4ZWLwxA,It Was A Good Day,Ice Cube,The Predator,oli,12135,funk,82,0.744,0.798,0.292,0.794,4.33,0
5zwz05jkQVT68CjUpPwFZe,N.Y. State of Mind,Nas,Illmatic XX,oli,12135,hardcore,72,0.91,0.665,0.227,0.887,4.9,0
6JI5wNWYdBw68GZjOMmgK5,Put It On,Big L,Lifestylez Ov Da Poor & Dangerous,oli,12135,hardcore,64,0.62,0.711,0.134,0.805,3.63,0
4G3dZN9o3o2X4VKwt4CLts,Passin' Me By,The Pharcyde,Bizarre Ride II The Pharcyde,oli,12135,hardcore,70,0.756,0.759,0.265,0.613,5.06,0
0XgpiStoxq1IJncYlPrvZ5,Runnin',The Pharcyde,Labcabincalifornia,oli,12135,hardcore,64,0.785,0.754,0.319,0.821,4.94,0
48ZUwXrEOhaXLCxvmRYhZv,Don't Sweat The Technique,Eric B. & Rakim,Don't Sweat The Technique,oli,12135,hardcore,61,0.89,0.737,0.0801,0.809,4.38,0
2g8HN35AnVGIk7B8yMucww,Big Poppa,The Notorious B.I.G.,Ready To Die The Remaster,oli,12135,hardcore,49,0.671,0.765,0.0506,0.798,4.21,1
3Ti0GdlrotgwsAVBBugv0I,Can I Kick It?,A Tribe Called Quest,People's Instinctive Travels and the Paths of Rhythm (25th Anniversary Edition),oli,12135,hardcore,70,0.666,0.848,0.129,0.744,4.19,0
33BkKAyogx7YXVWdrUlr76,Halftime,Nas,Illmatic XX,oli,12135,hardcore,61,0.793,0.766,0.173,0.652,4.35,0
3gY6tiCNsuVi6s8kPV6aQg,Nas Is Like,Nas,I Am...,oli,12135,hardcore,67,0.845,0.634,0.0598,0.929,3.95,0
2FWmKZ3kNbVsKGhuNHsltW,Brooklyn Zoo,Ol' Dirty Bastard,Return To The 36 Chambers: The Dirty Version,oli,12135,alternative,0,0.801,0.73,0.843,0.659,3.63,0
3TZwjdclvWt7iPJUnMpgcs,Jump Around,House Of Pain,House of Pain (Fine Malt Lyrics),oli,12135,hard-rock,65,0.71,0.854,0.166,0.818,3.58,0
2p9sprAX27D6U5cuSE9NsM,When I B On Tha Mic,Rakim,The Master,oli,12135,hardcore,65,0.484,0.836,0.0557,0.839,3.72,0
30oTS7bm0aH3p7lqjEIu8q,Full Clip,Gang Starr,Full Clip: A Decade Of Gang Starr,oli,12135,hardcore,65,0.745,0.875,0.287,0.749,3.61,0
5ByAIlEEnxYdvpnezg7HTX,Juicy,The Notorious B.I.G.,Ready To Die The Remaster,oli,12135,hardcore,62,0.767,0.887,0.0527,0.607,5.04,1
1AHfovSnGPVYKaahRtA0U6,The Message,Nas,It Was Written,oli,12135,hardcore,65,0.543,0.614,0.383,0.485,3.9,0
5n8Aro6j1bEGIy7Tpo7FV7,Fuck Tha Police,N.W.A.,Straight Outta Compton,oli,12135,hardcore,71,0.75,0.859,0.0538,0.857,5.76,0
1w29UTa5uUvIri2tWtZ12Y,Hip Hop Hooray,Naughty By Nature,19 Naughty III,oli,12135,hardcore,67,0.642,0.862,0.272,0.765,4.45,0
3Q3myFA7q4Op95DOpHplaY,do re mi,blackbear,digital druglord,BB,12137,electro,73,0.593,0.745,0.123,0.17,3.53,0
03fT3OHB9KyMtGMt2zwqCT,Play It Again,Luke Bryan,Crash My Party,contry,12138,country,75,0.886,0.506,0.0734,0.595,3.78,0
0yD66650JxhqKbW76C2qCo,Country Girl (Shake It For Me),Luke Bryan,Tailgates & Tanlines,contry,12138,country,2,0.904,0.644,0.0834,0.672,3.76,0
2wLSJ8pnimLiM8oIsIRox4,I'm Not The Only One,Sam Smith,In The Lonely Hour,Sleep,12139,dance,1,0.487,0.684,0.0821,0.456,3.72,0
0qYTZCo5Bwh1nsUFGZP3zn,Felices los 4,Maluma,Felices los 4,summer.seventeen,12140,latino,74,0.756,0.766,0.349,0.716,3.83,0
5b1GCiDjsOv3731sV3uL3L,16 Shots,Stefflon Don,16 Shots,summer.seventeen,12140,dance,69,0.79,0.684,0.0854,0.549,3.75,0
3S0OXQeoh0w6AY8WQVckRW,I'm Yours,Jason Mraz,We Sing. We Dance. We Steal Things.,feelin' gOOd,12141,acoustic,80,0.444,0.703,0.0973,0.712,4.04,0
3zByVQLvdXUaDTubfWkpCk,Sweet Caroline,Neil Diamond,Sweet Caroline,feelin' gOOd,12141,folk,78,0.127,0.529,0.237,0.578,3.39,0
4bHsxqR3GMrXTxEPLuK5ue,Don't Stop Believin',Journey,Escape,feelin' gOOd,12141,hard-rock,83,0.748,0.5,0.447,0.514,4.18,0
6RrXd9Hph4hYR4bf3dbM6H,My Girl,The Temptations,The Temptations Sing Smokey,feelin' gOOd,12141,funk,79,0.418,0.572,0.0961,0.694,2.75,0
3b0EOvScbZUc0qJx0E1L2z,I Want You Back,The Jackson 5,Diana Ross Presents The Jackson 5,feelin' gOOd,12141,soul,77,0.538,0.469,0.37,0.886,2.94,0
7BHPGtpuuWWsvE7cCaMuEU,Naive,The Kooks,Inside In / Inside Out,feelin' gOOd,12141,indie,1,0.818,0.564,0.0402,0.712,3.39,0
2MLHyLy5z5l5YRp7momlgw,Island In The Sun,Weezer,Weezer (Green Album),feelin' gOOd,12141,alt-rock,1,0.794,0.654,0.165,0.678,3.34,0
6XK6Zw6JkFsHXzAcMWNiIr,Send Me On My Way,Rusted Root,When I Woke,feelin' gOOd,12141,j-rock,68,0.704,0.5,0.138,0.722,4.39,0
2WfaOiMkCvy7F5fcp2zZ8L,Take On Me,a-ha,Hunting High And Low,feelin' gOOd,12141,synth-pop,0,0.931,0.524,0.0588,0.811,3.75,0
4eLSCSELtKxZwXnFbNLXT5,On Top Of The World,Imagine Dragons,Night Visions,feelin' gOOd,12141,rock,0,0.925,0.588,0.0881,0.759,3.16,0
2Zgnaip1c876zmBhz9HifI,Blame It on Me,George Ezra,Wanted On Voyage,feelin' gOOd,12141,singer-songwriter,68,0.757,0.537,0.341,0.421,3.26,0
5imShWWzwqfAJ9gXFpGAQh,Waiting On the World to Change,John Mayer,Continuum,feelin' gOOd,12141,singer-songwriter,73,0.756,0.578,0.249,0.663,3.35,0
1fDsrQ23eTAVFElUMaf38X,American Pie,Don McLean,American Pie,feelin' gOOd,12141,folk,0,0.563,0.461,0.302,0.477,8.61,0
7BXToqZFtclAj6mshYWena,Jungle Drum,Emilíana Torrini,Me And Armini,feelin' gOOd,12141,trip-hop,57,0.89,0.637,0.0735,0.858,2.22,0
3yrSvpt2l1xhsV9Em88Pul,Brown Eyed Girl,Van Morrison,Blowin' Your Mind!,feelin' gOOd,12141,folk,80,0.583,0.491,0.406,0.908,3.06,0
3Fzlg5r1IjhLk2qRw667od,Dancing in the Moonlight,Toploader,Onka's Big Moka,feelin' gOOd,12141,alt-rock,67,0.845,0.639,0.336,0.871,3.88,0
5COPw6K4B6PPpeUXIE2Ry5,Feel Again,OneRepublic,Native,feelin' gOOd,12141,piano,59,0.815,0.467,0.118,0.335,3.08,0
4eXwZEaNP8LIsr8GwhbIrV,Red Dress,MAGIC!,Primary Colours,feelin' gOOd,12141,reggae,50,0.795,0.653,0.203,0.803,3.35,0
2xYlyywNgefLCRDG8hlxZq,"Take Me Home, Country Roads",John Denver,"The John Denver Collection, Vol. 1: Take Me Home Country Roads",feelin' gOOd,12141,country,73,0.395,0.462,0.121,0.625,3.3,0
62vpWI1CHwFy7tMIcSStl8,No Role Modelz,J. Cole,2014 Forest Hills Drive,Hip hop,12146,hip-hop,88,0.521,0.69,0.0534,0.494,4.88,0
1iuljeYz6ZG3GTJOZZkoer,RGF Island,Fetty Wap,Fetty Wap,Hip hop,12146,j-dance,59,0.764,0.746,0.0867,0.518,2.9,0
2d8JP84HNLKhmd6IYOoupQ,Trap Queen,Fetty Wap,Fetty Wap,Hip hop,12146,j-dance,74,0.873,0.746,0.354,0.817,3.7,0
6gBFPUFcJLzWGx4lenP6h2,goosebumps,Travis Scott,Birds In The Trap Sing McKnight,Hip hop,12146,hip-hop,84,0.728,0.841,0.149,0.43,4.06,0
0VgkVdmE4gld66l8iyGjgx,Mask Off,Future,FUTURE,Hip hop,12146,hip-hop,83,0.434,0.833,0.165,0.281,3.41,0
3Ti0GdlrotgwsAVBBugv0I,Can I Kick It?,A Tribe Called Quest,People's Instinctive Travels and the Paths of Rhythm (25th Anniversary Edition),OLD SCHOOL HIP HOP,12147,hardcore,70,0.666,0.848,0.129,0.744,4.19,0
24NwBd5vZ2CK8VOQVnqdxr,Sweet Emotion,Aerosmith,Toys In The Attic,OLD SCHOOL HIP HOP,12147,hard-rock,74,0.76,0.38,0.104,0.491,4.57,0
5zwz05jkQVT68CjUpPwFZe,N.Y. State of Mind,Nas,Illmatic XX,OLD SCHOOL HIP HOP,12147,hardcore,72,0.91,0.665,0.227,0.887,4.9,0
1w29UTa5uUvIri2tWtZ12Y,Hip Hop Hooray,Naughty By Nature,19 Naughty III,OLD SCHOOL HIP HOP,12147,hardcore,67,0.642,0.862,0.272,0.765,4.45,0
03CLsFk6JSz301bKuukPSD,Retrograde,James Blake,Overgrown,OLD SCHOOL HIP HOP,12147,electronic,64,0.251,0.533,0.134,0.186,3.73,0
02uRToy7bttYcKCO3vIStA,Hit That Jive,Gramatik,SB2,OLD SCHOOL HIP HOP,12147,trip-hop,52,0.684,0.896,0.164,0.686,3.38,0
49fzPkBb3aOUWYRKaTWVhm,Hit the Road Jack,Ray Charles,Georgia On My Mind,OLD SCHOOL HIP HOP,12147,blues,70,0.571,0.598,0.513,0.962,1.97,0
5ByAIlEEnxYdvpnezg7HTX,Juicy,The Notorious B.I.G.,Ready To Die The Remaster,OLD SCHOOL HIP HOP,12147,hardcore,62,0.767,0.887,0.0527,0.607,5.04,1
2g8HN35AnVGIk7B8yMucww,Big Poppa,The Notorious B.I.G.,Ready To Die The Remaster,OLD SCHOOL HIP HOP,12147,hardcore,49,0.671,0.765,0.0506,0.798,4.21,1
4P2q1rzZ0XVb2vs3KSUXNF,Simon Says,Pharoahe Monch,Straight Outta Old Skool,OLD SCHOOL HIP HOP,12147,alternative,64,0.916,0.664,0.164,0.559,2.89,0
0z9eRMy7WzuqOSEdENs2WV,Die Gedanken Sind Frei (Thoughts Are Free),Brazilian Girls,Brazilian Girls,OLD SCHOOL HIP HOP,12147,trip-hop,18,0.943,0.653,0.1,0.573,4.48,0
6F8PrqWaLDI3BeMLUWBLab,The Setup,Obie Trice,Cheers,OLD SCHOOL HIP HOP,12147,hardcore,61,0.738,0.908,0.0829,0.79,3.22,0
4fxF8ljwryMZX5c9EKrLFE,Boombastic,Shaggy,Boombastic,OLD SCHOOL HIP HOP,12147,reggae,1,0.887,0.852,0.311,0.788,4.17,0
3TZwjdclvWt7iPJUnMpgcs,Jump Around,House Of Pain,House of Pain (Fine Malt Lyrics),OLD SCHOOL HIP HOP,12147,hard-rock,65,0.71,0.854,0.166,0.818,3.58,0
7i2DJ88J7jQ8K7zqFX2fW8,Now Or Never,Halsey,hopeless fountain kingdom,Sad/Chill,12148,indie-pop,67,0.585,0.67,0.131,0.447,3.58,0
7KXjTSCq5nL1LoYtL7XAwS,HUMBLE.,Kendrick Lamar,DAMN.,Sad/Chill,12148,hip-hop,84,0.621,0.908,0.0958,0.421,2.95,1
1foMv2HQwfQ2vntFf9HFeG,Rhinestone Eyes,Gorillaz,Plastic Beach,Sad/Chill,12148,alternative,80,0.703,0.676,0.0463,0.852,3.34,0
0q6LuUqGLUiCPP1cbdwFs3,On Melancholy Hill,Gorillaz,Plastic Beach,Sad/Chill,12148,alternative,78,0.739,0.689,0.064,0.578,3.9,0
4dpEYOPcmHNfvERbiajp3G,Sweetie Little Jean,Cage The Elephant,Tell Me I'm Pretty,Sad/Chill,12148,blues,63,0.532,0.524,0.242,0.367,3.75,0
0tkBOcK7oRVXQJY97zzSvr,Telescope,Cage The Elephant,Melophobia,Sad/Chill,12148,blues,65,0.481,0.589,0.0986,0.176,3.8,0
03CLsFk6JSz301bKuukPSD,Retrograde,James Blake,Overgrown,Sad/Chill,12148,electronic,64,0.251,0.533,0.134,0.186,3.73,0
2ZWlPOoWh0626oTaHrnl2a,Ivy,Frank Ocean,Blonde,Sad/Chill,12148,soul,81,0.386,0.575,0.229,0.466,4.15,1
2LMkwUfqC6S6s6qDVlEuzV,White Ferrari,Frank Ocean,Blonde,Sad/Chill,12148,soul,79,0.0958,0.501,0.298,0.204,4.15,0
7DfFc7a6Rwfi3YQMRbDMau,Thinkin Bout You,Frank Ocean,channel ORANGE,Sad/Chill,12148,soul,78,0.339,0.721,0.0973,0.2,3.35,0
4iLqG9SeJSnt0cSPICSjxv,Attention,Charlie Puth,Attention,Sad/Chill,12148,dance,83,0.613,0.775,0.134,0.797,3.52,0
5TXDeTFVRVY7Cvt0Dw4vWW,Revenge,XXXTENTACION,17,Sad/Chill,12148,emo,87,0.251,0.746,0.106,0.18,2.0,0
1HLCN534JKZNojcDgbYTVb,I Don't Wanna Do This Anymore,XXXTENTACION,Revenge,Sad/Chill,12148,emo,77,0.778,0.433,0.139,0.764,1.46,0
7lGKEWMXVWWTt3X71Bv44I,Unsteady,X Ambassadors,VHS,Sad/Chill,12148,alt-rock,74,0.665,0.389,0.116,0.199,3.23,0
2LBqCSwhJGcFQeTHMVGwy3,Die For You,The Weeknd,Starboy,Sad/Chill,12148,pop,88,0.525,0.582,0.134,0.51,4.34,0
4JuJZzGcswQszYiKJSnC6i,I'll Be Good,Jaymes Young,Feel Something,Sad/Chill,12148,rock,0,0.277,0.393,0.0966,0.123,4.12,0
7m9OqQk4RVRkw9JJdeAw96,Jocelyn Flores,XXXTENTACION,17,Sad/Chill,12148,emo,84,0.391,0.872,0.297,0.437,1.99,0
1kFlDnWmBTvCBxxeGDpIdp,7 Years (Remix),Sik World,7 Years (Remix),Sad/Chill,12148,sad,70,0.609,0.811,0.102,0.439,2.24,0
51T1wGHtx6hXW89UCzw1Rc,Pretty Fly (For A White Guy),The Offspring,Americana,90s,12149,punk-rock,75,0.895,0.723,0.0717,0.963,3.14,1
1HL3yEnYq8LEyFQ3QegA5V,Crash into Me,Dave Matthews Band,Crash,90s,12149,j-rock,55,0.677,0.541,0.0938,0.555,5.27,0
5UWwZ5lm5PKu6eKsHAGxOk,Everlong,Foo Fighters,The Colour And The Shape,90s,12149,alt-rock,84,0.881,0.413,0.0805,0.364,4.18,0
73fzhVcs7n1wZz84eoE2vs,Drive,Incubus,Make Yourself - Tour Edition,90s,12149,alt-rock,75,0.792,0.645,0.119,0.666,3.88,0
0u4htORODiTK9vHVA89MQX,Lovefool - Radio Edit,The Cardigans,First Band On The Moon,90s,12149,swedish,0,0.686,0.645,0.143,0.941,3.23,0
3TZwjdclvWt7iPJUnMpgcs,Jump Around,House Of Pain,House of Pain (Fine Malt Lyrics),90s,12149,hard-rock,65,0.71,0.854,0.166,0.818,3.58,0
5ghIJDpPoe3CfHMGu71E6T,Smells Like Teen Spirit,Nirvana,Nevermind,90s,12149,alt-rock,83,0.912,0.502,0.106,0.72,5.03,0
7GptbanebPZYkLPvjNfd6m,Buddy Holly,Weezer,Weezer,90s,12149,alt-rock,0,0.921,0.555,0.117,0.775,2.66,0
5OQsiBsky2k2kDKy2bX2eT,Learn to Fly,Foo Fighters,There Is Nothing Left To Lose,90s,12149,alt-rock,77,0.919,0.465,0.262,0.537,3.92,0
0tZ3mElWcr74OOhKEiNz1x,Bulls On Parade,Rage Against The Machine,Evil Empire,90s,12149,alt-rock,75,0.919,0.412,0.424,0.572,3.82,0
7fURZRPkB2S70sYR1naKTK,Black Hole Sun,Soundgarden,Superunknown,90s,12149,alt-rock,0,0.827,0.351,0.0755,0.145,5.3,0
30qVCFYKBtAENjTIBA8FPZ,The River of Dreams,Billy Joel,River Of Dreams,90s,12149,piano,65,0.749,0.631,0.0667,0.437,4.13,0
6QewNVIDKdSl8Y3ycuHIei,Even Flow,Pearl Jam,Ten,90s,12149,alt-rock,76,0.944,0.394,0.298,0.265,4.88,1
2Z2vOukzwOgqR4dkymRSWd,Santeria,Sublime,Sublime,90s,12149,punk,1,0.751,0.665,0.121,0.58,3.04,0
5YScXJKtefsgdskIy60N7A,Tubthumping,Chumbawamba,Tubthumper,90s,12149,punk,2,0.871,0.608,0.363,0.61,4.65,0
2wVXSc0IrQVodHESUxVUJA,Losing My Religion,R.E.M.,Out Of Time,90s,12149,alt-rock,0,0.854,0.666,0.0986,0.803,4.47,0
42et6fnHCw1HIPSrdPprMl,Semi-Charmed Life,Third Eye Blind,Third Eye Blind,90s,12149,grunge,75,0.864,0.64,0.123,0.701,4.47,0
53968oKecrFxkErocab2Al,November Rain,Guns N' Roses,Use Your Illusion I,90s,12149,hard-rock,81,0.641,0.294,0.112,0.226,8.96,0
01z3wyn02forxUQHEDAa0R,What's This Life For,Creed,My Own Prison,90s,12149,grunge,56,0.78,0.393,0.105,0.204,4.14,0
1bdXMstfxFWYSkEFTnJMoN,Enter Sandman,Metallica,Metallica,90s,12149,hard-rock,81,0.828,0.577,0.0581,0.604,5.52,0
4TPHhCIXb1jafwSHaAXCJC,Love of a Lifetime,Firehouse,Super Hits,90s,12149,hard-rock,62,0.48,0.472,0.0914,0.126,4.76,0
0IF0vGwaJQ8ZCh0QxhW6OV,Man! I Feel Like A Woman!,Shania Twain,Come On Over,90s,12149,country,3,0.889,0.654,0.297,0.73,3.88,0
6EsBn1Md8C5YdbCzvwvZq8,Self Esteem,The Offspring,Greatest Hits,90s,12149,punk-rock,77,0.862,0.488,0.359,0.706,4.3,1
2g8HN35AnVGIk7B8yMucww,Big Poppa,The Notorious B.I.G.,Ready To Die The Remaster,90s,12149,hardcore,49,0.671,0.765,0.0506,0.798,4.21,1
6ORqU0bHbVCRjXm9AjyHyZ,Good Riddance (Time of Your Life),Green Day,Nimrod,90s,12149,punk,0,0.432,0.449,0.161,0.645,2.56,0
0S3gpZzlT9Hb7CCSV2owX7,"Mama, I'm Coming Home",Ozzy Osbourne,No More Tears (Bonus Track Version),90s,12149,hard-rock,69,0.656,0.282,0.0892,0.242,4.2,0
4EnkwZd0UJAuHpNMMemQaA,Closing Time,Semisonic,Feeling Strangely Fine,90s,12149,alt-rock,0,0.854,0.478,0.115,0.274,4.56,0
0XynnWU4lnJDkziTWxrhIL,You Sang To Me,Marc Anthony,Marc Anthony,90s,12149,salsa,58,0.894,0.578,0.216,0.741,5.79,0
2aIB1CdRRG7YLBu9hNw9nR,The Beautiful People,Marilyn Manson,Antichrist Superstar,90s,12149,alt-rock,1,0.948,0.609,0.042,0.786,3.65,0
1mMXOXsmgK68OT9aQdP54E,2 Wicky,Hooverphonic,Collected,90s,12149,trip-hop,51,0.613,0.546,0.13,0.446,4.74,0
3cfOd4CMv2snFaKAnMdnvK,All Star,Smash Mouth,Astro Lounge,90s,12149,alt-rock,0,0.867,0.731,0.0861,0.776,3.34,0
4YPhn26bIFm2KUkL1VLzQG,Say It Ain't So,Weezer,Weezer,90s,12149,alt-rock,1,0.551,0.635,0.07,0.451,4.28,0
59WN2psjkt1tyaxjspN8fp,Killing In The Name,Rage Against The Machine,Rage Against The Machine - XX (20th Anniversary Special Edition),90s,12149,alt-rock,80,0.833,0.466,0.0327,0.661,5.23,0
5mkGfmJGFZpwK9nA5amOhv,Sex And Candy,Marcy Playground,Marcy Playground,90s,12149,grunge,59,0.702,0.55,0.119,0.515,2.89,0
6ZOBP3NvffbU4SZcrnt1k6,Kryptonite,3 Doors Down,The Better Life,90s,12149,alt-rock,0,0.848,0.544,0.134,0.489,3.9,0
62nQ8UZVqR2RMvkJHkcO2o,Jeremy,Pearl Jam,Ten,90s,12149,grunge,71,0.846,0.285,0.182,0.287,5.3,0
5wTMQjEx9LWeFwLjolPCUy,What's My Age Again?,blink-182,Blink 182 (Sound and Vision Q4 2007),90s,12149,punk-rock,4,0.951,0.391,0.0878,0.468,2.48,0
3kJ8jdG4mHCtW2MkZFWZNB,Amazed,Lonestar,Simply The Hits,90s,12149,country,71,0.543,0.561,0.124,0.243,4.05,0
3jJZVeExYzVYiV6Y9Fl3DX,Plush,Stone Temple Pilots,Core,90s,12149,alt-rock,1,0.954,0.416,0.177,0.498,5.17,0
2LjiPAQOVazT8sRyXL3XRs,Informer,Snow,12 Inches Of Snow,90s,12149,reggae,0,0.886,0.727,0.361,0.427,4.5,0
3Z9PJ6xiEGmcqo2hESEB5n,Bitter Sweet Symphony,The Verve,Urban Hymns,90s,12149,alt-rock,80,0.917,0.356,0.406,0.518,5.95,0
3TW48DvQ7ChwY1Yy1tkMaP,Runaway Train,Soul Asylum,Grave Dancers Union,90s,12149,grunge,56,0.714,0.616,0.133,0.53,4.43,0
5PsUB0ISfQxRLhF5DmI5Ks,Don't Speak,No Doubt,Tragic Kingdom,90s,12149,alt-rock,0,0.752,0.508,0.142,0.554,4.38,0
0z1b34WikhOH9ZxU8QDWcv,One Headlight,The Wallflowers,Bringing Down The Horse,90s,12149,alt-rock,0,0.643,0.683,0.0564,0.771,5.21,0
5r96TaQquRrlo3Ym3ZlSL2,"Amish Paradise (Parody of ""Gangsta's Paradise"" by Coolio)","""Weird Al"" Yankovic",Bad Hair Day,90s,12149,comedy,58,0.448,0.728,0.267,0.483,3.38,0
6L89mwZXSOwYl76YXfX13s,Basket Case,Green Day,Dookie,90s,12149,punk,2,0.943,0.441,0.091,0.781,3.03,0
6WkSUgo1VdpzgtiXKlFPcY,Dammit,blink-182,Dude Ranch,90s,12149,punk-rock,68,0.974,0.429,0.164,0.33,2.76,0
00wrX4c19o3QWj4JmPAX2D,Innocent,Our Lady Peace,Playlist: The Very Best Of Our Lady Peace,90s,12149,grunge,25,0.896,0.393,0.0774,0.793,3.69,0
0N7LKqYxUrg5UFb6Z4OSDF,Hard To Handle,The Black Crowes,Shake Your Money Maker,90s,12149,blues,72,0.79,0.599,0.312,0.961,3.13,0
6uQKuonTU8VKBz5SHZuQXD,This Is How We Do It,Montell Jordan,This Is How We Do It,90s,12149,j-dance,66,0.702,0.791,0.423,0.789,3.98,0
5qqabIl2vWzo9ApSC317sa,Wonderwall - Remastered,Oasis,(What's The Story) Morning Glory? [Remastered],90s,12149,rock,78,0.896,0.378,0.194,0.469,4.31,0
01a0J96fRD91VnjQQUCqMK,The Kids Aren't Alright,The Offspring,Americana,90s,12149,alt-rock,81,0.943,0.523,0.0579,0.766,3.0,1
6GQ3WTaNHMFlVmN4burGat,Butterfly,Crazy Town,The Gift Of Game,90s,12149,alt-rock,73,0.811,0.736,0.107,0.609,3.61,0
1w29UTa5uUvIri2tWtZ12Y,Hip Hop Hooray,Naughty By Nature,19 Naughty III,90s,12149,hardcore,67,0.642,0.862,0.272,0.765,4.45,0
6PbtTwGUPPbnT7nRTA1gS3,Your House,Steel Pulse,True Democracy,Reggae,12150,dub,55,0.716,0.707,0.36,0.966,3.71,0
2kkb4OYXBSBFLkNLwWhDRI,Casi Nunca Lo Ves,Los Pericos,Pericos & Friends,Reggae,12150,ska,38,0.948,0.454,0.26,0.772,4.42,0
09VF5b8Sy9tdnkSbQWOhBV,See You Comin',Los Cafres,Barrilete,Reggae,12150,ska,37,0.538,0.782,0.0707,0.892,5.15,0
2Fg0V8uIWQnBSTWJsrW5P6,Leggo Beast,Steel Pulse,True Democracy,Reggae,12150,dub,34,0.681,0.82,0.0432,0.966,3.72,0
61dXuN3VyqGOyOeMfJXIPh,Could You Be Loved,Bob Marley & The Wailers,Uprising,Reggae,12150,reggae,78,0.72,0.916,0.0958,0.76,3.95,0
1QQfbfMfyzNZhT5fg3RpuS,Buffalo Soldier,Bob Marley & The Wailers,Confrontation,Reggae,12150,reggae,72,0.463,0.929,0.0634,0.757,4.29,0
4efoEY8iDBzUqitjmNDhpN,Three Little Birds,Bob Marley & The Wailers,Exodus,Reggae,12150,reggae,78,0.49,0.826,0.0415,0.627,3.0,0
2lPfcRMRLffiBTwLA9S8Vc,Night Nurse,Gregory Isaacs,Night Nurse,Reggae,12150,dub,64,0.366,0.824,0.0403,0.895,4.09,0
7cKLOenzViwzoHJWciMIrj,Bam Bam,Sister Nancy,One Two,Reggae,12150,dancehall,67,0.605,0.722,0.248,0.709,3.28,0
7kTvXtMERxvwCGcWv68ssH,Sweat (A La La La La Long),Inner Circle,Bad To The Bone,Reggae,12150,reggae,72,0.728,0.787,0.157,0.94,3.78,0
7iWk45E2wIpFc3YUWm3VVn,Pass The Dutchie,Musical Youth,Anthology,Reggae,12150,reggae,78,0.418,0.805,0.288,0.966,3.41,0
3TilMZ5wdTBPrDYPNY9Kc8,Felicidad,Gondwana,Made in Jamaica,Reggae,12150,alt-rock,0,0.666,0.744,0.162,0.806,5.68,0
0B70RUdQurJEWLT28GdNtD,Estoy Enamorado,Wisin & Yandel,"Los Vaqueros, El Regreso",SPANISH,12151,electro,2,0.725,0.78,0.0851,0.431,4.53,0
4Xtlw8oXkIOvzV7crUBKeZ,Rompe,Daddy Yankee,Barrio Fino En Directo,SPANISH,12151,latino,74,0.858,0.696,0.0631,0.533,3.14,0
5Fim1gaXBgsiFfsQAfQSDS,Hasta el Amanecer,Nicky Jam,Fénix,SPANISH,12151,latino,71,0.608,0.832,0.0761,0.589,3.31,0
2mjqNvy3WT62V1mVZjK1nQ,El Mismo Sol,Alvaro Soler,Eterno Agosto,SPANISH,12151,latin,1,0.829,0.733,0.0831,0.975,3.13,0
1q8NdCAQ9QUjpYiqzdd3mv,Atrévete-Te-Te,Calle 13,Calle 13 (Explicit Version),SPANISH,12151,afrobeat,75,0.878,0.829,0.776,0.883,3.99,0
5N8nNuTmIzkZOfcxXlygUw,Ginza,J Balvin,Energía,SPANISH,12151,latin,0,0.815,0.749,0.0838,0.866,2.85,0
2dxba9UR1VbdYA06n0AoqU,Guaya Guaya,Don Omar,The Last Don II,SPANISH,12151,hip-hop,0,0.872,0.787,0.136,0.696,3.23,0
4s7DK08ZqqU5EnjvQ6Vlle,Hasta Abajo,Don Omar,Meet The Orphans,SPANISH,12151,hip-hop,1,0.885,0.759,0.468,0.673,3.87,0
2n1owdcfYVz6n5Td7aNb20,Color Esperanza,Diego Torres,Un Mundo Diferente,SPANISH,12151,latin,0,0.881,0.616,0.0807,0.764,4.45,0
58IL315gMSTD37DOZPJ2hf,Shaky Shaky,Daddy Yankee,Shaky Shaky,SPANISH,12151,hip-hop,0,0.626,0.899,0.0631,0.873,3.91,0
3umS4y3uQDkqekNjVpiRUs,El Amante,Nicky Jam,Fénix,SPANISH,12151,latino,69,0.691,0.683,0.14,0.732,3.66,0
2GICtNjlmq5w1XIQ9s0D9y,With You Tonight (Hasta El Amanecer),Nicky Jam,Fénix,SPANISH,12151,latino,46,0.588,0.781,0.0983,0.564,3.48,0
5gflgO9EPbIBf16n5TKnQS,Yo Voy (feat. Daddy Yankee),Zion & Lennox,Motivando a la Yal,SPANISH,12151,latin,84,0.697,0.808,0.0546,0.554,3.87,0
3AEZUABDXNtecAOSC1qTfo,Reggaetón Lento (Bailemos),CNCO,Primera Cita,SPANISH,12151,reggae,73,0.838,0.761,0.176,0.71,3.71,0
0qYTZCo5Bwh1nsUFGZP3zn,Felices los 4,Maluma,Felices los 4,SPANISH,12151,latino,74,0.756,0.766,0.349,0.716,3.83,0
6qDF4wWL49CAVbgT7yuHl8,Sigo Extrañándote,J Balvin,Energía,SPANISH,12151,latin,0,0.859,0.896,0.212,0.938,3.35,0
5SxSAJLJX1f6x8zUNIOe0J,Una Vaina Loca,Fuego,La Musica Del Futuro,SPANISH,12151,reggaeton,75,0.676,0.792,0.0654,0.712,2.73,0
6De0lHrwBfPfrhorm9q1Xl,Me Rehúso,Danny Ocean,Me Rehúso,SPANISH,12151,latino,80,0.804,0.744,0.0494,0.426,3.43,0
1m69ELEgE6k5ZWsap40ozt,Se Preparó,Ozuna,Odisea,SPANISH,12151,latino,75,0.821,0.739,0.311,0.693,3.13,0
7F25roCtYi55JouckaayPC,Judas,Lady Gaga,Born This Way,5K,12152,dance,10,0.937,0.661,0.355,0.535,4.15,0
5P5cGNzqh6A353N3ShDK6Y,Bad Romance,Lady Gaga,The Fame Monster,5K,12152,dance,0,0.921,0.695,0.0842,0.714,4.91,0
01XFgRZfZI7oBagNf1Loml,Harlem Shake,Baauer,Harlem Shake,5K,12152,electronic,58,0.794,0.452,0.416,0.282,3.28,0
51T1wGHtx6hXW89UCzw1Rc,Pretty Fly (For A White Guy),The Offspring,Americana,5K,12152,punk-rock,75,0.895,0.723,0.0717,0.963,3.14,1
3anyoDE1gcNsRtLmkE55bU,Reaching Out,Bassnectar,Unlimited,calm,12153,breakbeat,42,0.925,0.401,0.106,0.145,4.9,0
62vpWI1CHwFy7tMIcSStl8,No Role Modelz,J. Cole,2014 Forest Hills Drive,Pregame,12154,hip-hop,88,0.521,0.69,0.0534,0.494,4.88,0
0VgkVdmE4gld66l8iyGjgx,Mask Off,Future,FUTURE,Pregame,12154,hip-hop,83,0.434,0.833,0.165,0.281,3.41,0
5qqabIl2vWzo9ApSC317sa,Wonderwall - Remastered,Oasis,(What's The Story) Morning Glory? [Remastered],Jc,12155,rock,78,0.896,0.378,0.194,0.469,4.31,0
1U1GtaJeYwGsPgqV9Me5bb,Hold You in My Arms,Ray LaMontagne,Trouble,Jc,12155,acoustic,62,0.321,0.504,0.147,0.577,5.1,0
72SPsHheqN6J3sI520jT9E,Colors,Amos Lee,Amos Lee,Jc,12155,acoustic,64,0.168,0.681,0.109,0.29,2.67,0
0c7iF5fSBYxCuwsAv2z4iI,Green Mountain State,Trevor Hall,Chapter Of The Forest,Jc,12155,acoustic,61,0.367,0.693,0.111,0.286,4.58,0
1XQnZTR0ER8y5fGO17uX1R,Holocene,Bon Iver,Bon Iver,Jc,12155,folk,66,0.304,0.374,0.126,0.147,5.61,0
2Tjlq3aGhg3dIZFvSfsnyc,From Eden,Hozier,Hozier,Jc,12155,singer-songwriter,63,0.676,0.395,0.117,0.315,4.72,0
4I3KMa9p00MJwWbT0vi5iX,One And Only,Adele,21,Jc,12155,british,63,0.468,0.528,0.165,0.185,5.78,0
24cKN8P2uGWypxTw5WaNlq,Don't You Remember,Adele,21,Jc,12155,british,64,0.4,0.644,0.0866,0.227,4.05,0
7GJClzimvMSghjcrKxuf1M,Budapest,George Ezra,Wanted On Voyage,Jc,12155,folk,79,0.455,0.717,0.11,0.389,3.35,0
13PUJCvdTSCT1dn70tlGdm,"Welcome Home, Son",Radical Face,Ghost,Jc,12155,folk,71,0.497,0.587,0.142,0.401,4.76,0
7BjrIfovz8y9dTtazrh1iY,Ends of the Earth,Lord Huron,Lonesome Dreams,Jc,12155,folk,69,0.584,0.555,0.254,0.41,4.74,0
5uCax9HTNlzGybIStD3vDh,Say You Won't Let Go,James Arthur,Back from the Edge,Jc,12155,pop,85,0.557,0.358,0.0902,0.494,3.52,0
1oc4kHthIpfa2jQnIL33GE,Let's Hurt Tonight,OneRepublic,Oh My My,Jc,12155,piano,63,0.713,0.359,0.324,0.272,3.24,0
6mORGLOz79w6VsCRLWYYuK,The Night We Met,Lord Huron,Strange Trails,Jc,12155,folk,83,0.369,0.544,0.639,0.102,3.47,0
15twB7zTglmu0Bg8gW4Mrm,Stubborn Love,The Lumineers,The Lumineers,Jc,12155,folk,68,0.544,0.596,0.262,0.262,4.62,0
3S0OXQeoh0w6AY8WQVckRW,I'm Yours,Jason Mraz,We Sing. We Dance. We Steal Things.,Jc,12155,acoustic,80,0.444,0.703,0.0973,0.712,4.04,0
6XK6Zw6JkFsHXzAcMWNiIr,Send Me On My Way,Rusted Root,When I Woke,Jc,12155,j-rock,68,0.704,0.5,0.138,0.722,4.39,0
70rK5i7fWCeZLOtZ8wEKQL,Always Love,Nada Surf,The Weight is a Gift,Jc,12155,power-pop,31,0.759,0.325,0.245,0.353,3.29,0
0pegFWSUOTiG0sLVEfxtvA,Heart's Content,Brandi Carlile,Bear Creek,Jc,12155,acoustic,59,0.209,0.564,0.107,0.402,3.58,0
2Cx61IzUXPJyhv3GzGtsZ3,Tiger Striped Sky,Roo Panes,Little Giant,Jc,12155,british,62,0.317,0.473,0.11,0.132,4.03,0
1jdNcAD8Ir58RlsdGjJJdx,Ho Hey,The Lumineers,The Lumineers,Jc,12155,folk,79,0.471,0.682,0.0908,0.421,2.69,0
6ZYS6QQxTLsQ6IFXdVx1r4,Ophelia,The Lumineers,Cleopatra,Jc,12155,folk,79,0.573,0.664,0.0857,0.566,2.67,0
0Qw7qGuXlVBZLcfoQ17yZn,Old Pine,Ben Howard,Every Kingdom,Jc,12155,british,68,0.364,0.401,0.162,0.224,5.48,0
7BVwi9cIzSc6tpyxsp47vJ,Mess Is Mine,Vance Joy,Dream Your Life Away,Jc,12155,folk,64,0.723,0.595,0.0995,0.272,3.73,0
1ivHxaGL5ld9VS1zsYc4YN,Cherry Wine - Live,Hozier,Hozier,mellow,12156,singer-songwriter,67,0.111,0.418,0.0982,0.228,4.0,0
52Bg6oaos7twR7IUtEpqcE,Between The Bars,Elliott Smith,Either/Or,mellow,12156,indie-pop,65,0.074,0.522,0.108,0.342,2.35,0
2FZuUP0YFFISIgePvqCj93,Beach Baby,Bon Iver,Blood Bank,mellow,12156,folk,72,0.0809,0.669,0.114,0.0922,2.62,0
1XQnZTR0ER8y5fGO17uX1R,Holocene,Bon Iver,Bon Iver,mellow,12156,folk,66,0.304,0.374,0.126,0.147,5.61,0
5B03nSG8pLE48jh7kmasuL,Levels - Radio Edit,Avicii,True,EDM,12158,edm,79,0.889,0.584,0.309,0.464,3.37,0
6g1NlCpW7fgqDnWbCCDrHl,Wake Me Up - Radio Edit,Avicii,True,EDM,12158,dance,1,0.807,0.524,0.212,0.62,4.12,0
3l9tlu58MWDpHPAQEOUQAn,Live for the Night,Krewella,Get Wet,EDM,12158,dub,50,0.843,0.499,0.124,0.533,3.44,0
015IsLQFXbEm0f541N2qoX,Red Lights,Tiësto,A Town Called Paradise,EDM,12158,trance,66,0.83,0.654,0.121,0.548,4.37,0
6r7FXNO57mlZCBY6PXcZZT,Five Hours,Deorro,Five Hours,EDM,12158,progressive-house,61,0.821,0.88,0.234,0.575,5.45,0
6YUTL4dYpB9xZO5qExPf05,Summer,Calvin Harris,Motion,EDM,12158,electro,82,0.856,0.596,0.141,0.743,3.71,0
6y1RGprDkyl8a9AutebaQp,Enjoy the Ride,Krewella,Get Wet,EDM,12158,dub,49,0.873,0.556,0.078,0.485,3.53,0
4dcJyP7pAFnh27ZXzZFW6G,"Don't Call It Love - 12"" Version",Zero 7,On My Own,EDM,12158,trip-hop,53,0.53,0.821,0.15,0.941,6.43,0
18hTbh3xszreJlzMmi0Kbi,Sad Machine,Porter Robinson,Worlds,EDM,12158,dub,60,0.706,0.47,0.0726,0.327,5.84,0
46lFttIf5hnUZMGvjK0Wxo,Runaway (U & I),Galantis,Pharmacy,EDM,12158,edm,75,0.805,0.506,0.0856,0.383,3.78,0
0p7HrbUcy8fl7MaImwevxP,Epiphany,Staind,Break The Cycle,Alternative,12159,alt-rock,0,0.487,0.559,0.129,0.145,4.27,0
0wqOReZDnrefefEsrIGeR4,Hanging By A Moment,Lifehouse,No Name Face,Alternative,12159,grunge,63,0.858,0.537,0.0812,0.502,3.6,0
7L605WhF5EGf34ggj87yK6,You And Me,Lifehouse,Lifehouse,Alternative,12159,alt-rock,1,0.427,0.459,0.168,0.357,3.26,0
73fzhVcs7n1wZz84eoE2vs,Drive,Incubus,Make Yourself - Tour Edition,Alternative,12159,alt-rock,75,0.792,0.645,0.119,0.666,3.88,0
3FJuFr00K5IpgvTCDDaqW5,Pardon Me,Incubus,Make Yourself - Tour Edition,Alternative,12159,grunge,69,0.812,0.579,0.115,0.278,3.73,0
1urvke4VZGwRmP2PVlqFCy,If Today Was Your Last Day,Nickelback,Dark Horse,Alternative,12159,grunge,68,0.911,0.485,0.092,0.568,4.13,0
0n2RMFCf3wfKJ9h3E3BKO8,Savin' Me,Nickelback,All The Right Reasons,Alternative,12159,grunge,70,0.815,0.441,0.414,0.522,3.66,0
1EFddFVisHbqCHah6oBlhD,Far Away,Nickelback,All The Right Reasons,Alternative,12159,alt-rock,73,0.797,0.518,0.107,0.293,3.97,0
5ceGigL7CZQ3Ih6W8SIbv8,Blurry,Puddle Of Mudd,Come Clean,Alternative,12159,grunge,65,0.936,0.432,0.14,0.499,5.07,0
1uwTmwkjv7wFImfzegvdI6,She Hates Me,Puddle Of Mudd,Come Clean,Alternative,12159,grunge,72,0.748,0.58,0.753,0.584,3.61,0
1AEYT6VxrxXPMoQUxsY0E4,Headstrong,Trapt,Trapt,Alternative,12159,grunge,72,0.896,0.492,0.189,0.534,4.76,0
2nLtzopw4rPReszdYBJU6h,Numb,Linkin Park,Meteora,Alternative,12159,alternative,83,0.863,0.496,0.639,0.243,3.09,0
7oVEtyuv9NBmnytsCIsY5I,BURN IT DOWN,Linkin Park,LIVING THINGS,Alternative,12159,alternative,75,0.972,0.585,0.0707,0.585,3.84,0
2Sru5y6R0mYhV9nEHMDWJ7,Given Up,Linkin Park,Minutes To Midnight,Alternative,12159,alternative,54,0.885,0.655,0.0448,0.938,3.15,0
1yFiaFeSLpw4nDYTeErRZ6,Leave Out All The Rest,Linkin Park,Minutes To Midnight,Alternative,12159,alternative,55,0.637,0.514,0.389,0.18,3.49,0
4kfm1uI9QGaoN9qm6CkAMn,What I've Done,Linkin Park,Minutes To Midnight,Alternative,12159,alternative,58,0.93,0.623,0.138,0.287,3.43,0
3agtg0x11wPvLIWkYR39nZ,Somewhere I Belong,Linkin Park,Meteora,Alternative,12159,alternative,73,0.951,0.451,0.261,0.442,3.57,0
4Yf5bqU3NK4kNOypcrLYwU,Faint,Linkin Park,Meteora,Alternative,12159,alternative,77,0.978,0.554,0.0731,0.594,2.71,0
1Vej0qeQ3ioKwpI6FUbRv1,Papercut,Linkin Park,Hybrid Theory,Alternative,12159,alternative,75,0.939,0.524,0.623,0.661,3.08,0
3K4HG9evC7dg3N0R9cYqk4,One Step Closer,Linkin Park,Hybrid Theory,Alternative,12159,alternative,78,0.969,0.492,0.0787,0.538,2.62,0
57BrRMwf9LrcmuOsyGilwr,Crawling,Linkin Park,Hybrid Theory,Alternative,12159,alternative,76,0.702,0.58,0.536,0.299,3.51,0
6UzeOH4bRPzKTo2wCXMZmC,By Myself,Linkin Park,Hybrid Theory,Alternative,12159,grunge,62,0.935,0.544,0.297,0.339,3.16,0
1gAaRSN57UYVRI4eWRyAvP,Pushing Me Away,Linkin Park,Hybrid Theory,Alternative,12159,grunge,63,0.913,0.484,0.309,0.279,3.17,0
0fxGA5lxrdYNYoE7yJxTNZ,My December,Linkin Park,Hybrid Theory,Alternative,12159,metal,59,0.585,0.73,0.147,0.721,4.33,0
6xOGRfEr41CdiSc3ifLels,No. 1 Party Anthem,Arctic Monkeys,AM,October,12161,garage,71,0.698,0.505,0.0966,0.599,4.05,0
0S6CXA5LpRDX6b4akgrOot,Love is a Laserquest,Arctic Monkeys,Suck It and See,October,12161,garage,65,0.662,0.349,0.136,0.554,3.19,0
5bsnLiT00hG37qd8p2jdVl,Cornerstone,Arctic Monkeys,Humbug,October,12161,garage,68,0.721,0.287,0.328,0.763,3.3,0
0eDQj41kzBhMKQIkTt6OJR,A Certain Romance,Arctic Monkeys,"Whatever People Say I Am, That's What I'm Not",October,12161,garage,67,0.881,0.455,0.11,0.201,5.52,0
0LxeKwg9t7HOnyfv4bTALT,Suck It and See,Arctic Monkeys,Suck It and See,October,12161,garage,64,0.932,0.339,0.255,0.586,3.77,0
7pWUwNDBL7J0eMAUi2gPb3,Little Dark Age,MGMT,Little Dark Age,October,12161,alt-rock,83,0.712,0.705,0.1,0.62,4.99,0
09Redp0z2ZsZGyJrBqhklP,I Just Called To Say I Love You - Single Version,Stevie Wonder,Song Review: A Greatest Hits Collection,October,12161,funk,2,0.564,0.75,0.0931,0.672,4.35,0
4kbj5MwxO1bq9wjT5g9HaA,Shut Up and Dance,WALK THE MOON,TALKING IS HARD,dance,12162,alt-rock,83,0.866,0.578,0.257,0.619,3.32,0
14DYFbc6F1vPyoikkqPiAh,Something I Need,OneRepublic,Native,dance,12162,piano,58,0.591,0.683,0.235,0.628,4.0,0
62vpWI1CHwFy7tMIcSStl8,No Role Modelz,J. Cole,2014 Forest Hills Drive,Fat,12163,hip-hop,88,0.521,0.69,0.0534,0.494,4.88,0
5Ce9z7GqSknXccyppRxNLY,Thief,Ookay,Thief,May 2016,12164,dub,57,0.797,0.57,0.11,0.212,4.0,0
7GgQi7JTG4b6J4iEF4RTjF,Remedy,Adele,25,May 2016,12164,british,65,0.3,0.405,0.154,0.24,4.09,0
7KXjTSCq5nL1LoYtL7XAwS,HUMBLE.,Kendrick Lamar,DAMN.,yuh,12165,hip-hop,84,0.621,0.908,0.0958,0.421,2.95,1
0VgkVdmE4gld66l8iyGjgx,Mask Off,Future,FUTURE,yuh,12165,hip-hop,83,0.434,0.833,0.165,0.281,3.41,0
7floNISpH8VF4z4459Qo18,Look At Me!,XXXTENTACION,Look At Me!,yuh,12165,emo,82,0.726,0.763,0.0976,0.349,2.11,0
6gBFPUFcJLzWGx4lenP6h2,goosebumps,Travis Scott,Birds In The Trap Sing McKnight,yuh,12165,hip-hop,84,0.728,0.841,0.149,0.43,4.06,0
1rsAFUCa6BVMgRQ3FCQQsi,Boss,Lil Pump,Lil Pump,yuh,12165,emo,61,0.789,0.803,0.378,0.647,1.77,0
1tA9cQEtQPvUdcndCUcP9E,White Crime,Lil Dicky,Professional Rapper,idek,12166,comedy,52,0.508,0.744,0.153,0.0548,3.67,0
3Q3myFA7q4Op95DOpHplaY,do re mi,blackbear,digital druglord,idek,12166,electro,73,0.593,0.745,0.123,0.17,3.53,0
46lFttIf5hnUZMGvjK0Wxo,Runaway (U & I),Galantis,Pharmacy,Pool Party,12167,edm,75,0.805,0.506,0.0856,0.383,3.78,0
5ByAIlEEnxYdvpnezg7HTX,Juicy,The Notorious B.I.G.,Ready To Die The Remaster,Pool Party,12167,hardcore,62,0.767,0.887,0.0527,0.607,5.04,1
2g8HN35AnVGIk7B8yMucww,Big Poppa,The Notorious B.I.G.,Ready To Die The Remaster,Pool Party,12167,hardcore,49,0.671,0.765,0.0506,0.798,4.21,1
1vvNmPOiUuyCbgWmtc6yfm,My Way,Calvin Harris,My Way,Pool Party,12167,electro,76,0.913,0.818,0.161,0.536,3.65,0
4SZ3B3y1TbwTK4OIXMOVEy,Boyz-N-The-Hood,Eazy-E,The Best Of N.W.A: The Strength Of Street Knowledge,Pool Party,12167,hardcore,69,0.479,0.785,0.334,0.727,5.62,0
7iL6o9tox1zgHpKUfh9vuC,In Da Club,50 Cent,Get Rich Or Die Tryin',Pool Party,12167,hip-hop,83,0.713,0.899,0.0708,0.777,3.22,1
0Utg7sirTPqrs6Cx0FbriQ,Chillin' It,Cole Swindell,Cole Swindell,new country,12168,country,1,0.849,0.576,0.109,0.666,3.28,0
7hKpnp7A7bjiZEyywa5Qn4,Girl Crush,Little Big Town,Pain Killer,new country,12168,country,70,0.225,0.5,0.112,0.355,3.22,0
03fT3OHB9KyMtGMt2zwqCT,Play It Again,Luke Bryan,Crash My Party,new country,12168,country,75,0.886,0.506,0.0734,0.595,3.78,0
4W38RXuQNuoTSwVsQA1OGC,Nothin' Like You,Dan + Shay,Where It All Began,new country,12168,country,0,0.704,0.586,0.067,0.442,3.1,0
6aNwDe5YH5YUPlpHkku52w,Sunshine & Whiskey,Frankie Ballard,Sunshine & Whiskey,new country,12168,country,0,0.737,0.67,0.325,0.753,3.04,0
5kNe7PE09d6Kvw5pAsx23n,Die A Happy Man,Thomas Rhett,Tangled Up,new country,12168,country,1,0.389,0.59,0.117,0.389,3.79,0
4l9hml2UCnxoNI3yCdL1BW,My Funny Valentine,Chet Baker,Chet Baker Sings,jazzy,12169,jazz,0,0.0302,0.44,0.109,0.213,2.35,0
5O2P9iiztwhomNh8xkR9lJ,Night Changes,One Direction,FOUR,Hitz,12170,pop,88,0.52,0.672,0.115,0.37,3.78,0
2Bs4jQEGMycglOfWPBqrVG,Steal My Girl,One Direction,FOUR,Hitz,12170,pop,80,0.768,0.536,0.114,0.545,3.8,0
3zHq9ouUJQFQRf3cm1rRLu,"Love Me Like You Do - From ""Fifty Shades Of Grey""",Ellie Goulding,Delirium,Hitz,12170,dance,79,0.606,0.262,0.125,0.275,4.21,0
7bJwvubZZaoGE1AGEfu8Fi,One Last Time,Ariana Grande,My Everything,Hitz,12170,dance,83,0.593,0.628,0.096,0.104,3.29,0
7cgu4JBW3hq1GwTM1ilkKQ,Talking Body,Tove Lo,Queen Of The Clouds,Hitz,12170,electro,67,0.761,0.736,0.0823,0.114,3.97,1
7oGZAicScQt96OAW4AruYy,Want to Want Me,Jason Derulo,Everything Is 4,Hitz,12170,dance,1,0.643,0.772,0.0705,0.669,3.46,0
2BaXRCVgn621xHOGoFSuW5,I Really Like You,Carly Rae Jepsen,Emotion,Hitz,12170,electro,70,0.805,0.62,0.285,0.586,3.41,0
3CRDbSIZ4r5MsZ0YwxuEkn,Stressed Out,Twenty One Pilots,Blurryface,Hitz,12170,rock,85,0.637,0.734,0.0602,0.648,3.37,0
5EnCFISDzoIMWMaicJxxX9,Lovin' So Hard,Becky G,Lovin' So Hard,Hitz,12170,reggaeton,46,0.828,0.603,0.138,0.551,3.69,0
6Xs7OKt6i0Ddq8B4M5Dgvr,New Americana,Halsey,BADLANDS,Hitz,12170,electro,65,0.707,0.339,0.337,0.359,3.06,0
3hB5DgAiMAQ4DzYbsMq1IT,Love Yourself,Justin Bieber,Purpose,Hitz,12170,pop,84,0.378,0.609,0.28,0.515,3.9,0
0PDUDa38GO8lMxLCRc4lL1,PILLOWTALK,ZAYN,Mind Of Mine (Deluxe Edition),Hitz,12170,dance,78,0.7,0.584,0.0939,0.438,3.38,1
7IWkJwX9C0J7tHurTD7ViL,When We Were Young,Adele,25,Hitz,12170,british,79,0.595,0.376,0.095,0.265,4.85,0
27SdWb2rFzO6GWiYDBTD9j,Cheap Thrills,Sia,This Is Acting,Hitz,12170,dance,78,0.698,0.628,0.0907,0.732,3.53,0
3toP91RkMRQw7M0bScJ4F9,Ay Vamos,J Balvin,La Familia B Sides,bachata,12171,latino,69,0.711,0.718,0.1,0.92,3.77,0
5N8nNuTmIzkZOfcxXlygUw,Ginza,J Balvin,Energía,bachata,12171,latin,0,0.815,0.749,0.0838,0.866,2.85,0
76qB2ZEZlEJAMqMqUjKusp,(Everything I Do) I Do It For You,Bryan Adams,Waking Up The Neighbours,Love,12173,rock,2,0.365,0.526,0.0618,0.254,6.56,0
3NLrRZoMF0Lx6zTlYqeIo4,Here Without You,3 Doors Down,Away From The Sun,Love,12173,alt-rock,0,0.545,0.556,0.124,0.193,3.98,0
3NLrRZoMF0Lx6zTlYqeIo4,Here Without You,3 Doors Down,Away From The Sun,Zen,12174,alt-rock,0,0.545,0.556,0.124,0.193,3.98,0
4E6cwWJWZw2zWf7VFbH7wf,Love Song,Sara Bareilles,Little Voice,Zen,12174,acoustic,73,0.786,0.583,0.188,0.573,4.31,0
0HZhYMZOcUzZKSFwPOti6m,Jar of Hearts,Christina Perri,lovestrong.,Zen,12174,rock,0,0.348,0.373,0.12,0.0899,4.11,0
0IqKeD8ZSP72KbGYyzEcAs,Take Me To Church,Hozier,Hozier,Zen,12174,singer-songwriter,83,0.664,0.566,0.116,0.437,4.03,0
2iXBZ32Fz5VDCLeE0JIdX5,Better in Time,Leona Lewis,Spirit,Zen,12174,british,67,0.7,0.584,0.13,0.549,3.9,0
4sPmO7WMQUAf45kwMOtONw,Hello,Adele,25,Zen,12174,british,74,0.43,0.578,0.0854,0.288,4.92,0
1T1C9VVQ1lb60WxWZx7KoG,I Won't Let Go,Rascal Flatts,Nothing Like This,New Country ,12176,country,52,0.406,0.557,0.113,0.222,3.8,0
4hnK8P3v7kE7T4PMBYwRhu,Drunk Last Night,Eli Young Band,"10,000 Towns",New Country ,12176,country,1,0.858,0.525,0.102,0.57,3.65,0
1cktZnxiONH0hR6Q3DKy8h,Drink In My Hand,Eric Church,Chief,Country ,12177,country,0,0.913,0.626,0.293,0.946,3.19,0
5lXX4SAV6HBaVnZ6sUQPNE,The Grand Tour,George Jones,George Jones - 16 Biggest Hits,Country ,12177,honky-tonk,29,0.214,0.482,0.287,0.442,3.12,0
6a7wXoZOARI8IqEXObjhDz,Pretty Good At Drinkin' Beer,Billy Currington,Enjoy Yourself,Country ,12177,country,0,0.678,0.769,0.0939,0.581,3.0,0
5JnLiuMgRAWoHYOhatFP3s,People Are Crazy,Billy Currington,Little Bit Of Everything,Country ,12177,country,0,0.714,0.657,0.127,0.361,3.86,0
4TnUKixNWMfajncgdSwFoi,Amarillo By Morning,George Strait,Strait From The Heart,Country ,12177,country,70,0.361,0.606,0.38,0.621,2.89,0
0U4R6UqrJo43TmImPku9H8,Heartland - Pure Country/Soundtrack Version,George Strait,Pure Country,Country ,12177,country,0,0.89,0.449,0.112,0.696,2.3,0
0KMzyApR43L4JH9ZMHS1Km,Boot Scootin' Boogie,Brooks & Dunn,The Essential Brooks & Dunn,Country ,12177,country,71,0.817,0.656,0.304,0.862,3.3,0
1WzAeadSKJhqykZFbJNmQv,Your Man,Josh Turner,Your Man,Country ,12177,country,73,0.637,0.744,0.0696,0.785,3.53,0
359krpyCKcFF8SFvqWES9L,Wagon Wheel,Old Crow Medicine Show,O.C.M.S.,Country ,12177,bluegrass,67,0.403,0.621,0.114,0.634,3.87,0
2xYlyywNgefLCRDG8hlxZq,"Take Me Home, Country Roads",John Denver,"The John Denver Collection, Vol. 1: Take Me Home Country Roads",Country ,12177,country,73,0.395,0.462,0.121,0.625,3.3,0
3duP6mBVDsHM8ioN7o7dAK,Boondocks,Little Big Town,The Road To Here,Country ,12177,country,0,0.78,0.406,0.474,0.687,4.54,0
0ZUo4YjG4saFnEJhdWp9Bt,Before He Cheats,Carrie Underwood,Some Hearts,Country ,12177,country,78,0.749,0.519,0.119,0.29,3.33,0
0pdfN7nOHMYmKykzu1cyfm,Any Man Of Mine,Shania Twain,The Woman In Me,Country ,12177,country,73,0.725,0.592,0.148,0.784,4.11,0
4dpEYOPcmHNfvERbiajp3G,Sweetie Little Jean,Cage The Elephant,Tell Me I'm Pretty,Collab,12178,blues,63,0.532,0.524,0.242,0.367,3.75,0
5r5Lj2MkgwQJz6TaBdL865,Spiderhead,Cage The Elephant,Melophobia,Collab,12178,blues,63,0.946,0.543,0.106,0.547,3.71,0
3H7sv3Krffn15BufUuXzf3,Hey Jude - Remastered 2015,The Beatles,1,Collab,12178,british,74,0.607,0.386,0.088,0.532,7.09,0
4Z1fbYp0HuxLBje4MOZcSD,Twist And Shout - Remastered 2009,The Beatles,Please Please Me,Collab,12178,british,75,0.849,0.482,0.0414,0.937,2.59,0
7MRyJPksH3G2cXHN8UKYzP,American Girl,Tom Petty and the Heartbreakers,Tom Petty & The Heartbreakers,Collab,12178,folk,0,0.823,0.552,0.366,0.775,3.58,0
2GiJYvgVaD2HtM8GqD9EgQ,Electric Love,BØRNS,Dopamine,Collab,12178,rock,82,0.797,0.611,0.26,0.518,3.64,0
2s4BsyV3KhhrtsdtNfzoqb,Back To Black,Amy Winehouse,Back To Black,Collab,12178,british,81,0.422,0.403,0.0861,0.378,4.01,0
2QjOHCTQ1Jl3zawyYOpxh6,Sweater Weather,The Neighbourhood,I Love You.,Collab,12178,alt-rock,93,0.807,0.612,0.101,0.398,4.01,0
6ZYS6QQxTLsQ6IFXdVx1r4,Ophelia,The Lumineers,Cleopatra,Collab,12178,folk,79,0.573,0.664,0.0857,0.566,2.67,0
4BP3uh0hFLFRb5cjsgLqDh,Fortunate Son,Creedence Clearwater Revival,Willy And The Poor Boys,Collab,12178,country,0,0.663,0.64,0.152,0.665,2.35,0
7oK9VyNzrYvRFo7nQEYkWN,Mr. Brightside,The Killers,Hot Fuss,Collab,12178,alt-rock,2,0.931,0.344,0.0903,0.251,3.71,0
4bHsxqR3GMrXTxEPLuK5ue,Don't Stop Believin',Journey,Escape,Collab,12178,hard-rock,83,0.748,0.5,0.447,0.514,4.18,0
0z1b34WikhOH9ZxU8QDWcv,One Headlight,The Wallflowers,Bringing Down The Horse,Collab,12178,alt-rock,0,0.643,0.683,0.0564,0.771,5.21,0
7j56HrjR9cGzvekvZY3Faz,HandClap,Fitz and The Tantrums,Fitz and The Tantrums,Collab,12178,alt-rock,0,0.836,0.634,0.0828,0.715,3.22,0
0vaf64cpnqM7COUZZkoBig,Electric Feel,MGMT,Oracular Spectacular/Congratulations,Collab,12178,alt-rock,77,0.803,0.763,0.348,0.561,3.83,0
4efoEY8iDBzUqitjmNDhpN,Three Little Birds,Bob Marley & The Wailers,Exodus,Collab,12178,reggae,78,0.49,0.826,0.0415,0.627,3.0,0
4sFbojhVXQv7dBC9PVCcRn,Sympathy For The Devil,The Rolling Stones,Beggars Banquet,Collab,12178,british,1,0.67,0.636,0.0453,0.572,6.3,0
72jbDTw1piOOj770jWNeaG,Paris,The Chainsmokers,Memories...Do Not Open,Collab,12178,dance,74,0.658,0.653,0.0939,0.219,3.69,0
1Q3t9fWvHUXKsMmpD2XpUu,Cold Cold Cold,Cage The Elephant,Tell Me I'm Pretty,Collab,12178,blues,69,0.789,0.549,0.059,0.715,3.57,0
2tznHmp70DxMyr2XhWLOW0,Cigarette Daydreams,Cage The Elephant,Melophobia,Collab,12178,blues,79,0.676,0.636,0.0831,0.273,3.48,0
4sNG6zQBmtq7M8aeeKJRMQ,Brazil,Declan McKenna,What Do You Think About the Car?,Collab,12178,alt-rock,80,0.617,0.687,0.0898,0.665,4.21,0
5QldjuXcxplhjjUqLrzl6H,Kids,MGMT,Oracular Spectacular/Congratulations,Collab,12178,alt-rock,78,0.931,0.451,0.361,0.172,5.05,0
5AcdaSVQfLcUKMaqchfBie,My Lighthouse,Rend Collective,The Art Of Celebration,faith,12179,world-music,61,0.805,0.545,0.781,0.727,3.74,0
0jOSpB2zK2O0SNxj8ZT5lp,How Great Is Our God,Chris Tomlin,How Great Is Our God: The Essential Collection,faith,12179,alt-rock,64,0.573,0.318,0.0854,0.0765,5.09,0
1XRU97Tx69sJGyd9TDvGxY,Amazing Grace (My Chains Are Gone),Chris Tomlin,See The Morning - Special Edition,faith,12179,world-music,60,0.164,0.471,0.101,0.17,4.48,0
4EHWldZTas5KUyFtT0rQlY,"Lord, I Need You",Matt Maher,All The People Said Amen,faith,12179,alt-rock,64,0.451,0.457,0.0928,0.185,3.43,0
1gUoaZkPi7vMZdxMlGsGOw,You Are Holy (Prince Of Peace),Michael W. Smith,The Second Decade 1993-2003,faith,12179,world-music,50,0.756,0.501,0.967,0.293,5.33,0
0fxpHpK3aw2nFWII6yveDD,"10,000 Reasons (Bless The Lord) - Live",Matt Redman,"10,000 Reasons",faith,12179,alt-rock,66,0.485,0.431,0.544,0.367,5.71,0
51ndwDACfzlvfOYnwp4ryn,Blessed Be Your Name,Matt Redman,Blessed Be Your Name,faith,12179,world-music,55,0.819,0.443,0.696,0.0983,5.82,0
1CvoOXxJqC2VHwgjZxjGX5,Good Good Father,Chris Tomlin,The Ultimate Playlist,faith,12179,alt-rock,66,0.587,0.429,0.108,0.164,4.89,0
4LjGJzjSR48S5zsYGnYZ8q,Song Of My Father,Urban Rescue,Wild Heart,faith,12179,world-music,58,0.447,0.532,0.0782,0.236,4.12,0
5MCG4XcVcvCOXWpSg2cfRC,Shoulders,for KING & COUNTRY,RUN WILD. LIVE FREE. LOVE STRONG. (Deluxe Anniversary Edition),faith,12179,world-music,55,0.744,0.518,0.109,0.161,5.06,0
4um6ZMnib1I7VuG3c6jGm5,Open The Eyes Of My Heart - Live,Michael W. Smith,Worship,faith,12179,world-music,54,0.568,0.388,0.715,0.207,5.37,0
40lKptao1hxVqA7fd1OOGp,Our God,Chris Tomlin,And If Our God Is For Us...,faith,12179,alt-rock,63,0.778,0.509,0.19,0.216,4.75,0
5ELZpvTDGorz9BIE9zaBoZ,I Have This Hope,Tenth Avenue North,Followers,faith,12179,world-music,52,0.336,0.422,0.189,0.11,3.41,0
4bPQs0PHn4xbipzdPfn6du,I Write Sins Not Tragedies,Panic! At The Disco,A Fever You Can't Sweat Out,Throwback Jams,12180,rock,3,0.792,0.565,0.114,0.639,3.13,0
18GC3F8YPGB8CePXcTUizQ,Thnks fr th Mmrs,Fall Out Boy,Infinity On High,Throwback Jams,12180,emo,2,0.897,0.458,0.103,0.602,3.39,0
12qZHAeOyTf93YAWvGDTat,All The Small Things,blink-182,Enema Of The State,Throwback Jams,12180,punk-rock,2,0.9,0.442,0.395,0.609,2.8,0
2l57cfmCnOkwNX1tky02n1,Move Along,The All-American Rejects,Move Along,Throwback Jams,12180,punk-rock,61,0.92,0.526,0.371,0.615,3.98,0
4EnkwZd0UJAuHpNMMemQaA,Closing Time,Semisonic,Feeling Strangely Fine,Throwback Jams,12180,alt-rock,0,0.854,0.478,0.115,0.274,4.56,0
0J69x3mqm7U6tBPKsjpsWR,"Dear Maria, Count Me In",All Time Low,"So Wrong, It's Right",Throwback Jams,12180,punk-rock,77,0.895,0.459,0.206,0.572,3.05,0
6MjljecHzHelUDismyKkba,Everytime We Touch - Radio Edit,Cascada,Everytime We Touch,Throwback Jams,12180,german,63,0.977,0.64,0.371,0.493,3.32,0
6SpLc7EXZIPpy0sVko0aoU,Misery Business,Paramore,RIOT!,Throwback Jams,12180,emo,1,0.906,0.513,0.113,0.73,3.53,0
5qqabIl2vWzo9ApSC317sa,Wonderwall - Remastered,Oasis,(What's The Story) Morning Glory? [Remastered],Throwback Jams,12180,rock,78,0.896,0.378,0.194,0.469,4.31,0
6TfBA04WJ3X1d1wXhaCFVT,"You're Gonna Go Far, Kid",The Offspring,"Rise And Fall, Rage And Grace",Throwback Jams,12180,alt-rock,81,0.917,0.55,0.197,0.601,2.96,1
1mr3616BzLdhXfJmLmRsO8,Fireflies,Owl City,Ocean Eyes,Throwback Jams,12180,indie-pop,79,0.662,0.512,0.118,0.472,3.81,0
4E5P1XyAFtrjpiIxkydly4,Replay,Iyaz,Replay,Throwback Jams,12180,dance,76,0.751,0.706,0.168,0.195,3.04,0
7HGTkn2aX7MNdKs7nV2xBt,Somebody Told Me,The Killers,Hot Fuss,Throwback Jams,12180,alt-rock,0,0.981,0.508,0.0555,0.746,3.29,0
02XnQdf7sipaKBBHixz3Zp,Paparazzi,Lady Gaga,The Fame,Throwback Jams,12180,dance,4,0.734,0.761,0.086,0.375,3.47,0
0jDWRUbxSn8zQlwFbeLHwo,Evacuate The Dancefloor,Cascada,Evacuate The Dancefloor,Throwback Jams,12180,techno,63,0.702,0.762,0.314,0.898,3.45,0
2iUmqdfGZcHIhS3b9E9EWq,Everybody Talks,Neon Trees,Picture Show,Throwback Jams,12180,alt-rock,80,0.924,0.471,0.313,0.725,2.95,0
2TfSHkHiFO4gRztVIkggkE,"Sugar, We're Goin Down",Fall Out Boy,From Under The Cork Tree,Throwback Jams,12180,emo,2,0.887,0.5,0.114,0.631,3.82,0
0a7BloCiNzLDD9qSQHh5m7,"Dance, Dance",Fall Out Boy,From Under The Cork Tree,Throwback Jams,12180,emo,77,0.961,0.622,0.0854,0.449,3.0,0
5ZdrNnYV5VZWds4WXKf8kf,Ignorance,Paramore,brand new eyes,Throwback Jams,12180,emo,69,0.964,0.522,0.0387,0.51,3.64,0
1JdKrFyoU05abww0Zv0ayQ,That's What You Get,Paramore,RIOT!,Throwback Jams,12180,emo,68,0.831,0.528,0.141,0.632,3.67,0
3VA4sjTMSTTF02hFGmlpJh,crushcrushcrush,Paramore,RIOT!,Throwback Jams,12180,emo,65,0.793,0.631,0.0976,0.648,3.16,0
6GIrIt2M39wEGwjCQjGChX,The Great Escape,Boys Like Girls,Boys Like Girls,Throwback Jams,12180,punk-rock,55,0.94,0.423,0.178,0.505,3.44,0
7oK9VyNzrYvRFo7nQEYkWN,Mr. Brightside,The Killers,Hot Fuss,Throwback Jams,12180,alt-rock,2,0.931,0.344,0.0903,0.251,3.71,0
3SqOC9IRDYGSq9cH6K2GQI,The Anthem,Good Charlotte,Good Charlotte/The Young And The Hopeless,Throwback Jams,12180,metal,74,0.939,0.494,0.139,0.893,2.92,0
3mcG2NI5G5vhrQtRda1YnA,The Middle,Jimmy Eat World,Bleed American,Throwback Jams,12180,alt-rock,0,0.848,0.644,0.0676,0.928,2.8,0
1Vk6binioVDRup8aSqS53T,Lightning In A Bottle,The Summer Set,Legendary,Throwback Jams,12180,piano,53,0.865,0.656,0.298,0.772,4.09,0
5V7mTIcXVU9k2JNu0mE6vy,Fall for You (Acoustic),Secondhand Serenade,A Naked Twist in My Story,Throwback Jams,12180,piano,64,0.307,0.433,0.0635,0.378,2.95,0
6MDTpYxPFL0wtFd0pjfKws,Rhythm Of Love,Plain White T's,Wonders Of The Younger,Throwback Jams,12180,punk-rock,53,0.549,0.531,0.118,0.681,3.34,0
0hwJDnHhXkieZLXACWYlwQ,The Mess I Made,Parachute,Losing Sleep,Throwback Jams,12180,acoustic,49,0.572,0.423,0.231,0.17,3.84,0
760GxmiU9FCmP5jgnLsNtz,Kiss Me Slowly,Parachute,The Way It Was,Throwback Jams,12180,acoustic,61,0.801,0.47,0.218,0.431,3.93,0
3CKCZ9pfwAfoMZlMncA1Nc,Set Fire to the Rain,Adele,21,Throwback Jams,12180,british,80,0.67,0.603,0.112,0.446,4.03,0
67EY6aDoIx8czEPS6a2AaI,The Man Who Can't Be Moved,The Script,The Script,Throwback Jams,12180,rock,75,0.629,0.605,0.097,0.308,4.02,0
6Bm6qUCSatPAqkQllFL7oA,Unwell,Matchbox Twenty,More Than You Think You Are,Throwback Jams,12180,grunge,66,0.788,0.256,0.707,0.429,3.81,0
1yKu2MhpwzDXXH2tzG6xoa,Beverly Hills,Weezer,Make Believe,Throwback Jams,12180,power-pop,71,0.823,0.693,0.328,0.741,3.27,0
23oxJmDc1V9uLUSmN2LIvx,Ocean Avenue,Yellowcard,Ocean Avenue,Throwback Jams,12180,punk,74,0.904,0.486,0.0947,0.786,3.3,0
6MqVzYyReYtY0Sgw9alj5I,Say You Like Me,We The Kings,Sunshine State of Mind,Throwback Jams,12180,piano,21,0.744,0.412,0.21,0.342,3.51,0
5oQcOu1omDykbIPSdSQQNJ,1985,Bowling For Soup,A Hangover You Don't Deserve,Throwback Jams,12180,punk-rock,71,0.887,0.606,0.337,0.903,3.22,0
4wzjNqjKAKDU82e8uMhzmr,Face Down,The Red Jumpsuit Apparatus,Don't You Fake It,Throwback Jams,12180,punk-rock,76,0.932,0.545,0.127,0.464,3.2,0
7j31rVgGX9Q2blT92VBEA0,Teenagers,My Chemical Romance,The Black Parade,Throwback Jams,12180,emo,2,0.858,0.459,0.184,0.855,2.7,0
27L8sESb3KR79asDUBu8nW,Stacy's Mom,Fountains Of Wayne,Welcome Interstate Managers,Throwback Jams,12180,alt-rock,76,0.75,0.774,0.0808,0.927,3.3,0
5wQnmLuC1W7ATsArWACrgW,Welcome to the Black Parade,My Chemical Romance,The Black Parade,Throwback Jams,12180,emo,79,0.905,0.217,0.222,0.236,5.19,0
6nTiIhLmQ3FWhvrGafw2zj,American Idiot,Green Day,American Idiot,Throwback Jams,12180,punk,79,0.988,0.38,0.368,0.769,2.94,0
42et6fnHCw1HIPSrdPprMl,Semi-Charmed Life,Third Eye Blind,Third Eye Blind,Throwback Jams,12180,grunge,75,0.864,0.64,0.123,0.701,4.47,0
6L89mwZXSOwYl76YXfX13s,Basket Case,Green Day,Dookie,Throwback Jams,12180,punk,2,0.943,0.441,0.091,0.781,3.03,0
3cfOd4CMv2snFaKAnMdnvK,All Star,Smash Mouth,Astro Lounge,Throwback Jams,12180,alt-rock,0,0.867,0.731,0.0861,0.776,3.34,0
3354J49VpkbZJho7Ztdzpw,Jumper - 1998 Edit,Third Eye Blind,Third Eye Blind,Throwback Jams,12180,grunge,67,0.543,0.599,0.291,0.624,4.55,0
6eDApnV9Jdb1nYahOlbbUh,One Time,Justin Bieber,My World,Throwback Jams,12180,pop,3,0.856,0.69,0.0761,0.74,3.6,0
2MLHyLy5z5l5YRp7momlgw,Island In The Sun,Weezer,Weezer (Green Album),Throwback Jams,12180,alt-rock,1,0.794,0.654,0.165,0.678,3.34,0
4y1LsJpmMti1PfRQV9AWWe,Girls Just Want to Have Fun,Cyndi Lauper,She's So Unusual,80's Pop,12181,disco,79,0.799,0.71,0.349,0.725,3.97,0
7o7E1nrHWncYY7PY94gCiX,Video Killed The Radio Star,The Buggles,The Age Of Plastic,80's Pop,12181,synth-pop,72,0.678,0.68,0.204,0.251,4.23,0
4aWn4NHlELpOehxsBaQeoe,Don't You (Forget About Me),Simple Minds,Once Upon A Time,80's Pop,12181,synth-pop,2,0.858,0.638,0.333,0.743,4.38,0
1bWeLRzg1BxZpPfEMkbsnN,Alive And Kicking,Simple Minds,Once Upon A Time,80's Pop,12181,synth-pop,66,0.913,0.572,0.128,0.561,4.82,0
709JP07qJbz95uMOLHYlWu,99 Luftballons,Nena,2 in 1 Nena,80's Pop,12181,german,27,0.467,0.636,0.117,0.58,3.86,0
2WfaOiMkCvy7F5fcp2zZ8L,Take On Me,a-ha,Hunting High And Low,80's Pop,12181,synth-pop,0,0.931,0.524,0.0588,0.811,3.75,0
6HZ67VImxqr8aMBEEhblzf,Cars,Gary Numan,The Pleasure Principle,80's Pop,12181,synth-pop,63,0.578,0.545,0.0692,0.819,3.98,0
7b4yGtR0rujvLi5EBfKKJ2,Take Me Home Tonight,Eddie Money,Can'T Hold Back,80's Pop,12181,hard-rock,70,0.768,0.608,0.0942,0.748,3.52,0
1ynmMEK1fkyiZ6Z6F3ThEt,Centerfold,The J. Geils Band,Freeze Frame,80's Pop,12181,blues,74,0.677,0.653,0.403,0.888,3.61,0
6hdNOhGNR1x0q7xPfOfYhm,I Can't Wait,Nu Shooz,Take On Me - 80's The Collection,80's Pop,12181,disco,0,0.844,0.784,0.0682,0.94,3.65,0
40dJCw4xU6Bd5ie9rfagNo,Everybody Wants To Rule The World,Tears For Fears,Songs From The Big Chair,80's Pop,12181,synth-pop,87,0.795,0.645,0.104,0.535,4.19,0
2BPfKiV9U0CR1dpUgeUwuH,She Drives Me Crazy,Fine Young Cannibals,The Raw And The Cooked,80's Pop,12181,synth-pop,74,0.687,0.799,0.0307,0.965,3.6,0
2EGaDf0cPX789H3LNeB03D,Cruel Summer,Bananarama,Bananarama,80's Pop,12181,disco,66,0.871,0.666,0.263,0.936,3.59,0
46EfOYq59bLsA8KU3UauRK,Poison Arrow,ABC,The Lexicon Of Love,80's Pop,12181,synth-pop,0,0.861,0.725,0.245,0.819,3.4,0
5ZpDiWqCG93McsnuHu9uCR,The Safety Dance,Men Without Hats,Rhythm of Youth,80's Pop,12181,synth-pop,63,0.882,0.525,0.101,0.623,4.62,0
6tP1NaAIoxSTzeFgCUO66V,Heart Of Glass - Special Mix,Blondie,Greatest Hits,80's Pop,12181,power-pop,0,0.78,0.659,0.181,0.807,4.54,0
4QlzkaRHtU8gAdwqjWmO8n,Friday I'm In Love,The Cure,Wish,80's Pop,12181,punk-rock,1,0.946,0.552,0.368,0.458,3.59,0
3OM0cHwmJv6ZpsCgrEzXPh,Dance Hall Days,Wang Chung,Points On The Curve,80's Pop,12181,synth-pop,68,0.589,0.664,0.221,0.54,4.01,0
6qBSGvyUzqNQv8XtnzCr9n,Everybody Have Fun Tonight,Wang Chung,Mosaic,80's Pop,12181,synth-pop,59,0.619,0.728,0.039,0.747,4.79,0
3BGbqEDio3ocx1v4egIYr6,Walk Like an Egyptian,The Bangles,Different Light,80's Pop,12181,disco,63,0.891,0.724,0.3,0.818,3.41,0
1xgsWtVVhqEVBGuMd0UrZh,Lessons In Love,Level 42,Running In The Family,80's Pop,12181,disco,0,0.928,0.685,0.206,0.882,4.1,0
3bN4tg6rnNPy9GCkGhym4T,Message In A Bottle - Remastered 2003,The Police,Reggatta De Blanc,80's Pop,12181,rock,3,0.808,0.568,0.218,0.849,4.84,0
3FmAUR4SPWa3P1KyDf21Fu,Roxanne - Remastered 2003,The Police,Outlandos D'Amour,80's Pop,12181,rock,2,0.752,0.615,0.0479,0.66,3.19,0
0tBTnrMcc91qKP9dHqhsS7,Steppin' Out,Joe Jackson,Night And Day,80's Pop,12181,power-pop,58,0.474,0.584,0.0518,0.651,4.38,0
0EMmVUYs9ZZRHtlADB88uz,Come On Eileen,Dexys Midnight Runners,Too Rye Ay,80's Pop,12181,ska,2,0.769,0.45,0.306,0.604,4.79,0
5WwqdeavrQrbeAMDxGawse,Can't Fight This Feeling,REO Speedwagon,Wheels Are Turnin',80's Pop,12181,hard-rock,73,0.48,0.408,0.0877,0.19,4.91,0
6iBaw0T7b3pTmMH1eMrul0,Bad Girls,M.I.A.,Matangi,2012,12182,indie-pop,76,0.912,0.639,0.097,0.343,3.79,0
4Ouhoi2lAhrLJKFzUqEzwl,Born To Die,Lana Del Rey,Born To Die - The Paradise Edition,2012,12182,pop,6,0.636,0.206,0.217,0.394,4.76,0
2bRXehD283NioREYxlohc4,Lights - Single Version,Ellie Goulding,Bright Lights,2012,12182,dance,0,0.802,0.681,0.127,0.791,3.51,0
7DfFc7a6Rwfi3YQMRbDMau,Thinkin Bout You,Frank Ocean,channel ORANGE,2012,12182,soul,78,0.339,0.721,0.0973,0.2,3.35,0
3Q3myFA7q4Op95DOpHplaY,do re mi,blackbear,digital druglord,my feels,12184,electro,73,0.593,0.745,0.123,0.17,3.53,0
2QjOHCTQ1Jl3zawyYOpxh6,Sweater Weather,The Neighbourhood,I Love You.,mom,12185,alt-rock,93,0.807,0.612,0.101,0.398,4.01,0
0PkBTqRtN25z3oKasWoKlj,Only the Lonely,Roy Orbison,Sings Lonely and Blue,mom,12185,rock-n-roll,61,0.529,0.57,0.203,0.934,2.43,0
0VgkVdmE4gld66l8iyGjgx,Mask Off,Future,FUTURE,Rap,12187,hip-hop,83,0.434,0.833,0.165,0.281,3.41,0
43ZyHQITOjhciSUUNPVRHc,Gucci Gang,Lil Pump,Lil Pump,Rap,12187,emo,64,0.523,0.936,0.117,0.699,2.07,0
1rsAFUCa6BVMgRQ3FCQQsi,Boss,Lil Pump,Lil Pump,Rap,12187,emo,61,0.789,0.803,0.378,0.647,1.77,0
6M6Tk58pQvABy6ru66dY3d,No Money,Galantis,The Aviary,softball,12188,edm,68,0.915,0.674,0.273,0.78,3.19,0
1rIKgCH4H52lrvDcz50hS8,Lush Life,Zara Larsson,So Good,softball,12188,dance,78,0.712,0.694,0.211,0.799,3.35,0
2d8JP84HNLKhmd6IYOoupQ,Trap Queen,Fetty Wap,Fetty Wap,Fetty Wap,12189,j-dance,74,0.873,0.746,0.354,0.817,3.7,0
7iL6o9tox1zgHpKUfh9vuC,In Da Club,50 Cent,Get Rich Or Die Tryin',Gym Mix,12190,hip-hop,83,0.713,0.899,0.0708,0.777,3.22,1
46lFttIf5hnUZMGvjK0Wxo,Runaway (U & I),Galantis,Pharmacy,Gym Mix,12190,edm,75,0.805,0.506,0.0856,0.383,3.78,0
5WSL7UTa38jMWoBzObD4BD,I Can't Stop,Flux Pavilion,I Can't Stop,Gym Mix,12190,dub,56,0.775,0.513,0.409,0.205,5.1,0
3zvHOVC4jikl6jORSr6OLE,Heads Will Roll,Yeah Yeah Yeahs,It's Blitz!,Gym Mix,12190,alt-rock,0,0.903,0.562,0.298,0.791,3.68,0
5kNe7PE09d6Kvw5pAsx23n,Die A Happy Man,Thomas Rhett,Tangled Up,Country af,12191,country,1,0.389,0.59,0.117,0.389,3.79,0
0BCy325UZyR9z0t0uxwn2N,H.O.L.Y.,Florida Georgia Line,Dig Your Roots,Country af,12191,country,71,0.666,0.523,0.0728,0.564,3.24,0
0p1BcEcYVO3uk4KDf3gzkY,Wanted,Hunter Hayes,Hunter Hayes (Encore),Country af,12191,country,0,0.475,0.414,0.0816,0.3,3.81,0
3fqwjXwUGN6vbzIwvyFMhx,Tennessee Whiskey,Chris Stapleton,Traveller,Country af,12191,country,81,0.37,0.392,0.0821,0.512,4.89,0
1XazlqB4YAtvouCmJPWXlM,Wanna Be That Song,Brett Eldredge,Illinois,Country af,12191,country,0,0.686,0.518,0.114,0.337,3.94,0
6ZOPiKQeibCn7fP8dncucL,Blue Ain't Your Color,Keith Urban,Ripcord,Country af,12191,country,53,0.416,0.69,0.102,0.479,3.84,0
7mldq42yDuxiUNn08nvzHO,Body Like A Back Road,Sam Hunt,Body Like A Back Road,Country af,12191,country,0,0.458,0.732,0.136,0.661,2.76,0
10M2Ex445zw585Ducldzkw,In Case You Didn't Know,Brett Young,Brett Young,Country af,12191,country,75,0.536,0.607,0.102,0.434,3.75,0
4n0xztUAbHPUV8G3NQvF30,How Not To,Dan + Shay,Obsessed,Country af,12191,country,0,0.836,0.501,0.152,0.617,3.2,0
7f08qp3HROTkfrtNpiYGGo,Dirt On My Boots,Jon Pardi,California Sunrise,Country af,12191,country,0,0.796,0.683,0.197,0.533,3.36,0
3AsNVBJ7LHsltdu9490ZiS,A Girl Like You,Easton Corbin,A Girl Like You,Country af,12191,country,0,0.768,0.733,0.0643,0.83,3.63,0
49Iik2dheoyCxL4nyP2HZJ,Heaven Song,Phil Wickham,Singalong 2,Worship,12192,world-music,42,0.315,0.447,0.125,0.334,5.9,0
39shmbIHICJ2Wxnk1fPSdz,Should I Stay or Should I Go - Remastered,The Clash,Combat Rock,pre game ,12193,punk-rock,80,0.836,0.743,0.384,0.82,3.15,0
0bVtevEgtDIeRjCJbK3Lmv,Welcome To The Jungle,Guns N' Roses,Appetite For Destruction,pre game ,12193,hard-rock,80,0.954,0.447,0.298,0.331,4.57,0
2YEL7oERMj7nAJGjoAV9Hs,You Never Can Tell,Chuck Berry,St. Louis to Liverpool,pre game ,12193,blues,70,0.852,0.525,0.218,0.884,2.69,0
0fmgOwkb9AwgzXhYVSZRDs,Te regalo,Carlos Baute,Baute,Romanticas,12194,spanish,63,0.699,0.713,0.112,0.753,2.83,0
0LwCtv2JW5yTl5qd91e4tL,Imagíname Sin Ti,Luis Fonsi,Eterno,Romanticas,12194,latin,1,0.488,0.55,0.118,0.153,4.13,0
2UpYSZeFdpfnXL0NCEqQnP,Coward Of The County,Kenny Rogers,Kenny,Country,12195,country,64,0.433,0.652,0.146,0.675,4.31,0
7hKpnp7A7bjiZEyywa5Qn4,Girl Crush,Little Big Town,Pain Killer,Country,12195,country,70,0.225,0.5,0.112,0.355,3.22,0
6shSfM6E3vE43WQLZdI0sL,How Do I Live,LeAnn Rimes,Dance Like You Don't Give A... Greatest Remixes,Country,12195,country,69,0.462,0.577,0.0822,0.258,4.45,0
5VqyLZrIifflQc5k0vfhFf,From This Moment On - Pop On-Tour Version,Shania Twain,Greatest Hits,Country,12195,country,68,0.505,0.46,0.134,0.22,3.92,0
3aKAdHDxhYu2gpbQMYSEkv,"Love, Me",Collin Raye,Love Songs,Country,12195,country,56,0.242,0.6,0.128,0.3,3.86,0
46LI9mnlQ8fJHH47ioBubg,When You Say Nothing At All,Alison Krauss & Union Station,A Tribute Album,Country,12195,bluegrass,64,0.243,0.514,0.0822,0.388,4.35,0
4YjjNHtEsTX6Af4mCTupT5,Bless The Broken Road,Rascal Flatts,Feels Like Today,Country,12195,country,36,0.448,0.588,0.156,0.362,3.78,0
6U5pgPq1bsJ6UBeakd4mfQ,What Hurts The Most,Rascal Flatts,Me And My Gang,Country,12195,country,71,0.674,0.537,0.265,0.33,3.57,0
68DcqqXKi0cRlbPlghUhsb,Amazed,Lonestar,The Greatest Hits,Country,12195,country,71,0.543,0.561,0.124,0.243,4.0,0
7rVp7JknHf1lmd7ay6n0RR,Your Love Amazes Me,John Berry,John Berry,Country,12195,bluegrass,54,0.382,0.589,0.116,0.218,3.87,0
1QEEqeFIZktqIpPI4jSVSF,More Than a Feeling,Boston,Boston,Classics,12196,country,79,0.681,0.377,0.0504,0.285,4.75,0
6RrXd9Hph4hYR4bf3dbM6H,My Girl,The Temptations,The Temptations Sing Smokey,Classics,12196,funk,79,0.418,0.572,0.0961,0.694,2.75,0
40NRm1ZLvZpUSCUXAGGZ8J,Kung Fu Fighting,Carl Douglas,The Soul of the Kung Fu Fighter,Classics,12196,disco,26,0.764,0.621,0.161,0.745,3.29,0
3koCCeSaVUyrRo3N2gHrd8,Let's Groove,"Earth, Wind & Fire",Raise!,Classics,12196,disco,79,0.648,0.869,0.126,0.9,5.66,0
2udGjDmpK1dH9VGyw7nrei,Cocaine,Eric Clapton,Slowhand 35th Anniversary,Classics,12196,blues,69,0.502,0.699,0.317,0.676,3.69,0
7o2CTH4ctstm8TNelqjb51,Sweet Child O' Mine,Guns N' Roses,Appetite For Destruction,Classics,12196,hard-rock,84,0.91,0.454,0.116,0.629,5.93,0
0NWPxcsf5vdjdiFUI8NgkP,Hey Joe,Jimi Hendrix,Are You Experienced,Classics,12196,blues,70,0.768,0.346,0.0244,0.532,3.5,0
2AxCeJ6PSsBYiTckM0HLY7,Voodoo Child (Slight Return),Jimi Hendrix,Electric Ladyland,Classics,12196,blues,68,0.91,0.214,0.0517,0.448,5.22,0
6kZFIsYCBeuH0f1zGk1UoM,Simple Man,Lynyrd Skynyrd,(Pronounced 'Leh-'Nérd 'Skin-'Nérd),Classics,12196,blues,74,0.752,0.422,0.129,0.403,5.97,0
1G391cbiT3v3Cywg8T7DM1,Scar Tissue,Red Hot Chili Peppers,Californication,Classics,12196,alt-rock,79,0.717,0.595,0.108,0.547,3.6,0
10Nmj3JCNoMeBQ87uw5j8k,Dani California,Red Hot Chili Peppers,Stadium Arcadium,Classics,12196,alt-rock,78,0.913,0.556,0.346,0.73,4.72,0
48UPSzbZjgc449aqz8bxox,Californication,Red Hot Chili Peppers,Californication,Classics,12196,alt-rock,2,0.765,0.592,0.127,0.327,5.5,0
4EnkwZd0UJAuHpNMMemQaA,Closing Time,Semisonic,Feeling Strangely Fine,Classics,12196,alt-rock,0,0.854,0.478,0.115,0.274,4.56,0
6XK6Zw6JkFsHXzAcMWNiIr,Send Me On My Way,Rusted Root,When I Woke,Classics,12196,j-rock,68,0.704,0.5,0.138,0.722,4.39,0
3cfOd4CMv2snFaKAnMdnvK,All Star,Smash Mouth,Astro Lounge,Classics,12196,alt-rock,0,0.867,0.731,0.0861,0.776,3.34,0
1bp2IO61zbQrbWNmKKxg3f,The Joker,Steve Miller Band,The Joker,Classics,12196,blues,0,0.448,0.596,0.207,0.796,4.41,0
3e0FzZjTXOUtiJGSClOBrI,Fly Like An Eagle,Steve Miller Band,Fly Like An Eagle,Classics,12196,psych-rock,67,0.754,0.561,0.328,0.642,4.71,0
5lXcSvHRVjQJ3LB2rLKQog,Superstition - Single Version,Stevie Wonder,Song Review: A Greatest Hits Collection,Classics,12196,funk,0,0.745,0.637,0.0372,0.859,3.99,0
5nkYHBWXu7KCgcdwP6jcB1,What I Got,Sublime,Sublime,Classics,12196,punk,1,0.693,0.804,0.314,0.654,2.85,0
3yrSvpt2l1xhsV9Em88Pul,Brown Eyed Girl,Van Morrison,Blowin' Your Mind!,Classics,12196,folk,80,0.583,0.491,0.406,0.908,3.06,0
4YPhn26bIFm2KUkL1VLzQG,Say It Ain't So,Weezer,Weezer,Classics,12196,alt-rock,1,0.551,0.635,0.07,0.451,4.28,0
1AhDOtG9vPSOmsWgNW0BEY,Bohemian Rhapsody - Remastered 2011,Queen,A Night At The Opera,Classics,12196,rock,82,0.404,0.414,0.3,0.224,5.91,0
4bHsxqR3GMrXTxEPLuK5ue,Don't Stop Believin',Journey,Escape,Classics,12196,hard-rock,83,0.748,0.5,0.447,0.514,4.18,0
4DMKwE2E2iYDKY01C335Uw,Carry on Wayward Son,Kansas,Leftoverture,Classics,12196,hard-rock,76,0.786,0.482,0.446,0.793,5.38,0
3FmAUR4SPWa3P1KyDf21Fu,Roxanne - Remastered 2003,The Police,Outlandos D'Amour,Classics,12196,rock,2,0.752,0.615,0.0479,0.66,3.19,0
2Z2vOukzwOgqR4dkymRSWd,Santeria,Sublime,Sublime,Classics,12196,punk,1,0.751,0.665,0.121,0.58,3.04,0
1kiNatIrwDusOZfR29W0LJ,Man in the Mirror - 2012 Remaster,Michael Jackson,Bad 25th Anniversary,Classics,12196,soul,70,0.812,0.808,0.134,0.269,5.31,0
72WZtWs6V7uu3aMgMmEkYe,You Can't Always Get What You Want,The Rolling Stones,Let It Bleed,Classics,12196,british,68,0.62,0.32,0.253,0.472,7.48,0
3b0EOvScbZUc0qJx0E1L2z,I Want You Back,The Jackson 5,Diana Ross Presents The Jackson 5,Classics,12196,soul,77,0.538,0.469,0.37,0.886,2.94,0
6QewNVIDKdSl8Y3ycuHIei,Even Flow,Pearl Jam,Ten,Classics,12196,alt-rock,76,0.944,0.394,0.298,0.265,4.88,1
3xKsPtA5XG91Zlh0SyycmM,Come On Eileen,Dexys Midnight Runners,Come On Eileen / Dubious,Classics,12196,ska,2,0.769,0.45,0.306,0.604,3.43,0
3YBZIN3rekqsKxbJc9FZko,Paradise City,Guns N' Roses,Appetite For Destruction,Classics,12196,hard-rock,79,0.952,0.273,0.142,0.472,6.82,0
1OsCKwNZxph96EkNusILRy,Get Down On It - Single Version,Kool & The Gang,The Very Best Of Kool & The Gang,Classics,12196,disco,1,0.627,0.879,0.056,0.968,3.55,0
16GUMo6u3D2qo9a19AkYct,Movin' Out (Anthony's Song),Billy Joel,The Stranger (30th Anniversary Legacy Edition),Classics,12196,piano,67,0.88,0.664,0.0591,0.895,3.51,0
3x2bXiU0o4WbsPkawXlfDA,Who Are You,The Who,Who Are You,Classics,12196,blues,65,0.648,0.651,0.0655,0.49,6.31,0
0KKkJNfGyhkQ5aFogxQAPU,That's What I Like,Bruno Mars,24K Magic,$wag,12197,dance,83,0.56,0.853,0.0944,0.86,3.44,0
6gBFPUFcJLzWGx4lenP6h2,goosebumps,Travis Scott,Birds In The Trap Sing McKnight,$wag,12197,hip-hop,84,0.728,0.841,0.149,0.43,4.06,0
3pfXxHoydFRfD7IBGJTQAN,Pony,Ginuwine,R&B: From Doo-Wop To Hip-Hop,$wag,12197,soul,73,0.605,0.749,0.115,0.966,4.2,0
6Fha6tXHkL3r9m9nNqQG8p,Georgia,Vance Joy,Dream Your Life Away,coffee shop,12198,folk,62,0.66,0.388,0.0943,0.401,3.84,0
1dv3ePjze9tPq2pk8eWJdR,Gimme Shelter,The Rolling Stones,Let It Bleed,classics,12199,british,0,0.63,0.634,0.169,0.489,4.51,0
7o2CTH4ctstm8TNelqjb51,Sweet Child O' Mine,Guns N' Roses,Appetite For Destruction,classics,12199,hard-rock,84,0.91,0.454,0.116,0.629,5.93,0
2wVXSc0IrQVodHESUxVUJA,Losing My Religion,R.E.M.,Out Of Time,classics,12199,alt-rock,0,0.854,0.666,0.0986,0.803,4.47,0
2WfaOiMkCvy7F5fcp2zZ8L,Take On Me,a-ha,Hunting High And Low,classics,12199,synth-pop,0,0.931,0.524,0.0588,0.811,3.75,0
2aoo2jlRnM3A0NyLQqMN2f,All Along the Watchtower,Jimi Hendrix,Electric Ladyland,classics,12199,blues,77,0.805,0.438,0.0842,0.564,4.01,0
6HUnnBwYZqcED1eQztxMBN,Solo Dance,Martin Jensen,Solo Dance,sprang break,12201,edm,69,0.846,0.746,0.195,0.403,2.92,0
46rZgRYU1H5Xnv0n75OGis,Deep Down Low,Valentino Khan,Deep Down Low,sprang break,12201,electronic,55,0.896,0.794,0.0876,0.5,3.17,0
0egGmGkZ8maYdEYo4RrVsZ,Lemme Freak,Lil Dicky,Professional Rapper,sprang break,12201,comedy,56,0.656,0.8,0.354,0.437,4.76,0
7m9OqQk4RVRkw9JJdeAw96,Jocelyn Flores,XXXTENTACION,17,my,12202,emo,84,0.391,0.872,0.297,0.437,1.99,0
2H3wWrnO758y0fPH7Ilerg,Depression & Obsession,XXXTENTACION,17,my,12202,emo,71,0.156,0.769,0.102,0.527,2.41,0
3GVkPk8mqxz0itaAriG1L7,Everybody Dies In Their Nightmares,XXXTENTACION,17,my,12202,emo,85,0.57,0.734,0.112,0.689,1.59,0
5TXDeTFVRVY7Cvt0Dw4vWW,Revenge,XXXTENTACION,17,my,12202,emo,87,0.251,0.746,0.106,0.18,2.0,0
5xbrhx2tMMcN68IT3cJbhS,Ayala (Outro),XXXTENTACION,17,my,12202,emo,62,0.285,0.57,0.108,0.0973,1.66,0
7floNISpH8VF4z4459Qo18,Look At Me!,XXXTENTACION,Look At Me!,my,12202,emo,82,0.726,0.763,0.0976,0.349,2.11,0
5fVZC9GiM4e8vu99W0Xf6J,How to Save a Life,The Fray,How To Save A Life,Feel good music,12203,piano,80,0.743,0.64,0.101,0.361,4.38,0
5gBQ3x6u7DCvMW1QoP3CpG,100 Years,Five For Fighting,Playlist: The Very Best Of Five For Fighting,Feel good music,12203,acoustic,66,0.569,0.643,0.178,0.275,4.07,0
7L605WhF5EGf34ggj87yK6,You And Me,Lifehouse,Lifehouse,Feel good music,12203,alt-rock,1,0.427,0.459,0.168,0.357,3.26,0
0HZhYMZOcUzZKSFwPOti6m,Jar of Hearts,Christina Perri,lovestrong.,Feel good music,12203,rock,0,0.348,0.373,0.12,0.0899,4.11,0
0J69x3mqm7U6tBPKsjpsWR,"Dear Maria, Count Me In",All Time Low,"So Wrong, It's Right",Feel good music,12203,punk-rock,77,0.895,0.459,0.206,0.572,3.05,0
4wzjNqjKAKDU82e8uMhzmr,Face Down,The Red Jumpsuit Apparatus,Don't You Fake It,Feel good music,12203,punk-rock,76,0.932,0.545,0.127,0.464,3.2,0
23oxJmDc1V9uLUSmN2LIvx,Ocean Avenue,Yellowcard,Ocean Avenue,Feel good music,12203,punk,74,0.904,0.486,0.0947,0.786,3.3,0
2TfSHkHiFO4gRztVIkggkE,"Sugar, We're Goin Down",Fall Out Boy,From Under The Cork Tree,Feel good music,12203,emo,2,0.887,0.5,0.114,0.631,3.82,0
6ZOBP3NvffbU4SZcrnt1k6,Kryptonite,3 Doors Down,The Better Life,Feel good music,12203,alt-rock,0,0.848,0.544,0.134,0.489,3.9,0
4YPhn26bIFm2KUkL1VLzQG,Say It Ain't So,Weezer,Weezer,Feel good music,12203,alt-rock,1,0.551,0.635,0.07,0.451,4.28,0
7oK9VyNzrYvRFo7nQEYkWN,Mr. Brightside,The Killers,Hot Fuss,Feel good music,12203,alt-rock,2,0.931,0.344,0.0903,0.251,3.71,0
3NLrRZoMF0Lx6zTlYqeIo4,Here Without You,3 Doors Down,Away From The Sun,Feel good music,12203,alt-rock,0,0.545,0.556,0.124,0.193,3.98,0
1N62wozuHCvczCkY4QidpP,Over My Head (Cable Car),The Fray,How To Save A Life,Feel good music,12203,piano,70,0.729,0.592,0.0653,0.709,3.94,0
5wQnmLuC1W7ATsArWACrgW,Welcome to the Black Parade,My Chemical Romance,The Black Parade,Feel good music,12203,emo,79,0.905,0.217,0.222,0.236,5.19,0
2Bs4jQEGMycglOfWPBqrVG,Steal My Girl,One Direction,FOUR,Feel good music,12203,pop,80,0.768,0.536,0.114,0.545,3.8,0
3hB5DgAiMAQ4DzYbsMq1IT,Love Yourself,Justin Bieber,Purpose,Feel good music,12203,pop,84,0.378,0.609,0.28,0.515,3.9,0
38YgZVHPWOWsKrsCXz6JyP,Come On Get Higher,Matt Nathanson,Some Mad Hope,Feel good music,12203,acoustic,71,0.623,0.672,0.0848,0.617,3.59,0
7qiZfU4dY1lWllzX7mPBI3,Shape of You,Ed Sheeran,÷,Feel good music,12203,pop,86,0.652,0.825,0.0931,0.931,3.9,0
3LpnzPxkMI6XS4JCbhNeek,I Alone,Live,Throwing Copper,Chill,12204,alt-rock,0,0.843,0.424,0.366,0.115,3.85,0
0iEEDY73hQFa6Ms5KWFQqM,Just Breathe,Pearl Jam,Backspacer,Chill,12204,grunge,69,0.348,0.473,0.0823,0.283,3.6,0
7wclPheMJAUKn2njmO2s3A,Pork And Beans,Weezer,Weezer (Red Album),Chill,12204,power-pop,52,0.626,0.599,0.158,0.708,3.16,0
5ghIJDpPoe3CfHMGu71E6T,Smells Like Teen Spirit,Nirvana,Nevermind,Chill,12204,alt-rock,83,0.912,0.502,0.106,0.72,5.03,0
4sFbojhVXQv7dBC9PVCcRn,Sympathy For The Devil,The Rolling Stones,Beggars Banquet,Chill,12204,british,1,0.67,0.636,0.0453,0.572,6.3,0
1twBt7aZiy7HWPG025QGuP,Aerials,System Of A Down,Toxicity,Chill,12204,alternative,77,0.922,0.364,0.0697,0.227,3.93,0
2MLHyLy5z5l5YRp7momlgw,Island In The Sun,Weezer,Weezer (Green Album),Chill,12204,alt-rock,1,0.794,0.654,0.165,0.678,3.34,0
6FxbwB6o1MKOy0dHvxNr2W,Undone - The Sweater Song,Weezer,Weezer,Chill,12204,power-pop,72,0.618,0.457,0.0679,0.579,5.08,0
15VRO9CQwMpbqUYA7e6Hwg,The Man Who Sold The World,Nirvana,MTV Unplugged In New York,Chill,12204,alt-rock,76,0.753,0.483,0.257,0.42,4.35,0
0lXrp1d2S5X4mbBH978ejJ,Machinehead - Remastered,Bush,Sixteen Stone,Chill,12204,grunge,60,0.92,0.142,0.126,0.193,4.27,0
2mPMFJvQ0v27gVqe5b6nDn,Hash Pipe,Weezer,Weezer (Green Album),Chill,12204,power-pop,69,0.882,0.578,0.284,0.623,3.11,0
4YPhn26bIFm2KUkL1VLzQG,Say It Ain't So,Weezer,Weezer,Chill,12204,alt-rock,1,0.551,0.635,0.07,0.451,4.28,0
7GptbanebPZYkLPvjNfd6m,Buddy Holly,Weezer,Weezer,Chill,12204,alt-rock,0,0.921,0.555,0.117,0.775,2.66,0
1ng36571Iyov4HBxUClySn,Pepper,Butthole Surfers,Electriclarryland,Chill,12204,psych-rock,64,0.804,0.631,0.16,0.671,4.95,0
2nzlgHTbUDzuRtTFoX3qfJ,Glycerine - Remastered,Bush,Sixteen Stone,Chill,12204,grunge,63,0.335,0.421,0.0944,0.0889,4.44,0
3bH8PZsfbCRIoeNiFm7JmU,All Apologies,Nirvana,MTV Unplugged In New York,Chill,12204,alt-rock,72,0.632,0.446,0.0881,0.359,4.39,0
5Ddlk6C2JVxb1SReZ6O1wk,Drain You,Nirvana,Nevermind,Chill,12204,grunge,61,0.929,0.325,0.184,0.198,3.73,0
1nFtiJxYdhtFfFtfXBv06s,Something In The Way,Nirvana,Nevermind,Chill,12204,alt-rock,76,0.201,0.427,0.109,0.0668,3.87,0
6ooluO7DiEhI1zmK94nRCM,Take Me Out,Franz Ferdinand,Franz Ferdinand,Chill,12204,alt-rock,79,0.663,0.277,0.136,0.527,3.95,0
6mcxQ1Y3uQRU0IHsvdNLH1,Where Is My Mind?,Pixies,Surfer Rosa (Remastered),Chill,12204,alt-rock,77,0.442,0.513,0.0878,0.243,3.95,0
11Tm0hw3DDF1gqU0kSEwiC,Rape Me,Nirvana,In Utero - 20th Anniversary - Deluxe Edition,Chill,12204,alt-rock,71,0.746,0.42,0.0661,0.229,2.83,0
2ypT0w7jeCwcEQQvNE5o92,The Bad Touch,Bloodhound Gang,Hooray For Boobies,Chill,12204,funk,0,0.711,0.828,0.0954,0.969,4.34,0
5mkGfmJGFZpwK9nA5amOhv,Sex And Candy,Marcy Playground,Marcy Playground,Chill,12204,grunge,59,0.702,0.55,0.119,0.515,2.89,0
4xBHZ2Mr0gCdFYXrPZuYXO,Lonely Day,System Of A Down,Hypnotize,Chill,12204,alternative,75,0.796,0.47,0.133,0.215,2.8,0
2YodwKJnbPyNKe8XXSE9V7,Lithium,Nirvana,Nevermind,Chill,12204,alt-rock,73,0.656,0.678,0.0631,0.485,4.28,0
4P5KoWXOxwuobLmHXLMobV,Come As You Are,Nirvana,Nevermind,Chill,12204,alt-rock,79,0.824,0.5,0.0916,0.539,3.65,0
1KXrIYY9fvjI0wN4gc4BVN,Behind Blue Eyes,Limp Bizkit,Results May Vary,Chill,12204,alternative,74,0.489,0.595,0.119,0.0902,4.5,0
3ZOEytgrvLwQaqXreDs2Jx,Can't Stop,Red Hot Chili Peppers,By The Way,Chill,12204,alt-rock,82,0.938,0.618,0.167,0.875,4.48,0
28IEbk5a7twNTbUEvWslUb,Paralyzer,Finger Eleven,Them Vs. You Vs. Me,Chill,12204,grunge,75,0.939,0.644,0.233,0.861,3.47,0
4vAHXnJ5YWLq5hbIVzZS1h,Spiders,System Of A Down,System Of A Down (Bonus Pack),Chill,12204,metal,68,0.54,0.46,0.326,0.0506,3.59,0
3czHCIPtkuw2TFk1SOOQkC,Spoonman,Soundgarden,Superunknown,Chill,12204,alt-rock,0,0.904,0.258,0.255,0.832,4.11,0
3jJZVeExYzVYiV6Y9Fl3DX,Plush,Stone Temple Pilots,Core,Chill,12204,alt-rock,1,0.954,0.416,0.177,0.498,5.17,0
6SpLc7EXZIPpy0sVko0aoU,Misery Business,Paramore,RIOT!,Chill,12204,emo,1,0.906,0.513,0.113,0.73,3.53,0
2hmibAtdObO8F4tnhLENuQ,Reptilia,The Strokes,Room On Fire,Chill,12204,alt-rock,75,0.649,0.489,0.101,0.77,3.66,0
6C0xucNj75wRdlejwWIEW1,Club Foot,Kasabian,Kasabian,Chill,12204,garage,61,0.919,0.238,0.0914,0.123,3.57,0
7yMiX7n9SBvadzox8T5jzT,Clint Eastwood,Gorillaz,Gorillaz,Chill,12204,alternative,3,0.694,0.663,0.0698,0.525,5.68,0
6y20BV5L33R8YXM0YuI38N,No One Knows,Queens of the Stone Age,Songs For The Deaf,Chill,12204,blues,72,0.584,0.509,0.384,0.685,4.65,0
4TIJ7zSBNejpoIPaWpWRKc,Rebel Yell,Billy Idol,Rebel Yell,Chill,12204,hard-rock,1,0.864,0.531,0.354,0.485,4.81,0
1gzIbdFnGJ226LTl0Cn2SX,White Wedding - Pt. 1,Billy Idol,Billy Idol,Chill,12204,hard-rock,71,0.814,0.673,0.343,0.728,4.2,0
7r9ZTgy31yObGZE6ZYDlQg,Be Yourself,Audioslave,Out of Exile,Chill,12204,alt-rock,72,0.845,0.423,0.213,0.317,4.65,0
3fkPMWQ6cBNBLuFcPyMS8s,Burnin' for You,Blue Öyster Cult,Fire of Unknown Origin,Chill,12204,blues,67,0.728,0.532,0.0849,0.69,4.52,0
2t3ezqieuK6RRav66q9bQF,The Humbling River,Puscifer,"""C"" Is for (Please Insert Sophomoric Genitalia Reference Here) E.P.",Chill,12204,industrial,15,0.327,0.554,0.125,0.0341,5.09,0
4eTIe5eqds88bA9ua6p5p6,Fine Again,Seether,Disclaimer,Chill,12204,grunge,66,0.855,0.442,0.273,0.363,4.06,0
1158ckiB5S4cpsdYHDB9IF,My Own Summer (Shove It),Deftones,Around The Fur,Chill,12204,metal,76,0.781,0.443,0.166,0.372,3.58,0
5Xak5fmy089t0FYmh3VJiY,Black,Pearl Jam,Ten,Chill,12204,alt-rock,74,0.684,0.36,0.34,0.2,5.71,0
3RptaQ5Xb8WvtpItZ2f9Hi,Snuff,Slipknot,All Hope Is Gone,Chill,12204,metal,70,0.69,0.544,0.0615,0.219,4.6,0
0QnONzv3TvHAWk294h6DaQ,Last Kiss,Pearl Jam,Last Kiss,Chill,12204,alt-rock,71,0.692,0.622,0.193,0.774,3.26,0
2Z2vOukzwOgqR4dkymRSWd,Santeria,Sublime,Sublime,Chill,12204,punk,1,0.751,0.665,0.121,0.58,3.04,0
5DiXcVovI0FcY2s0icWWUu,Mr. Jones,Counting Crows,August And Everything After,Chill,12204,alt-rock,0,0.836,0.571,0.182,0.73,4.54,0
5nkYHBWXu7KCgcdwP6jcB1,What I Got,Sublime,Sublime,Chill,12204,punk,1,0.693,0.804,0.314,0.654,2.85,0
1Eolhana7nKHYpcYpdVcT5,Little Wing,Jimi Hendrix,Axis: Bold As Love,Chill,12204,blues,71,0.534,0.515,0.0547,0.426,2.43,0
2AxCeJ6PSsBYiTckM0HLY7,Voodoo Child (Slight Return),Jimi Hendrix,Electric Ladyland,Chill,12204,blues,68,0.91,0.214,0.0517,0.448,5.22,0
6kZFIsYCBeuH0f1zGk1UoM,Simple Man,Lynyrd Skynyrd,(Pronounced 'Leh-'Nérd 'Skin-'Nérd),Chill,12204,blues,74,0.752,0.422,0.129,0.403,5.97,0
3fqwjXwUGN6vbzIwvyFMhx,Tennessee Whiskey,Chris Stapleton,Traveller,Chill,12204,country,81,0.37,0.392,0.0821,0.512,4.89,0
2UZtI2HUyLRzqBjodvcUmY,Rx (Medicate),Theory of a Deadman,Wake Up Call,Chill,12204,grunge,68,0.71,0.639,0.118,0.378,3.89,0
7EOYLyD4pP4YJVgoVeKUQ1,Feel So Close - Radio Edit,Calvin Harris,18 Months,EDM Favorites,12205,electro,80,0.924,0.707,0.204,0.919,3.44,0
0DIekYoiwwr1kkTUGmQlSL,Strobe - Radio Edit,deadmau5,Strobe,EDM Favorites,12205,electronic,53,0.706,0.649,0.163,0.0736,3.53,0
1urrG04mC0IopJD7vpKiiW,I Surrender - Live,Hillsong Worship,Cornerstone,Soak,12207,world-music,56,0.521,0.269,0.205,0.12,5.77,0
1nLnpLXvl68RZCSjfkyiaa,Brain Stew,Green Day,Insomniac,90's ,12208,punk,69,0.543,0.559,0.0577,0.337,3.22,0
6gZVQvQZOFpzIy3HblJ20F,Man in the Box,Alice In Chains,Facelift,90's ,12208,alt-rock,75,0.791,0.355,0.0969,0.758,4.74,1
6B4JGMaqe1LaEMlsVzNdNM,Fell On Black Days,Soundgarden,Superunknown,90's ,12208,grunge,68,0.739,0.574,0.141,0.514,4.7,0
3z5ggGtcs4t8pizW521gW9,Pretend We're Dead,L7,Bricks Are Heavy,90's ,12208,grunge,60,0.789,0.569,0.0811,0.911,3.92,0
3cbTV3IZZvSBYVcl0xuZbY,Bound For The Floor,Local H,As Good As Dead,90's ,12208,grunge,66,0.53,0.654,0.0534,0.584,3.72,0
3yMFBuIdPBdJkkzaPBDjKY,Miss World,Hole,Live Through This,90's ,12208,alt-rock,0,0.722,0.331,0.256,0.349,3.0,0
42et6fnHCw1HIPSrdPprMl,Semi-Charmed Life,Third Eye Blind,Third Eye Blind,90's ,12208,grunge,75,0.864,0.64,0.123,0.701,4.47,0
1LzNfuep1bnAUR9skqdHCK,Fade Into You,Mazzy Star,So Tonight That I Might See,90's ,12208,alt-rock,79,0.33,0.42,0.0677,0.175,4.93,0
62nQ8UZVqR2RMvkJHkcO2o,Jeremy,Pearl Jam,Ten,90's ,12208,grunge,71,0.846,0.285,0.182,0.287,5.3,0
0u4htORODiTK9vHVA89MQX,Lovefool - Radio Edit,The Cardigans,First Band On The Moon,90's ,12208,swedish,0,0.686,0.645,0.143,0.941,3.23,0
3YuqJ1TVQoh88GAGdoSK59,No Ordinary Love,Sade,The Best Of Sade,90's ,12208,british,67,0.364,0.629,0.0941,0.701,7.34,0
5mkGfmJGFZpwK9nA5amOhv,Sex And Candy,Marcy Playground,Marcy Playground,90's ,12208,grunge,59,0.702,0.55,0.119,0.515,2.89,0
2M5WTwqnkyz7bW6P1CiD6q,I'm Broken,Pantera,Far Beyond Driven,90's ,12208,groove,65,0.878,0.419,0.139,0.666,4.41,0
6FxbwB6o1MKOy0dHvxNr2W,Undone - The Sweater Song,Weezer,Weezer,90's ,12208,power-pop,72,0.618,0.457,0.0679,0.579,5.08,0
4tvBoSWeIW0bjhKNre5mod,Thunder Kiss '65,White Zombie,La Sexorcisto: Devil Music Volume 1,90's ,12208,alt-rock,1,0.937,0.636,0.54,0.395,3.9,0
5UWwZ5lm5PKu6eKsHAGxOk,Everlong,Foo Fighters,The Colour And The Shape,90's ,12208,alt-rock,84,0.881,0.413,0.0805,0.364,4.18,0
6EsBn1Md8C5YdbCzvwvZq8,Self Esteem,The Offspring,Greatest Hits,90's ,12208,punk-rock,77,0.862,0.488,0.359,0.706,4.3,1
1KQxH1Z1BiSo3MMukVpRfl,The Dope Show,Marilyn Manson,Mechanical Animals,90's ,12208,industrial,61,0.671,0.562,0.792,0.376,3.78,0
6WkSUgo1VdpzgtiXKlFPcY,Dammit,blink-182,Dude Ranch,90's ,12208,punk-rock,68,0.974,0.429,0.164,0.33,2.76,0
2VTQAjZr7FPoEJD2sNoH3o,Celebrity Skin,Hole,Celebrity Skin,90's ,12208,grunge,69,0.905,0.438,0.363,0.723,2.71,0
7HRSa7aEPf1X9tm8Iql3h3,Sliver,Nirvana,Incesticide,90's ,12208,grunge,64,0.684,0.428,0.0744,0.419,2.2,0
3rq5w4bQGigXOfdN30ATJt,Do I Wanna Know?,Arctic Monkeys,AM,Indie/Alt.,12209,garage,88,0.532,0.548,0.217,0.405,4.54,0
46GGxd8TVRt6FjUBfCavVT,Renegades,X Ambassadors,VHS,Indie/Alt.,12209,alt-rock,76,0.862,0.526,0.229,0.528,3.25,0
1kusepF3AacIEtUTYrw4GV,Paper Planes,M.I.A.,Kala,Indie/Alt.,12209,indie-pop,77,0.848,0.447,0.65,0.485,3.4,0
6u0x5ad9ewHvs3z6u9Oe3c,Under Cover of Darkness,The Strokes,Angles,Indie/Alt.,12209,garage,68,0.775,0.35,0.0676,0.588,3.93,0
3omXshBamrREltcf24gYDC,First,Cold War Kids,Hold My Home,Indie/Alt.,12209,blues,67,0.692,0.468,0.523,0.561,3.34,0
2tznHmp70DxMyr2XhWLOW0,Cigarette Daydreams,Cage The Elephant,Melophobia,Indie/Alt.,12209,blues,79,0.676,0.636,0.0831,0.273,3.48,0
6Xs7OKt6i0Ddq8B4M5Dgvr,New Americana,Halsey,BADLANDS,Indie/Alt.,12209,electro,65,0.707,0.339,0.337,0.359,3.06,0
0VgkVdmE4gld66l8iyGjgx,Mask Off,Future,FUTURE,lit asf,12211,hip-hop,83,0.434,0.833,0.165,0.281,3.41,0
7KXjTSCq5nL1LoYtL7XAwS,HUMBLE.,Kendrick Lamar,DAMN.,lit asf,12211,hip-hop,84,0.621,0.908,0.0958,0.421,2.95,1
5yyRH93h4Pm6tXXYTxt7ea,The Blower's Daughter,Damien Rice,O,Mellow ,12212,singer-songwriter,0,0.2,0.343,0.341,0.074,4.76,0
4I3KMa9p00MJwWbT0vi5iX,One And Only,Adele,21,Mellow ,12212,british,63,0.468,0.528,0.165,0.185,5.78,0
24cKN8P2uGWypxTw5WaNlq,Don't You Remember,Adele,21,Mellow ,12212,british,64,0.4,0.644,0.0866,0.227,4.05,0
3ZMv9EzGoteNi5Qnx0KpEO,Skinny Love,Bon Iver,"For Emma, Forever Ago",Mellow ,12212,folk,73,0.263,0.592,0.127,0.109,3.87,0
1XQnZTR0ER8y5fGO17uX1R,Holocene,Bon Iver,Bon Iver,Mellow ,12212,folk,66,0.304,0.374,0.126,0.147,5.61,0
0Qw7qGuXlVBZLcfoQ17yZn,Old Pine,Ben Howard,Every Kingdom,Mellow ,12212,british,68,0.364,0.401,0.162,0.224,5.48,0
6zZGFzAUk3g2Uae9fLYlDl,Black Flies,Ben Howard,Every Kingdom,Mellow ,12212,british,54,0.36,0.581,0.0924,0.107,6.36,0
0iEEDY73hQFa6Ms5KWFQqM,Just Breathe,Pearl Jam,Backspacer,Mellow ,12212,grunge,69,0.348,0.473,0.0823,0.283,3.6,0
2QPuWjnOa6N5p8fGn3iGly,Wildest Moments,Jessie Ware,Devotion,Mellow ,12212,british,55,0.772,0.565,0.44,0.484,3.7,0
1HL3yEnYq8LEyFQ3QegA5V,Crash into Me,Dave Matthews Band,Crash,Mellow ,12212,j-rock,55,0.677,0.541,0.0938,0.555,5.27,0
6rQvEE7Jvkdwnn8RroMs15,I Forget Where We Were,Ben Howard,I Forget Where We Were,Mellow ,12212,british,60,0.462,0.305,0.0916,0.181,4.69,0
5N1itNLaYtifU8YVbg9SBQ,She Treats Me Well,Ben Howard,I Forget Where We Were,Mellow ,12212,british,58,0.494,0.625,0.0713,0.596,5.3,0
6Fha6tXHkL3r9m9nNqQG8p,Georgia,Vance Joy,Dream Your Life Away,Mellow ,12212,folk,62,0.66,0.388,0.0943,0.401,3.84,0
61KHfpOOqUgSWpzfpufkzs,Que Sera,Wax Tailor,Tales of the Forgotten Melodies,Mellow ,12212,trip-hop,60,0.721,0.714,0.174,0.415,2.73,0
5b9iBVhfYxDF4JJcHrNIx5,Gooey,Glass Animals,ZABA,Mellow ,12212,indie-pop,71,0.369,0.487,0.0925,0.106,4.82,1
0Y1fueUFu8jQtUxdUmOojf,Orange Sky,Alexi Murdoch,Four Songs,Mellow ,12212,british,59,0.15,0.685,0.1,0.125,6.33,0
13PUJCvdTSCT1dn70tlGdm,"Welcome Home, Son",Radical Face,Ghost,Mellow ,12212,folk,71,0.497,0.587,0.142,0.401,4.76,0
28cnXtME493VX9NOw9cIUh,Hurt,Johnny Cash,American IV: The Man Comes Around,Mellow ,12212,country,74,0.392,0.534,0.0948,0.163,3.61,0
03WuFsWpkytZ6c5iidS8Im,Bloodstream,Stateless,Stateless,Mellow ,12212,british,57,0.463,0.701,0.073,0.352,5.23,0
6ZYS6QQxTLsQ6IFXdVx1r4,Ophelia,The Lumineers,Cleopatra,Mellow ,12212,folk,79,0.573,0.664,0.0857,0.566,2.67,0
5mpLcXEsk3jjzLFGuNKk5I,Flashed Junk Mind,Milky Chance,Sadnecessary,Mellow ,12212,german,66,0.84,0.84,0.114,0.904,4.37,0
1yJZwBqTyGTB7mz8nZyiel,Barcelona,George Ezra,Wanted On Voyage,Mellow ,12212,folk,67,0.572,0.629,0.109,0.182,3.15,0
2fbXJ0VpxhW7j0qcg1DnoZ,Big Jet Plane,Angus & Julia Stone,Down The Way,Mellow ,12212,folk,61,0.387,0.762,0.13,0.274,3.99,0
7GJClzimvMSghjcrKxuf1M,Budapest,George Ezra,Wanted On Voyage,Mellow ,12212,folk,79,0.455,0.717,0.11,0.389,3.35,0
1ivHxaGL5ld9VS1zsYc4YN,Cherry Wine - Live,Hozier,Hozier,Mellow ,12212,singer-songwriter,67,0.111,0.418,0.0982,0.228,4.0,0
2d9totnSVmmczPtHFl8Ys6,Sleep On The Floor,The Lumineers,Cleopatra,Mellow ,12212,folk,70,0.431,0.389,0.13,0.275,3.53,0
5uCax9HTNlzGybIStD3vDh,Say You Won't Let Go,James Arthur,Back from the Edge,Mellow ,12212,pop,85,0.557,0.358,0.0902,0.494,3.52,0
3UwT4FadEGWyMdaSwYcUBY,This Town,Niall Horan,Flicker,Mellow ,12212,dance,80,0.401,0.677,0.116,0.195,3.88,0
2HL7EWAjEm5Bhpr1iWHA4C,Cold Little Heart - Radio Edit,Michael Kiwanuka,Cold Little Heart,Mellow ,12212,british,70,0.58,0.629,0.436,0.655,3.5,0
53ewPfho6rQQpbv3vbTIKS,When In Rome,Nickel Creek,Why Should The Fire Die?,Bluegrass,12213,bluegrass,30,0.7,0.373,0.133,0.537,4.26,0
30NHcOXhqNm0GbeAA2o6wN,O Santo De Polvora,Chris Thile,How To Grow A Woman From The Ground,Bluegrass,12213,bluegrass,21,0.527,0.547,0.302,0.926,2.63,0
3MhbB5T6ZickGjX7Plty7x,Frosty The Snowman,Ella Fitzgerald,Ella Wishes You A Swinging Christmas,ultimate christmas playlist ,12214,blues,0,0.502,0.579,0.281,0.836,2.2,0
3g5fIJFJqNvqWQLoZoZv7Y,Winter Wonderland - Single Version,Louis Armstrong,Best Of / 20th Century - Christmas,ultimate christmas playlist ,12214,jazz,0,0.215,0.431,0.179,0.401,3.0,0
5xlS0QkVrSH7ssEbBgBzbM,Little Saint Nick,The Beach Boys,The Beach Boys' Christmas Album,ultimate christmas playlist ,12214,psych-rock,0,0.424,0.551,0.165,0.925,1.98,0
1msuiw6pnXYfxZ7Edyit9U,"Where Are You Christmas - From ""Dr. Seuss' How The Grinch Stole Christmas"" Soundtrack",Faith Hill,Dr. Seuss' How The Grinch Stole Christmas,ultimate christmas playlist ,12214,country,0,0.333,0.373,0.121,0.0815,4.12,0
3Q3myFA7q4Op95DOpHplaY,do re mi,blackbear,digital druglord,blackbear,12215,electro,73,0.593,0.745,0.123,0.17,3.53,0
53QF56cjZA9RTuuMZDrSA6,I Won't Give Up,Jason Mraz,Love Is A Four Letter Word,Feelings,12216,acoustic,69,0.303,0.483,0.115,0.139,4.0,0
5fVZC9GiM4e8vu99W0Xf6J,How to Save a Life,The Fray,How To Save A Life,Feelings,12216,piano,80,0.743,0.64,0.101,0.361,4.38,0
7DfFc7a6Rwfi3YQMRbDMau,Thinkin Bout You,Frank Ocean,channel ORANGE,Feelings,12216,soul,78,0.339,0.721,0.0973,0.2,3.35,0
4rMNgxEwGWoPHIUcvB5BrB,It Will Rain,Bruno Mars,It Will Rain,Feelings,12216,dance,0,0.835,0.572,0.082,0.468,4.3,0
3hB5DgAiMAQ4DzYbsMq1IT,Love Yourself,Justin Bieber,Purpose,Feelings,12216,pop,84,0.378,0.609,0.28,0.515,3.9,0
4SRqDmPxYX0pUb5B5ut2Ri,So Sick,Ne-Yo,In My Own Words,Feelings,12216,dance,3,0.682,0.679,0.287,0.59,3.45,0
35lAjvsvS9k9HHuP1fjDT8,Human Nature,Michael Jackson,Thriller 25 Super Deluxe Edition,Feelings,12216,soul,66,0.511,0.638,0.26,0.68,4.09,0
1kiNatIrwDusOZfR29W0LJ,Man in the Mirror - 2012 Remaster,Michael Jackson,Bad 25th Anniversary,Feelings,12216,soul,70,0.812,0.808,0.134,0.269,5.31,0
7woW97CfcWaKtuC6W5BP2K,Heal the World,Michael Jackson,Dangerous,Feelings,12216,soul,68,0.485,0.545,0.104,0.101,6.41,0
1mr3616BzLdhXfJmLmRsO8,Fireflies,Owl City,Ocean Eyes,Feelings,12216,indie-pop,79,0.662,0.512,0.118,0.472,3.81,0
0IqKeD8ZSP72KbGYyzEcAs,Take Me To Church,Hozier,Hozier,Feelings,12216,singer-songwriter,83,0.664,0.566,0.116,0.437,4.03,0
5u3l2TONYacJgmRPQVaF9y,Twilight Of The Thunder God,Amon Amarth,Twilight Of The Thunder God,Warrior,12217,death-metal,63,0.92,0.374,0.0802,0.278,4.15,0
0sObxZUKqdPfgjG9ahSlP5,The Pursuit Of Vikings,Amon Amarth,Fate of Norns,Warrior,12217,death-metal,58,0.967,0.506,0.167,0.488,4.5,0
634JArk1AoXtts5DVdd4p2,Feuer frei!,Rammstein,Mutter,Warrior,12217,industrial,68,0.966,0.491,0.153,0.223,3.14,0
5862zgaxKAei2fpZLQe4SN,Brotherhood of the Snake,Testament,Brotherhood of the Snake,Warrior,12217,death-metal,52,0.989,0.289,0.122,0.198,4.23,0
2S7dIlkIskYF2mv1R66O1m,For Whom The Bell Tolls - Remastered,Metallica,Ride The Lightning,Warrior,12217,hard-rock,73,0.858,0.518,0.0598,0.249,5.17,0
0asHedzNrLSCVDq0SW5gwy,Desolation,Lamb of God,Resolution,Warrior,12217,groove,44,0.997,0.434,0.428,0.0676,3.91,0
760GxmiU9FCmP5jgnLsNtz,Kiss Me Slowly,Parachute,The Way It Was,Kiss Me,12219,acoustic,61,0.801,0.47,0.218,0.431,3.93,0
5eQtR62IZ8P8qZM2pSD9Ip,Forever And For Always,Shania Twain,Up!,Kiss Me,12219,country,59,0.722,0.469,0.123,0.529,4.72,0
20I6sIOMTCkB6w7ryavxtO,Call Me Maybe,Carly Rae Jepsen,Kiss,Kiss Me,12219,electro,80,0.58,0.783,0.108,0.66,3.22,0
2CAXzfk8tLXCi3rWjAJUNp,Kiss Me Quick,Elvis Presley,Pot Luck,Kiss Me,12219,rockabilly,48,0.652,0.56,0.249,0.947,2.82,0
3Oa8vnNXStoOHLbJwwMEDP,Lips Like Sugar,Echo & the Bunnymen,Echo & the Bunnymen,Kiss Me,12219,punk-rock,0,0.934,0.552,0.258,0.863,4.86,0
46lFttIf5hnUZMGvjK0Wxo,Runaway (U & I),Galantis,Pharmacy,blue,12220,edm,75,0.805,0.506,0.0856,0.383,3.78,0
25khomWgBVamSdKw7hzm3l,The Hills,The Weeknd,Beauty Behind The Madness,blue,12220,pop,3,0.551,0.565,0.139,0.125,4.04,0
2d8JP84HNLKhmd6IYOoupQ,Trap Queen,Fetty Wap,Fetty Wap,blue,12220,j-dance,74,0.873,0.746,0.354,0.817,3.7,0
2g8HN35AnVGIk7B8yMucww,Big Poppa,The Notorious B.I.G.,Ready To Die The Remaster,blue,12220,hardcore,49,0.671,0.765,0.0506,0.798,4.21,1
7rqyZM53JpYj86avtfmyeg,My Type,Saint Motel,My Type,blue,12220,alt-rock,70,0.896,0.595,0.0748,0.567,3.44,0
7oGZAicScQt96OAW4AruYy,Want to Want Me,Jason Derulo,Everything Is 4,blue,12220,dance,1,0.643,0.772,0.0705,0.669,3.46,0
3yfqSUWxFvZELEM4PmlwIR,The Real Slim Shady,Eminem,The Marshall Mathers LP,blue,12220,hip-hop,87,0.661,0.949,0.0454,0.76,4.74,1
7cgu4JBW3hq1GwTM1ilkKQ,Talking Body,Tove Lo,Queen Of The Clouds,blue,12220,electro,67,0.761,0.736,0.0823,0.114,3.97,1
27SdWb2rFzO6GWiYDBTD9j,Cheap Thrills,Sia,This Is Acting,blue,12220,dance,78,0.698,0.628,0.0907,0.732,3.53,0
5Ce9z7GqSknXccyppRxNLY,Thief,Ookay,Thief,blue,12220,dub,57,0.797,0.57,0.11,0.212,4.0,0
7qiZfU4dY1lWllzX7mPBI3,Shape of You,Ed Sheeran,÷,blue,12220,pop,86,0.652,0.825,0.0931,0.931,3.9,0
0KKkJNfGyhkQ5aFogxQAPU,That's What I Like,Bruno Mars,24K Magic,blue,12220,dance,83,0.56,0.853,0.0944,0.86,3.44,0
5B03nSG8pLE48jh7kmasuL,Levels - Radio Edit,Avicii,True,blue,12220,edm,79,0.889,0.584,0.309,0.464,3.37,0
6gBFPUFcJLzWGx4lenP6h2,goosebumps,Travis Scott,Birds In The Trap Sing McKnight,blue,12220,hip-hop,84,0.728,0.841,0.149,0.43,4.06,0
5auMzVHFr5Zfw6IbKarZ56,Breathe (2 AM),Anna Nalick,Wreck of the Day,tbt,12222,acoustic,65,0.452,0.386,0.0881,0.287,4.66,0
3cfOd4CMv2snFaKAnMdnvK,All Star,Smash Mouth,Astro Lounge,tbt,12222,alt-rock,0,0.867,0.731,0.0861,0.776,3.34,0
3TZwjdclvWt7iPJUnMpgcs,Jump Around,House Of Pain,House of Pain (Fine Malt Lyrics),tbt,12222,hard-rock,65,0.71,0.854,0.166,0.818,3.58,0
4EnkwZd0UJAuHpNMMemQaA,Closing Time,Semisonic,Feeling Strangely Fine,tbt,12222,alt-rock,0,0.854,0.478,0.115,0.274,4.56,0
12qZHAeOyTf93YAWvGDTat,All The Small Things,blink-182,Enema Of The State,tbt,12222,punk-rock,2,0.9,0.442,0.395,0.609,2.8,0
3b0EOvScbZUc0qJx0E1L2z,I Want You Back,The Jackson 5,Diana Ross Presents The Jackson 5,tbt,12222,soul,77,0.538,0.469,0.37,0.886,2.94,0
6cb0HzFQPN4BGADOmSzPCw,ABC,The Jackson 5,ABC,tbt,12222,soul,0,0.869,0.53,0.233,0.935,2.91,0
4y1LsJpmMti1PfRQV9AWWe,Girls Just Want to Have Fun,Cyndi Lauper,She's So Unusual,tbt,12222,disco,79,0.799,0.71,0.349,0.725,3.97,0
2tP7ZekzXfduShx8C6cbll,I'm Like A Bird,Nelly Furtado,"Whoa, Nelly!",tbt,12222,latin,1,0.607,0.623,0.227,0.614,4.05,0
1mr3616BzLdhXfJmLmRsO8,Fireflies,Owl City,Ocean Eyes,tbt,12222,indie-pop,79,0.662,0.512,0.118,0.472,3.81,0
0wqOReZDnrefefEsrIGeR4,Hanging By A Moment,Lifehouse,No Name Face,tbt,12222,grunge,63,0.858,0.537,0.0812,0.502,3.6,0
27L8sESb3KR79asDUBu8nW,Stacy's Mom,Fountains Of Wayne,Welcome Interstate Managers,tbt,12222,alt-rock,76,0.75,0.774,0.0808,0.927,3.3,0
3mcG2NI5G5vhrQtRda1YnA,The Middle,Jimmy Eat World,Bleed American,tbt,12222,alt-rock,0,0.848,0.644,0.0676,0.928,2.8,0
5fVZC9GiM4e8vu99W0Xf6J,How to Save a Life,The Fray,How To Save A Life,tbt,12222,piano,80,0.743,0.64,0.101,0.361,4.38,0
5gBQ3x6u7DCvMW1QoP3CpG,100 Years,Five For Fighting,Playlist: The Very Best Of Five For Fighting,tbt,12222,acoustic,66,0.569,0.643,0.178,0.275,4.07,0
3FvCy00Wz75HmhlXPMmnOx,Superman (It's Not Easy),Five For Fighting,Playlist: The Very Best Of Five For Fighting,tbt,12222,acoustic,70,0.416,0.382,0.0719,0.125,3.7,0
7vFv0yFGMJW3qVXbAd9BK9,Your Body Is a Wonderland,John Mayer,Room For Squares,tbt,12222,singer-songwriter,74,0.729,0.647,0.134,0.687,4.16,0
7oK9VyNzrYvRFo7nQEYkWN,Mr. Brightside,The Killers,Hot Fuss,tbt,12222,alt-rock,2,0.931,0.344,0.0903,0.251,3.71,0
2l57cfmCnOkwNX1tky02n1,Move Along,The All-American Rejects,Move Along,tbt,12222,punk-rock,61,0.92,0.526,0.371,0.615,3.98,0
1dv3ePjze9tPq2pk8eWJdR,Gimme Shelter,The Rolling Stones,Let It Bleed,yoga,12223,british,0,0.63,0.634,0.169,0.489,4.51,0
4tc5UgZiIdz8LAISqEk1hP,Ritual Union,Little Dragon,Ritual Union,yoga,12223,trip-hop,59,0.738,0.7,0.22,0.796,3.52,0
5ufZfQkk1FFbFARFL3VH5U,Twice,Little Dragon,Little Dragon,yoga,12223,goth,54,0.197,0.394,0.0725,0.228,3.1,0
3rq5w4bQGigXOfdN30ATJt,Do I Wanna Know?,Arctic Monkeys,AM,yoga,12223,garage,88,0.532,0.548,0.217,0.405,4.54,0
6u9RqxALwkjJ1ukB1y8vuP,You've Got The Love,Florence + The Machine,Lungs,yoga,12223,alternative,0,0.696,0.574,0.102,0.401,2.81,0
67Hna13dNDkZvBpTXRIaOJ,Teardrop,Massive Attack,Mezzanine,yoga,12223,electronic,0,0.419,0.615,0.135,0.216,5.51,0
6IE47jpPeatF2Iay7GZtEc,Feel It All Around,Washed Out,Life Of Leisure,yoga,12223,synth-pop,63,0.737,0.34,0.0699,0.499,3.2,0
35rdv7N27twjo4gnUzmnRZ,Polish Girl,Neon Indian,Era Extraña,yoga,12223,synth-pop,47,0.886,0.63,0.125,0.454,4.4,0
2qM9TCbNQcHvGtwmh5nulc,Easy - Music From The Motion Picture Baby Driver,Sky Ferreira,Baby Driver (Music from the Motion Picture),yoga,12223,synth-pop,45,0.274,0.6,0.106,0.246,4.46,0
6l9HDwqU46DHCuNyvbmFdP,New Soul,Yael Naim,Yael Naim,Yellow ,12224,french,59,0.371,0.582,0.122,0.604,3.75,0
7GJClzimvMSghjcrKxuf1M,Budapest,George Ezra,Wanted On Voyage,Yellow ,12224,folk,79,0.455,0.717,0.11,0.389,3.35,0
0UACObCoT1QlNDYroo7EJC,Suddenly I See,KT Tunstall,Eye To The Telescope,Yellow ,12224,acoustic,0,0.78,0.603,0.164,0.693,3.36,0
2nWjhmRImt6LScZIPQMBnM,Sex Type Thing,Stone Temple Pilots,Core,Highschool,12225,grunge,55,0.969,0.397,0.0513,0.702,3.64,0
3jJZVeExYzVYiV6Y9Fl3DX,Plush,Stone Temple Pilots,Core,Highschool,12225,alt-rock,1,0.954,0.416,0.177,0.498,5.17,0
0W7AbEauB7cP4pidLclApe,Hunger Strike,Temple Of The Dog,Temple Of The Dog,Highschool,12225,grunge,69,0.567,0.373,0.0916,0.298,4.1,0
6gZVQvQZOFpzIy3HblJ20F,Man in the Box,Alice In Chains,Facelift,Highschool,12225,alt-rock,75,0.791,0.355,0.0969,0.758,4.74,1
6HnZsLUDrG3HTSbh8sq2u3,I Stay Away,Alice In Chains,Jar Of Flies,Highschool,12225,grunge,62,0.781,0.174,0.0822,0.276,4.24,0
01a0J96fRD91VnjQQUCqMK,The Kids Aren't Alright,The Offspring,Americana,Highschool,12225,alt-rock,81,0.943,0.523,0.0579,0.766,3.0,1
6EsBn1Md8C5YdbCzvwvZq8,Self Esteem,The Offspring,Greatest Hits,Highschool,12225,punk-rock,77,0.862,0.488,0.359,0.706,4.3,1
5kr3j5Clb9rjEposoMyLVt,Welcome to Paradise,Green Day,Dookie,Highschool,12225,punk,69,0.96,0.37,0.0563,0.717,3.74,0
1Dr1fXbc2IxaK1Mu8P8Khz,When I Come Around,Green Day,Dookie,Highschool,12225,punk,76,0.909,0.531,0.231,0.814,2.97,0
6j0Q06QmlWdd8xlS8NrOhl,Head Like A Hole,Nine Inch Nails,Pretty Hate Machine,Highschool,12225,industrial,62,0.798,0.666,0.585,0.442,5.0,0
3o1nX61oecxnqXieA2ma0U,Terrible Lie,Nine Inch Nails,Pretty Hate Machine,Highschool,12225,industrial,55,0.605,0.61,0.344,0.458,4.65,0
794pcMq18sBEsmwjRq0aOI,The World I Know,Collective Soul,Collective Soul,Highschool,12225,grunge,64,0.704,0.514,0.228,0.386,4.26,0
2PrUKG4kAO27esFEtQu9rL,December,Collective Soul,Collective Soul,Highschool,12225,grunge,64,0.645,0.683,0.18,0.366,4.75,0
7GuLQiPvQbfzP0kqcvgIQQ,Desperately Wanting,Better Than Ezra,Friction Baby,Highschool,12225,grunge,29,0.913,0.494,0.247,0.478,4.62,0
29xCdjplmyxsu3ng1Vz6T5,Until I Fall Away,Gin Blossoms,New Miserable Experience,Highschool,12225,grunge,28,0.863,0.58,0.055,0.729,3.87,0
5WmDRnuGYo31xrWNDcYaps,Found Out About You,Gin Blossoms,New Miserable Experience,Highschool,12225,grunge,27,0.927,0.491,0.118,0.634,3.89,0
3xRQvnsj2oHFefhZKYdGxm,Allison Road,Gin Blossoms,New Miserable Experience,Highschool,12225,grunge,33,0.961,0.462,0.26,0.92,3.31,0
3rfDfPjgHDQ1BUaSHr9xoI,The Freshmen,The Verve Pipe,Villains,Highschool,12225,grunge,63,0.505,0.571,0.109,0.276,4.49,0
020gYw7juUaNs2tLYMlfms,Spiderwebs,No Doubt,Tragic Kingdom,Highschool,12225,alt-rock,1,0.924,0.485,0.248,0.661,4.45,0
36bOT34EdRNrNhCWMwNJKu,Just A Girl,No Doubt,Tragic Kingdom,Highschool,12225,alt-rock,1,0.937,0.635,0.134,0.78,3.47,0
5PsUB0ISfQxRLhF5DmI5Ks,Don't Speak,No Doubt,Tragic Kingdom,Highschool,12225,alt-rock,0,0.752,0.508,0.142,0.554,4.38,0
4KoNBTm9a55KgLMtEaf3n6,If You Could Only See,Tonic,Lemon Parade,Highschool,12225,grunge,67,0.946,0.433,0.198,0.578,4.36,0
3TW48DvQ7ChwY1Yy1tkMaP,Runaway Train,Soul Asylum,Grave Dancers Union,Highschool,12225,grunge,56,0.714,0.616,0.133,0.53,4.43,0
2wVXSc0IrQVodHESUxVUJA,Losing My Religion,R.E.M.,Out Of Time,Highschool,12225,alt-rock,0,0.854,0.666,0.0986,0.803,4.47,0
1eQuRtkMEPhf2DGzpBVTE6,Ode To My Family,The Cranberries,No Need To Argue (The Complete Sessions 1994-1995),Highschool,12225,rock,1,0.517,0.365,0.265,0.0777,4.53,0
6txWz9UapYHVxEd7dDIHXT,No Rain,Blind Melon,Blind Melon,Highschool,12225,alt-rock,0,0.573,0.359,0.136,0.562,3.62,0
0z1b34WikhOH9ZxU8QDWcv,One Headlight,The Wallflowers,Bringing Down The Horse,Highschool,12225,alt-rock,0,0.643,0.683,0.0564,0.771,5.21,0
7fURZRPkB2S70sYR1naKTK,Black Hole Sun,Soundgarden,Superunknown,Highschool,12225,alt-rock,0,0.827,0.351,0.0755,0.145,5.3,0
2nzlgHTbUDzuRtTFoX3qfJ,Glycerine - Remastered,Bush,Sixteen Stone,Highschool,12225,grunge,63,0.335,0.421,0.0944,0.0889,4.44,0
51T1wGHtx6hXW89UCzw1Rc,Pretty Fly (For A White Guy),The Offspring,Americana,Highschool,12225,punk-rock,75,0.895,0.723,0.0717,0.963,3.14,1
5UWwZ5lm5PKu6eKsHAGxOk,Everlong,Foo Fighters,The Colour And The Shape,Highschool,12225,alt-rock,84,0.881,0.413,0.0805,0.364,4.18,0
6B4JGMaqe1LaEMlsVzNdNM,Fell On Black Days,Soundgarden,Superunknown,Highschool,12225,grunge,68,0.739,0.574,0.141,0.514,4.7,0
62nQ8UZVqR2RMvkJHkcO2o,Jeremy,Pearl Jam,Ten,Highschool,12225,grunge,71,0.846,0.285,0.182,0.287,5.3,0
6QewNVIDKdSl8Y3ycuHIei,Even Flow,Pearl Jam,Ten,Highschool,12225,alt-rock,76,0.944,0.394,0.298,0.265,4.88,1
0fbbSNH28FSbAkMUQ632i0,Mr. Self Destruct,Nine Inch Nails,The Downward Spiral,Highschool,12225,industrial,50,0.876,0.234,0.427,0.262,4.5,0
7vj2GPJROsOQRhRxT3cr9b,Piggy,Nine Inch Nails,The Downward Spiral,Highschool,12225,industrial,28,0.87,0.643,0.748,0.344,4.41,0
2Ad7XA54Jw0YyBF5rjiFyl,March Of The Pigs,Nine Inch Nails,The Downward Spiral,Highschool,12225,industrial,49,0.903,0.503,0.0861,0.0586,2.97,0
5qqabIl2vWzo9ApSC317sa,Wonderwall - Remastered,Oasis,(What's The Story) Morning Glory? [Remastered],Highschool,12225,rock,78,0.896,0.378,0.194,0.469,4.31,0
5hE3T2329sdMmIrHxjhQDL,Selling The Drama,Live,Throwing Copper,Highschool,12225,grunge,59,0.914,0.45,0.101,0.336,3.47,0
3LpnzPxkMI6XS4JCbhNeek,I Alone,Live,Throwing Copper,Highschool,12225,alt-rock,0,0.843,0.424,0.366,0.115,3.85,0
5vVmnv4EN3X2VBa5Fo3UFM,Lightning Crashes,Live,Throwing Copper,Highschool,12225,grunge,69,0.433,0.385,0.11,0.427,5.41,0
0lXrp1d2S5X4mbBH978ejJ,Machinehead - Remastered,Bush,Sixteen Stone,Highschool,12225,grunge,60,0.92,0.142,0.126,0.193,4.27,0
0DRh0T7UkzpnjoKtU6zVod,Open Up Your Eyes,Tonic,Lemon Parade,Highschool,12225,grunge,0,0.89,0.405,0.0931,0.286,3.67,0
6jc5gHCmrZW1XLcRM3wFlC,"Hey Man, Nice Shot - Remastered Version",Filter,Short Bus,Highschool,12225,grunge,66,0.588,0.48,0.319,0.305,5.24,0
7g5gZWKWTuS8N3OnM2g95g,One Of Us,Joan Osborne,Relish,Highschool,12225,singer-songwriter,0,0.557,0.223,0.149,0.335,5.36,0
6s0nfZoXLVze2sX2QBdm4B,King of Anything,Sara Bareilles,Season 2 - Episode 5 - The Finale,Accapella,12226,acoustic,61,0.762,0.676,0.0574,0.81,2.66,0
4SRqDmPxYX0pUb5B5ut2Ri,So Sick,Ne-Yo,In My Own Words,remix,12227,dance,3,0.682,0.679,0.287,0.59,3.45,0
5fVZC9GiM4e8vu99W0Xf6J,How to Save a Life,The Fray,How To Save A Life,remix,12227,piano,80,0.743,0.64,0.101,0.361,4.38,0
3hB5DgAiMAQ4DzYbsMq1IT,Love Yourself,Justin Bieber,Purpose,remix,12227,pop,84,0.378,0.609,0.28,0.515,3.9,0
7qiZfU4dY1lWllzX7mPBI3,Shape of You,Ed Sheeran,÷,remix,12227,pop,86,0.652,0.825,0.0931,0.931,3.9,0
7mldq42yDuxiUNn08nvzHO,Body Like A Back Road,Sam Hunt,Body Like A Back Road,remix,12227,country,0,0.458,0.732,0.136,0.661,2.76,0
7569Hbv0FUS7vjkdGvdgeZ,Promises - Skrillex & Nero Remix,NERO,Welcome Reality +,Feel the Beat!,12228,drum-and-bass,44,0.819,0.526,0.0616,0.167,4.48,0
5oPUBUzrAnwvlmMzl1VW7Y,Breathe,The Prodigy,The Fat Of The Land (Expanded Edition),Feel the Beat!,12228,breakbeat,66,0.808,0.673,0.037,0.303,5.58,0
6DEeUrq2VhjAj6KOhZcsu3,Me And You,NERO,Welcome Reality,Feel the Beat!,12228,drum-and-bass,46,0.925,0.42,0.152,0.236,4.13,0
5WSL7UTa38jMWoBzObD4BD,I Can't Stop,Flux Pavilion,I Can't Stop,Feel the Beat!,12228,dub,56,0.775,0.513,0.409,0.205,5.1,0
0U0ldCRmgCqhVvD6ksG63j,Nightcall,Kavinsky,Nightcall,Feel the Beat!,12228,alternative,73,0.874,0.532,0.452,0.361,4.31,0
7KXjTSCq5nL1LoYtL7XAwS,HUMBLE.,Kendrick Lamar,DAMN.,mix,12229,hip-hop,84,0.621,0.908,0.0958,0.421,2.95,1
4Hf7WnR761jpxPr5D46Bcd,Treat You Better,Shawn Mendes,Illuminate,mix,12229,dance,84,0.819,0.444,0.107,0.747,3.13,0
3m660poUr1chesgkkjQM7P,Sorry Not Sorry,Demi Lovato,Tell Me You Love Me,mix,12229,dance,0,0.643,0.705,0.262,0.884,3.4,0
6FE2iI43OZnszFLuLtvvmg,Classic,MKTO,MKTO,mix,12229,rock,82,0.791,0.72,0.157,0.756,2.92,0
20I6sIOMTCkB6w7ryavxtO,Call Me Maybe,Carly Rae Jepsen,Kiss,mix,12229,electro,80,0.58,0.783,0.108,0.66,3.22,0
1mr3616BzLdhXfJmLmRsO8,Fireflies,Owl City,Ocean Eyes,mix,12229,indie-pop,79,0.662,0.512,0.118,0.472,3.81,0
0IqKeD8ZSP72KbGYyzEcAs,Take Me To Church,Hozier,Hozier,mix,12229,singer-songwriter,83,0.664,0.566,0.116,0.437,4.03,0
1jdNcAD8Ir58RlsdGjJJdx,Ho Hey,The Lumineers,The Lumineers,mix,12229,folk,79,0.471,0.682,0.0908,0.421,2.69,0
5fVZC9GiM4e8vu99W0Xf6J,How to Save a Life,The Fray,How To Save A Life,mix,12229,piano,80,0.743,0.64,0.101,0.361,4.38,0
2WfaOiMkCvy7F5fcp2zZ8L,Take On Me,a-ha,Hunting High And Low,mix,12229,synth-pop,0,0.931,0.524,0.0588,0.811,3.75,0
4aWn4NHlELpOehxsBaQeoe,Don't You (Forget About Me),Simple Minds,Once Upon A Time,mix,12229,synth-pop,2,0.858,0.638,0.333,0.743,4.38,0
2dCmGcEOQrMQhMMS8Vj7Ca,Super Freak,Rick James,Street Songs,mix,12229,disco,3,0.796,0.857,0.0503,0.944,3.42,0
7GptbanebPZYkLPvjNfd6m,Buddy Holly,Weezer,Weezer,mix,12229,alt-rock,0,0.921,0.555,0.117,0.775,2.66,0
3cfOd4CMv2snFaKAnMdnvK,All Star,Smash Mouth,Astro Lounge,mix,12229,alt-rock,0,0.867,0.731,0.0861,0.776,3.34,0
4bHsxqR3GMrXTxEPLuK5ue,Don't Stop Believin',Journey,Escape,mix,12229,hard-rock,83,0.748,0.5,0.447,0.514,4.18,0
71SvEDmsOwIWw1IozsZoMA,Any Way You Want It,Journey,Departure,mix,12229,hard-rock,73,0.932,0.529,0.136,0.571,3.36,0
08mG3Y1vljYA6bvDt4Wqkj,Back In Black,AC/DC,Back In Black,mix,12229,hard-rock,85,0.7,0.31,0.0828,0.763,4.26,0
1ynmMEK1fkyiZ6Z6F3ThEt,Centerfold,The J. Geils Band,Freeze Frame,mix,12229,blues,74,0.677,0.653,0.403,0.888,3.61,0
1QV6tiMFM6fSOKOGLMHYYg,Poker Face,Lady Gaga,The Fame,mix,12229,dance,3,0.818,0.851,0.0945,0.808,3.95,0
4CJVkjo5WpmUAKp3R44LNb,Sweet Home Alabama,Lynyrd Skynyrd,Second Helping,mix,12229,blues,2,0.724,0.614,0.146,0.902,4.69,0
78WVLOP9pN0G3gRLFy1rAa,Piano Man,Billy Joel,Piano Man,mix,12229,folk,77,0.55,0.331,0.192,0.429,5.6,0
5Wj1rJnCLpMHdLaxsFtJLs,Bennie And The Jets - Remastered 2014,Elton John,Goodbye Yellow Brick Road,mix,12229,piano,74,0.673,0.665,0.497,0.779,5.38,0
1fDsrQ23eTAVFElUMaf38X,American Pie,Don McLean,American Pie,mix,12229,folk,0,0.563,0.461,0.302,0.477,8.61,0
1QEEqeFIZktqIpPI4jSVSF,More Than a Feeling,Boston,Boston,mix,12229,country,79,0.681,0.377,0.0504,0.285,4.75,0
7LRMbd3LEoV5wZJvXT1Lwb,T.N.T.,AC/DC,High Voltage,mix,12229,hard-rock,78,0.759,0.754,0.101,0.435,3.58,0
594FzPlCmqygQMoZAkGegM,Hot Stuff,Donna Summer,Bad Girls,mix,12229,disco,67,0.743,0.823,0.0707,0.966,5.25,0
6cb0HzFQPN4BGADOmSzPCw,ABC,The Jackson 5,ABC,mix,12229,soul,0,0.869,0.53,0.233,0.935,2.91,0
49fzPkBb3aOUWYRKaTWVhm,Hit the Road Jack,Ray Charles,Georgia On My Mind,mix,12229,blues,70,0.571,0.598,0.513,0.962,1.97,0
3G7tRC24Uh09Hmp1KZ7LQ2,I'm a Believer,The Monkees,More Of The Monkees (Deluxe Edition),mix,12229,psych-rock,57,0.772,0.502,0.199,0.935,2.79,0
3yrSvpt2l1xhsV9Em88Pul,Brown Eyed Girl,Van Morrison,Blowin' Your Mind!,mix,12229,folk,80,0.583,0.491,0.406,0.908,3.06,0
6L7CjMm9gJNn8Ze62bRk3g,Sugar Sugar,The Archies,Absolutely the Best of the Archies,mix,12229,r-n-b,69,0.725,0.757,0.108,0.965,2.79,0
7wMq5n8mYSKlQIGECKUgTX,Hall of Fame,The Script,#3 Deluxe Version,mix,12229,rock,60,0.872,0.511,0.0975,0.511,3.38,0
7GJClzimvMSghjcrKxuf1M,Budapest,George Ezra,Wanted On Voyage,mix,12229,folk,79,0.455,0.717,0.11,0.389,3.35,0
4kbj5MwxO1bq9wjT5g9HaA,Shut Up and Dance,WALK THE MOON,TALKING IS HARD,mix,12229,alt-rock,83,0.866,0.578,0.257,0.619,3.32,0
5edBgVtRD0fvWk140Sl21T,Counting Stars,OneRepublic,Native,mix,12229,piano,83,0.705,0.664,0.118,0.477,4.29,0
2vW5tqS1EFel9yYOQ7WZmE,Ex's & Oh's,Elle King,Love Stuff,mix,12229,blues,73,0.921,0.612,0.0576,0.446,3.37,0
0PDUDa38GO8lMxLCRc4lL1,PILLOWTALK,ZAYN,Mind Of Mine (Deluxe Edition),mix,12229,dance,78,0.7,0.584,0.0939,0.438,3.38,1
4gphxUgq0JSFv2BCLhNDiE,Jailhouse Rock,Elvis Presley,Elvis' Golden Records,mix,12229,rock-n-roll,72,0.537,0.623,0.0963,0.905,2.44,0
3BUQFs6aFWh7EFNmI8bfL7,Johnny B. Goode,Chuck Berry,Berry Is On Top,mix,12229,blues,76,0.803,0.534,0.307,0.969,2.69,0
7dgURqWJNjjnKYkmlK1yUi,In The Name Of Love - Recorded At Spotify Studios NYC,Kari Jobe,Spotify Singles,mix,12229,alt-rock,2,0.375,0.675,0.0951,0.187,3.43,0
5kNe7PE09d6Kvw5pAsx23n,Die A Happy Man,Thomas Rhett,Tangled Up,mix,12229,country,1,0.389,0.59,0.117,0.389,3.79,0
7mldq42yDuxiUNn08nvzHO,Body Like A Back Road,Sam Hunt,Body Like A Back Road,mix,12229,country,0,0.458,0.732,0.136,0.661,2.76,0
0w3Q14i073jLoew1hgJkwD,Heartache On The Dance Floor,Jon Pardi,California Sunrise,mix,12229,country,0,0.833,0.596,0.0866,0.618,3.42,0
10M2Ex445zw585Ducldzkw,In Case You Didn't Know,Brett Young,Brett Young,mix,12229,country,75,0.536,0.607,0.102,0.434,3.75,0
7f08qp3HROTkfrtNpiYGGo,Dirt On My Boots,Jon Pardi,California Sunrise,mix,12229,country,0,0.796,0.683,0.197,0.533,3.36,0
0BCy325UZyR9z0t0uxwn2N,H.O.L.Y.,Florida Georgia Line,Dig Your Roots,mix,12229,country,71,0.666,0.523,0.0728,0.564,3.24,0
1ACZpHI5vZ5Ea4xGlkdGWM,Crazy Rap (Colt 45 & 2 Zig Zags),Afroman,The Good Times,ratchet,12230,comedy,74,0.367,0.927,0.132,0.576,5.48,0
3YQacpdl0a7j1KbKDEUcYh,Atomic Bomb,William Onyeabor,World Psychedelic Classics 5: Who Is William Onyeabor?,vibin,12231,afrobeat,17,0.382,0.761,0.0562,0.966,7.99,0
0UV5zxRMz6AO4ZwUOZNIKI,Where'd All the Time Go?,Dr. Dog,"Shame, Shame",vibin,12231,folk,77,0.82,0.454,0.115,0.575,3.91,0
5qC17VMNoZdF2gAw28FtsV,Monday Loop,Tomppabeats,Harbor,vibin,12231,chill,56,0.384,0.742,0.132,0.354,1.53,0
1175r6ZmkUjX8dRJLz9Ohk,I Love You So,The Walters,Songs for Dads,vibin,12231,indie,89,0.648,0.575,0.115,0.466,2.67,0
61dXuN3VyqGOyOeMfJXIPh,Could You Be Loved,Bob Marley & The Wailers,Uprising,Enjoy,12232,reggae,78,0.72,0.916,0.0958,0.76,3.95,0
0XRbYXQUymj9SJkrr8YK5B,Keep Ya Head Up,2Pac,Strictly 4 My N.I.G.G.A.Z...,Enjoy,12232,funk,71,0.732,0.598,0.508,0.595,4.38,0
3YBZIN3rekqsKxbJc9FZko,Paradise City,Guns N' Roses,Appetite For Destruction,California Dreaming,12233,hard-rock,79,0.952,0.273,0.142,0.472,6.82,0
5kr3j5Clb9rjEposoMyLVt,Welcome to Paradise,Green Day,Dookie,California Dreaming,12233,punk,69,0.96,0.37,0.0563,0.717,3.74,0
1yKu2MhpwzDXXH2tzG6xoa,Beverly Hills,Weezer,Make Believe,California Dreaming,12233,power-pop,71,0.823,0.693,0.328,0.741,3.27,0
48UPSzbZjgc449aqz8bxox,Californication,Red Hot Chili Peppers,Californication,California Dreaming,12233,alt-rock,2,0.765,0.592,0.127,0.327,5.5,0
1XxCiPw07rd1ytYnE7SoJI,Road Trippin',Red Hot Chili Peppers,Californication,California Dreaming,12233,metal,66,0.474,0.378,0.117,0.38,3.42,0
10Nmj3JCNoMeBQ87uw5j8k,Dani California,Red Hot Chili Peppers,Stadium Arcadium,California Dreaming,12233,alt-rock,78,0.913,0.556,0.346,0.73,4.72,0
1IqFh00G2kvvMm8pRMpehA,Me and Bobby McGee,Janis Joplin,Pearl (Legacy Edition),California Dreaming,12233,blues,70,0.463,0.43,0.152,0.66,4.52,0
5WSL7UTa38jMWoBzObD4BD,I Can't Stop,Flux Pavilion,I Can't Stop,EDM,12235,dub,56,0.775,0.513,0.409,0.205,5.1,0
6r7FXNO57mlZCBY6PXcZZT,Five Hours,Deorro,Five Hours,EDM,12235,progressive-house,61,0.821,0.88,0.234,0.575,5.45,0
4w3tQBXhn5345eUXDGBWZG,9 to 5,Dolly Parton,9 To 5 And Odd Jobs,classic country,12237,country,77,0.783,0.554,0.631,0.813,2.71,0
5KqldkCunQ2rWxruMEtGh0,The Gambler,Kenny Rogers,The Gambler,classic country,12237,country,75,0.501,0.671,0.194,0.86,3.58,0
2xYlyywNgefLCRDG8hlxZq,"Take Me Home, Country Roads",John Denver,"The John Denver Collection, Vol. 1: Take Me Home Country Roads",classic country,12237,country,73,0.395,0.462,0.121,0.625,3.3,0
0qJXoL9mDiLmx7Rlgfi5si,King Of The Road - Single Version,Roger Miller,Golden Hits,classic country,12237,country,0,0.366,0.69,0.121,0.544,2.46,0
4pYth3v1b7XE3WbWRVYeiy,Ain't No Grave,Crooked Still,Shaken By A Low Sound,Bluegrass,12239,bluegrass,54,0.552,0.533,0.103,0.847,3.36,0
3ce4PcOWt8dToE2TVskKzq,Little Sadie,Crooked Still,Shaken By A Low Sound,Bluegrass,12239,bluegrass,49,0.493,0.618,0.13,0.831,2.59,0
1N1LWVSBDaQXeVNu570klF,Pumped up Kicks,Hayseed Dixie,"Grasswhoopin' Party Pack, Vol. 2",Bluegrass,12239,bluegrass,28,0.495,0.648,0.138,0.918,3.7,0
359krpyCKcFF8SFvqWES9L,Wagon Wheel,Old Crow Medicine Show,O.C.M.S.,Bluegrass,12239,bluegrass,67,0.403,0.621,0.114,0.634,3.87,0
4wzjNqjKAKDU82e8uMhzmr,Face Down,The Red Jumpsuit Apparatus,Don't You Fake It,idk,12240,punk-rock,76,0.932,0.545,0.127,0.464,3.2,0
23oxJmDc1V9uLUSmN2LIvx,Ocean Avenue,Yellowcard,Ocean Avenue,idk,12240,punk,74,0.904,0.486,0.0947,0.786,3.3,0
7HGTkn2aX7MNdKs7nV2xBt,Somebody Told Me,The Killers,Hot Fuss,idk,12240,alt-rock,0,0.981,0.508,0.0555,0.746,3.29,0
3VA4sjTMSTTF02hFGmlpJh,crushcrushcrush,Paramore,RIOT!,idk,12240,emo,65,0.793,0.631,0.0976,0.648,3.16,0
0PDUDa38GO8lMxLCRc4lL1,PILLOWTALK,ZAYN,Mind Of Mine (Deluxe Edition),Bad Intentions,12243,dance,78,0.7,0.584,0.0939,0.438,3.38,1
5v7kaZNsnyByrSJOfO8gKq,Skrt,Kodak Black,Skrt,Bad Intentions,12243,hip-hop,0,0.352,0.901,0.122,0.199,3.75,0
0prNGof3XqfTvNDxHonvdK,Scars To Your Beautiful,Alessia Cara,Know-It-All,Bad Intentions,12243,dance,74,0.739,0.319,0.111,0.449,3.84,0
7i2DJ88J7jQ8K7zqFX2fW8,Now Or Never,Halsey,hopeless fountain kingdom,Bad Intentions,12243,indie-pop,67,0.585,0.67,0.131,0.447,3.58,0
6U5pgPq1bsJ6UBeakd4mfQ,What Hurts The Most,Rascal Flatts,Me And My Gang,Country,12244,country,71,0.674,0.537,0.265,0.33,3.57,0
0p1BcEcYVO3uk4KDf3gzkY,Wanted,Hunter Hayes,Hunter Hayes (Encore),Country,12244,country,0,0.475,0.414,0.0816,0.3,3.81,0
71DDK14XVxkXLmG3AVi1BP,Storm Warning,Hunter Hayes,Hunter Hayes (Encore),Country,12244,country,0,0.844,0.483,0.133,0.772,4.0,0
2WQAknZHrJAEQOFXe0F44P,Austin,Blake Shelton,Blake Shelton,Country,12244,country,0,0.609,0.603,0.0982,0.275,3.84,0
0M7mWKqwTIaVjYyxfZmtTa,"Courtesy Of The Red, White And Blue (The Angry American)",Toby Keith,Unleashed,Country,12244,country,0,0.674,0.426,0.0784,0.378,3.26,0
4W38RXuQNuoTSwVsQA1OGC,Nothin' Like You,Dan + Shay,Where It All Began,Country,12244,country,0,0.704,0.586,0.067,0.442,3.1,0
1T1C9VVQ1lb60WxWZx7KoG,I Won't Let Go,Rascal Flatts,Nothing Like This,Country,12244,country,52,0.406,0.557,0.113,0.222,3.8,0
5kNe7PE09d6Kvw5pAsx23n,Die A Happy Man,Thomas Rhett,Tangled Up,Country,12244,country,1,0.389,0.59,0.117,0.389,3.79,0
03fT3OHB9KyMtGMt2zwqCT,Play It Again,Luke Bryan,Crash My Party,Country,12244,country,75,0.886,0.506,0.0734,0.595,3.78,0
1cktZnxiONH0hR6Q3DKy8h,Drink In My Hand,Eric Church,Chief,Country,12244,country,0,0.913,0.626,0.293,0.946,3.19,0
68DcqqXKi0cRlbPlghUhsb,Amazed,Lonestar,The Greatest Hits,Country,12244,country,71,0.543,0.561,0.124,0.243,4.0,0
4n0xztUAbHPUV8G3NQvF30,How Not To,Dan + Shay,Obsessed,Country,12244,country,0,0.836,0.501,0.152,0.617,3.2,0
6u9RqxALwkjJ1ukB1y8vuP,You've Got The Love,Florence + The Machine,Lungs,Current Favorites ,12245,alternative,0,0.696,0.574,0.102,0.401,2.81,0
5G1sTBGbZT5o4PNRc75RKI,Lonely Boy,The Black Keys,El Camino,Current Favorites ,12245,blues,73,0.872,0.356,0.0997,0.607,3.23,0
4sebUbjqbcgDSwG6PbSGI0,Come a Little Closer,Cage The Elephant,Melophobia,Current Favorites ,12245,blues,74,0.778,0.44,0.151,0.304,3.82,0
7e8utCy2JlSB8dRHKi49xM,Fluorescent Adolescent,Arctic Monkeys,Favourite Worst Nightmare,Current Favorites ,12245,garage,79,0.828,0.654,0.122,0.79,2.89,0
0iTpQYzJnYgh7kIxyq8A2O,Two Weeks,Grizzly Bear,Veckatimest,Current Favorites ,12245,chill,71,0.712,0.537,0.08,0.704,4.05,0
3zvHOVC4jikl6jORSr6OLE,Heads Will Roll,Yeah Yeah Yeahs,It's Blitz!,Current Favorites ,12245,alt-rock,0,0.903,0.562,0.298,0.791,3.68,0
6YUTL4dYpB9xZO5qExPf05,Summer,Calvin Harris,Motion,Current Favorites ,12245,electro,82,0.856,0.596,0.141,0.743,3.71,0
2kWowW0k4oFymhkr7LmvzO,Come with Me Now,KONGOS,Lunatic,Current Favorites ,12245,blues,67,0.726,0.654,0.0618,0.728,3.53,0
53AuxddsgPSlqM619nJhSd,The Phoenix,Fall Out Boy,Save Rock And Roll,Workout,12246,emo,70,0.964,0.562,0.579,0.41,4.08,0
7vYutw14Ch1Ee1ZmU7gLQ7,Everyday - Netsky Remix,Rusko,Everyday/Lick The Lizard,Workout,12246,dub,50,0.934,0.363,0.329,0.132,4.19,0
6g1NlCpW7fgqDnWbCCDrHl,Wake Me Up - Radio Edit,Avicii,True,Workout,12246,dance,1,0.807,0.524,0.212,0.62,4.12,0
2d8JP84HNLKhmd6IYOoupQ,Trap Queen,Fetty Wap,Fetty Wap,Workout,12246,j-dance,74,0.873,0.746,0.354,0.817,3.7,0
6nsLzJfvp5OLd4mgqUJkpq,Waiting For Love,Avicii,Stories,Workout,12246,dance,81,0.736,0.579,0.198,0.613,3.84,0
7hKpnp7A7bjiZEyywa5Qn4,Girl Crush,Little Big Town,Pain Killer,Country,12247,country,70,0.225,0.5,0.112,0.355,3.22,0
4W38RXuQNuoTSwVsQA1OGC,Nothin' Like You,Dan + Shay,Where It All Began,Country,12247,country,0,0.704,0.586,0.067,0.442,3.1,0
75p6fgACKYIyIhsoG411SZ,Hey Pretty Girl,Kip Moore,Up All Night,Country,12247,country,0,0.373,0.431,0.259,0.0884,3.6,0
1WzAeadSKJhqykZFbJNmQv,Your Man,Josh Turner,Your Man,Country,12247,country,73,0.637,0.744,0.0696,0.785,3.53,0
3Cx4yrFaX8CeHwBMReOWXI,We Didn't Start the Fire,Billy Joel,Storm Front,music,12248,piano,76,0.967,0.712,0.356,0.895,4.8,0
3H7sv3Krffn15BufUuXzf3,Hey Jude - Remastered 2015,The Beatles,1,music,12248,british,74,0.607,0.386,0.088,0.532,7.09,0
0EMmVUYs9ZZRHtlADB88uz,Come On Eileen,Dexys Midnight Runners,Too Rye Ay,music,12248,ska,2,0.769,0.45,0.306,0.604,4.79,0
1qRA5BS78u3gME0loMl9AA,For What It's Worth,Buffalo Springfield,Buffalo Springfield,music,12248,blues,78,0.519,0.653,0.101,0.822,2.56,0
6N1EjQjnvhOjFrF6oUmGPa,Summer Of '69,Bryan Adams,Reckless,music,12248,rock,82,0.834,0.508,0.0732,0.774,3.62,0
5Wj1rJnCLpMHdLaxsFtJLs,Bennie And The Jets - Remastered 2014,Elton John,Goodbye Yellow Brick Road,music,12248,piano,74,0.673,0.665,0.497,0.779,5.38,0
5ztQHTm1YQqcTkQmgDEU4n,Mamma Mia,ABBA,Abba,music,12248,swedish,1,0.806,0.739,0.442,0.807,3.59,0
24NwBd5vZ2CK8VOQVnqdxr,Sweet Emotion,Aerosmith,Toys In The Attic,music,12248,hard-rock,74,0.76,0.38,0.104,0.491,4.57,0
4CJVkjo5WpmUAKp3R44LNb,Sweet Home Alabama,Lynyrd Skynyrd,Second Helping,music,12248,blues,2,0.724,0.614,0.146,0.902,4.69,0
5rX6C5QVvvZB7XckETNych,All Summer Long,Kid Rock,Rock N Roll Jesus,music,12248,alternative,0,0.865,0.701,0.0956,0.88,4.96,0
6L89mwZXSOwYl76YXfX13s,Basket Case,Green Day,Dookie,music,12248,punk,2,0.943,0.441,0.091,0.781,3.03,0
6ORqU0bHbVCRjXm9AjyHyZ,Good Riddance (Time of Your Life),Green Day,Nimrod,music,12248,punk,0,0.432,0.449,0.161,0.645,2.56,0
4Z1fbYp0HuxLBje4MOZcSD,Twist And Shout - Remastered 2009,The Beatles,Please Please Me,music,12248,british,75,0.849,0.482,0.0414,0.937,2.59,0
4DRBaZ760gyk7LWnaJFqsJ,I Want To Hold Your Hand - Remastered 2015,The Beatles,1,music,12248,british,72,0.715,0.49,0.311,0.866,2.43,0
0Lckblu9CJUXOeMV0XY3b9,We Can Work It Out - Remastered 2015,The Beatles,1,music,12248,british,61,0.677,0.378,0.183,0.648,2.26,0
3yf4uaeB2ibXSIPbfUYC2k,Lady Madonna - Remastered 2015,The Beatles,1,music,12248,british,58,0.777,0.65,0.215,0.574,2.28,0
3xMSaDC9TU6AQJIsxQB7MK,All You Need Is Love - Remastered 2009,The Beatles,Magical Mystery Tour,music,12248,british,65,0.48,0.4,0.155,0.653,3.84,0
2aoo2jlRnM3A0NyLQqMN2f,All Along the Watchtower,Jimi Hendrix,Electric Ladyland,music,12248,blues,77,0.805,0.438,0.0842,0.564,4.01,0
39shmbIHICJ2Wxnk1fPSdz,Should I Stay or Should I Go - Remastered,The Clash,Combat Rock,music,12248,punk-rock,80,0.836,0.743,0.384,0.82,3.15,0
7MRyJPksH3G2cXHN8UKYzP,American Girl,Tom Petty and the Heartbreakers,Tom Petty & The Heartbreakers,music,12248,folk,0,0.823,0.552,0.366,0.775,3.58,0
4QlzkaRHtU8gAdwqjWmO8n,Friday I'm In Love,The Cure,Wish,music,12248,punk-rock,1,0.946,0.552,0.368,0.458,3.59,0
10Nmj3JCNoMeBQ87uw5j8k,Dani California,Red Hot Chili Peppers,Stadium Arcadium,music,12248,alt-rock,78,0.913,0.556,0.346,0.73,4.72,0
78WVLOP9pN0G3gRLFy1rAa,Piano Man,Billy Joel,Piano Man,music,12248,folk,77,0.55,0.331,0.192,0.429,5.6,0
4alHo6RGd0D3OUbTPExTHN,Just What I Needed,The Cars,The Cars,music,12248,hard-rock,0,0.627,0.64,0.0764,0.793,3.76,0
7BvuV4c1BGhaRapcXvRu5z,You Might Think,The Cars,Heartbeat City,music,12248,power-pop,65,0.855,0.728,0.113,0.971,3.08,0
5QTxFnGygVM4jFQiBovmRo,(Don't Fear) The Reaper,Blue Öyster Cult,Agents Of Fortune,music,12248,blues,76,0.927,0.333,0.297,0.385,5.14,0
1fDsrQ23eTAVFElUMaf38X,American Pie,Don McLean,American Pie,music,12248,folk,0,0.563,0.461,0.302,0.477,8.61,0
5EWPGh7jbTNO2wakv8LjUI,Free Bird,Lynyrd Skynyrd,Pronounced' Leh-'Nerd 'Skin-'Nerd,music,12248,blues,77,0.834,0.249,0.0924,0.338,9.12,0
6RrXd9Hph4hYR4bf3dbM6H,My Girl,The Temptations,The Temptations Sing Smokey,music,12248,funk,79,0.418,0.572,0.0961,0.694,2.75,0
1fDsrQ23eTAVFElUMaf38X,American Pie,Don McLean,American Pie,Listen,12249,folk,0,0.563,0.461,0.302,0.477,8.61,0
5tVA6TkbaAH9QMITTQRrNv,Free Fallin',Tom Petty,Full Moon Fever,Listen,12249,folk,0,0.504,0.619,0.06,0.568,4.27,0
3yrSvpt2l1xhsV9Em88Pul,Brown Eyed Girl,Van Morrison,Blowin' Your Mind!,Listen,12249,folk,80,0.583,0.491,0.406,0.908,3.06,0
78WVLOP9pN0G3gRLFy1rAa,Piano Man,Billy Joel,Piano Man,Listen,12249,folk,77,0.55,0.331,0.192,0.429,5.6,0
4BP3uh0hFLFRb5cjsgLqDh,Fortunate Son,Creedence Clearwater Revival,Willy And The Poor Boys,Listen,12249,country,0,0.663,0.64,0.152,0.665,2.35,0
3zByVQLvdXUaDTubfWkpCk,Sweet Caroline,Neil Diamond,Sweet Caroline,Listen,12249,folk,78,0.127,0.529,0.237,0.578,3.39,0
4CJVkjo5WpmUAKp3R44LNb,Sweet Home Alabama,Lynyrd Skynyrd,Second Helping,Listen,12249,blues,2,0.724,0.614,0.146,0.902,4.69,0
4BGJSbB5rAcg4pNzD4gfxU,Tiny Dancer,Elton John,Madman Across The Water,Listen,12249,piano,78,0.428,0.414,0.148,0.282,6.28,0
1xOXXYh6lTW8laxlW7JP2J,Only the Good Die Young,Billy Joel,The Stranger (30th Anniversary Legacy Edition),Listen,12249,piano,68,0.872,0.579,0.0935,0.761,3.93,0
3b0EOvScbZUc0qJx0E1L2z,I Want You Back,The Jackson 5,Diana Ross Presents The Jackson 5,Listen,12249,soul,77,0.538,0.469,0.37,0.886,2.94,0
4DMKwE2E2iYDKY01C335Uw,Carry on Wayward Son,Kansas,Leftoverture,Listen,12249,hard-rock,76,0.786,0.482,0.446,0.793,5.38,0
1AhDOtG9vPSOmsWgNW0BEY,Bohemian Rhapsody - Remastered 2011,Queen,A Night At The Opera,Listen,12249,rock,82,0.404,0.414,0.3,0.224,5.91,0
1ZhrREyOOeFV6TxDOyiPwu,Take The Money And Run,Steve Miller Band,Fly Like An Eagle,Listen,12249,psych-rock,68,0.645,0.565,0.151,0.836,2.84,0
4c4jJJoaiY21t2TyRZgdWS,Magic Carpet Ride,Steppenwolf,The Second,Listen,12249,psych-rock,69,0.651,0.64,0.0341,0.801,4.53,0
7MRyJPksH3G2cXHN8UKYzP,American Girl,Tom Petty and the Heartbreakers,Tom Petty & The Heartbreakers,Listen,12249,folk,0,0.823,0.552,0.366,0.775,3.58,0
7gSQv1OHpkIoAdUiRLdmI6,I Won't Back Down,Tom Petty,Full Moon Fever,Listen,12249,rock,1,0.63,0.765,0.223,0.963,2.97,0
1I7zHEdDx8Ny5RxzYPqsU2,Reelin' In The Years,Steely Dan,Can't Buy A Thrill,Listen,12249,country,0,0.758,0.52,0.109,0.706,4.62,0
43DeSV93pJPT4lCZaWZ6b1,The Boys Are Back In Town,Thin Lizzy,Jailbreak,Listen,12249,blues,0,0.87,0.457,0.117,0.694,4.45,0
4sFbojhVXQv7dBC9PVCcRn,Sympathy For The Devil,The Rolling Stones,Beggars Banquet,Listen,12249,british,1,0.67,0.636,0.0453,0.572,6.3,0
3Vby4nGmtbDo7HDJamOWkT,Stuck In The Middle With You,Stealers Wheel,Stealers Wheel,Listen,12249,folk,0,0.759,0.768,0.0531,0.96,3.48,0
7o2CTH4ctstm8TNelqjb51,Sweet Child O' Mine,Guns N' Roses,Appetite For Destruction,Listen,12249,hard-rock,84,0.91,0.454,0.116,0.629,5.93,0
7b4yGtR0rujvLi5EBfKKJ2,Take Me Home Tonight,Eddie Money,Can'T Hold Back,Listen,12249,hard-rock,70,0.768,0.608,0.0942,0.748,3.52,0
5EWPGh7jbTNO2wakv8LjUI,Free Bird,Lynyrd Skynyrd,Pronounced' Leh-'Nerd 'Skin-'Nerd,Listen,12249,blues,77,0.834,0.249,0.0924,0.338,9.12,0
1ynmMEK1fkyiZ6Z6F3ThEt,Centerfold,The J. Geils Band,Freeze Frame,Listen,12249,blues,74,0.677,0.653,0.403,0.888,3.61,0
3Cx4yrFaX8CeHwBMReOWXI,We Didn't Start the Fire,Billy Joel,Storm Front,Listen,12249,piano,76,0.967,0.712,0.356,0.895,4.8,0
1orVKbp6vqtfAPOmvRofVq,Rock'n Me,Steve Miller Band,Fly Like An Eagle,Listen,12249,psych-rock,67,0.582,0.695,0.123,0.892,3.12,0
1dv3ePjze9tPq2pk8eWJdR,Gimme Shelter,The Rolling Stones,Let It Bleed,Listen,12249,british,0,0.63,0.634,0.169,0.489,4.51,0
1qRA5BS78u3gME0loMl9AA,For What It's Worth,Buffalo Springfield,Buffalo Springfield,Listen,12249,blues,78,0.519,0.653,0.101,0.822,2.56,0
24NwBd5vZ2CK8VOQVnqdxr,Sweet Emotion,Aerosmith,Toys In The Attic,Listen,12249,hard-rock,74,0.76,0.38,0.104,0.491,4.57,0
6kZFIsYCBeuH0f1zGk1UoM,Simple Man,Lynyrd Skynyrd,(Pronounced 'Leh-'Nérd 'Skin-'Nérd),Listen,12249,blues,74,0.752,0.422,0.129,0.403,5.97,0
5QTxFnGygVM4jFQiBovmRo,(Don't Fear) The Reaper,Blue Öyster Cult,Agents Of Fortune,Listen,12249,blues,76,0.927,0.333,0.297,0.385,5.14,0
6NxsCnLeLd8Ai1TrgGxzIx,Bad Moon Rising,Creedence Clearwater Revival,Green River,Listen,12249,country,1,0.769,0.508,0.063,0.939,2.36,0
1bp2IO61zbQrbWNmKKxg3f,The Joker,Steve Miller Band,The Joker,Listen,12249,blues,0,0.448,0.596,0.207,0.796,4.41,0
1QEEqeFIZktqIpPI4jSVSF,More Than a Feeling,Boston,Boston,Listen,12249,country,79,0.681,0.377,0.0504,0.285,4.75,0
3e0FzZjTXOUtiJGSClOBrI,Fly Like An Eagle,Steve Miller Band,Fly Like An Eagle,Listen,12249,psych-rock,67,0.754,0.561,0.328,0.642,4.71,0
2KmEgiY8fQs0G6WNxtzQKr,Baba O'Riley,The Who,Who's Next,Listen,12249,blues,76,0.724,0.489,0.287,0.15,5.01,0
2udGjDmpK1dH9VGyw7nrei,Cocaine,Eric Clapton,Slowhand 35th Anniversary,Listen,12249,blues,69,0.502,0.699,0.317,0.676,3.69,0
2aoo2jlRnM3A0NyLQqMN2f,All Along the Watchtower,Jimi Hendrix,Electric Ladyland,Listen,12249,blues,77,0.805,0.438,0.0842,0.564,4.01,0
3x2bXiU0o4WbsPkawXlfDA,Who Are You,The Who,Who Are You,Listen,12249,blues,65,0.648,0.651,0.0655,0.49,6.31,0
3LTMnFa0hhwisyq6ILahyj,Sultans Of Swing,Dire Straits,Dire Straits,Listen,12249,rock,81,0.794,0.733,0.33,0.931,5.81,0
2BcvvHttiZRvguFM4hR398,Sunshine Of Your Love,Cream,Disraeli Gears,Listen,12249,blues,0,0.522,0.683,0.121,0.764,4.16,0
5SZ6zX4rOrEQferfFC2MfP,Walk This Way,Aerosmith,Toys In The Attic,Listen,12249,hard-rock,75,0.73,0.653,0.0754,0.894,3.67,0
3YBZIN3rekqsKxbJc9FZko,Paradise City,Guns N' Roses,Appetite For Destruction,Listen,12249,hard-rock,79,0.952,0.273,0.142,0.472,6.82,0
0bVtevEgtDIeRjCJbK3Lmv,Welcome To The Jungle,Guns N' Roses,Appetite For Destruction,Listen,12249,hard-rock,80,0.954,0.447,0.298,0.331,4.57,0
2fY6tqgrlrg1ky9fgs0t5u,Wanted Dead Or Alive,Bon Jovi,Slippery When Wet,Listen,12249,metal,2,0.818,0.265,0.323,0.251,5.14,0
0J6mQxEZnlRt9ymzFntA6z,Livin' On A Prayer,Bon Jovi,Slippery When Wet,Listen,12249,metal,1,0.89,0.527,0.222,0.818,4.15,0
72WZtWs6V7uu3aMgMmEkYe,You Can't Always Get What You Want,The Rolling Stones,Let It Bleed,Listen,12249,british,68,0.62,0.32,0.253,0.472,7.48,0
4gMgiXfqyzZLMhsksGmbQV,"Another Brick in the Wall, Pt. 2",Pink Floyd,The Wall,Listen,12249,psych-rock,76,0.394,0.693,0.247,0.721,3.98,0
6s0NHplywwr1IjnQpUpWJk,Bad To The Bone,George Thorogood & The Destroyers,BAD TO THE BONE,Listen,12249,blues,71,0.727,0.459,0.384,0.955,4.87,0
1a2iF9XymafjRk56q7oCxo,Pride and Joy,Stevie Ray Vaughan,Texas Flood (Legacy Edition),Listen,12249,blues,67,0.626,0.427,0.106,0.743,3.66,0
6io0LJIP9ntX35hTfaxwQG,Lay Down Sally,Eric Clapton,Slowhand 35th Anniversary,Listen,12249,blues,62,0.5,0.69,0.11,0.586,3.93,0
5HNCy40Ni5BZJFw1TKzRsC,Comfortably Numb,Pink Floyd,The Wall,Listen,12249,psych-rock,74,0.366,0.472,0.0837,0.171,6.37,0
16GUMo6u3D2qo9a19AkYct,Movin' Out (Anthony's Song),Billy Joel,The Stranger (30th Anniversary Legacy Edition),Listen,12249,piano,67,0.88,0.664,0.0591,0.895,3.51,0
5p3JunprHCxClJjOmcLV8G,Walk On the Wild Side,Lou Reed,Transformer,Listen,12249,psych-rock,73,0.318,0.575,0.0934,0.385,4.24,0
18a9EGG4xhRELv7bgAw5hb,Rikki Don't Lose That Number,Steely Dan,Pretzel Logic,Listen,12249,psych-rock,64,0.462,0.656,0.091,0.642,4.54,0
5Wj1rJnCLpMHdLaxsFtJLs,Bennie And The Jets - Remastered 2014,Elton John,Goodbye Yellow Brick Road,Listen,12249,piano,74,0.673,0.665,0.497,0.779,5.38,0
54eZmuggBFJbV7k248bTTt,A Horse with No Name,America,America,Listen,12249,country,0,0.507,0.653,0.155,0.831,4.2,0
40iyxHnAaCXODDMixY1okn,Rocky Mountain Way,Joe Walsh,"The Smoker You Drink, The Player You Get",Listen,12249,blues,0,0.571,0.449,0.0748,0.448,5.26,0
3AhXZa8sUQht0UEdBJgpGc,Like a Rolling Stone,Bob Dylan,Highway 61 Revisited,Listen,12249,country,70,0.721,0.482,0.189,0.557,6.16,0
63OFKbMaZSDZ4wtesuuq6f,Born To Be Wild,Steppenwolf,Steppenwolf,Listen,12249,blues,73,0.71,0.438,0.221,0.53,3.51,0
0UOxp1BpnD8uPQMKU4wKjz,I Shot The Sheriff,Eric Clapton,461 Ocean Blvd.,Listen,12249,blues,63,0.639,0.73,0.102,0.658,4.4,0
2d4e45fmUnguxh6yqC7gNT,Dirty Deeds Done Dirt Cheap,AC/DC,Dirty Deeds Done Dirt Cheap,Listen,12249,hard-rock,74,0.906,0.668,0.135,0.507,3.87,0
2zYzyRzz6pRmhPzyfMEC8s,Highway to Hell,AC/DC,Highway to Hell,Listen,12249,hard-rock,85,0.913,0.574,0.156,0.423,3.47,0
08mG3Y1vljYA6bvDt4Wqkj,Back In Black,AC/DC,Back In Black,Listen,12249,hard-rock,85,0.7,0.31,0.0828,0.763,4.26,0
1gcESexgftSuLuML57Y69q,All Right Now,Free,Fire And Water,Listen,12249,blues,0,0.481,0.785,0.122,0.77,5.51,0
3FmAUR4SPWa3P1KyDf21Fu,Roxanne - Remastered 2003,The Police,Outlandos D'Amour,Listen,12249,rock,2,0.752,0.615,0.0479,0.66,3.19,0
5Lk0ZGm0xF3EvOg9xXiXcR,Takin' Care Of Business,Bachman-Turner Overdrive,Bachman-Turner Overdrive II,Listen,12249,blues,0,0.919,0.728,0.152,0.963,4.83,0
1jNOi6m3Hn8nLEeHCp5Msr,Seven Nation Army,The White Stripes,Elephant,Jack White,12250,alt-rock,84,0.446,0.743,0.337,0.278,3.86,0
1I0IA19lvViSI9qjanMREQ,Little Room,The White Stripes,White Blood Cells,Jack White,12250,garage,46,0.738,0.456,0.0692,0.705,0.84,0
19LP2263QGfUJrisTReVG0,Apple Blossom,The White Stripes,De Stijl,Jack White,12250,garage,54,0.454,0.537,0.0852,0.626,2.22,0
1XWOrz0Da7a0m9T7COlVY3,Blue Orchid,The White Stripes,Get Behind Me Satan,Jack White,12250,blues,66,0.645,0.481,0.332,0.612,2.63,0
7aBAo2pO8LvrN8mGba7MvA,Icky Thump,The White Stripes,Icky Thump,Jack White,12250,blues,67,0.63,0.417,0.0543,0.341,4.24,0
0ydgFPcYrxaHgVuLd17mjh,Salute Your Solution,The Raconteurs,Consolers Of The Lonely,Jack White,12250,garage,60,0.946,0.266,0.26,0.498,3.0,0
2i37Y95xkPhHtoYBywVBUm,"Steady, As She Goes",The Raconteurs,Broken Boy Soldiers,Jack White,12250,blues,70,0.578,0.525,0.108,0.537,3.59,0
7AzF1C8pvbeWnZT5FwD6dj,Blue Veins,The Raconteurs,Broken Boy Soldiers,Jack White,12250,garage,49,0.434,0.373,0.134,0.0793,3.87,0
3T76zPJz3tWL27FrjJe2ot,Lazaretto,Jack White,Lazaretto,Jack White,12250,garage,58,0.838,0.381,0.101,0.581,3.66,0
1kBM7AURqQTIXFePNVpEwP,Love Is Blindness,Jack White,Sixteen Saltines,Jack White,12250,blues,56,0.74,0.266,0.162,0.5,3.31,0
5mdjfBsyzl78NQI4sI4IzR,Walking Blind,Aidan Hawken,Walking Blind (feat. Carina Round),chiller ,12251,acoustic,48,0.183,0.374,0.109,0.134,3.36,0
6zZGFzAUk3g2Uae9fLYlDl,Black Flies,Ben Howard,Every Kingdom,chiller ,12251,british,54,0.36,0.581,0.0924,0.107,6.36,0
4q1LP4YcHOIUy8XSqpR8HH,Promise,Ben Howard,Every Kingdom,chiller ,12251,british,64,0.189,0.367,0.364,0.177,6.4,0
4Bo6FwC7Oe9zywSZc6q7hO,Love Someone,Jason Mraz,YES!,chiller ,12251,acoustic,59,0.347,0.582,0.111,0.0797,4.28,0
32RC7EvEAUUn9aoQZlWT2e,All Through the Night,Sleeping At Last,"Covers, Vol. 1",chiller ,12251,ambient,52,0.204,0.309,0.127,0.289,3.3,0
7a8GawTVgHZvBLQOh46he7,I Wanna Be Yours,Arctic Monkeys,AM,chiller ,12251,garage,92,0.417,0.464,0.0974,0.479,3.07,0
2PeEEe0b2bN2xUw7rVUJ2C,River Flows in You,Yiruma,River Flows in You,chiller ,12251,classical,64,0.292,0.287,0.09,0.346,2.88,0
0Cvjlph1WGbwZY1PlMEtJY,Come Away With Me,Norah Jones,Come Away With Me,chiller ,12251,j-pop,0,0.126,0.354,0.151,0.17,3.3,0
1KHdq8NK9QxnGjdXb55NiG,Falling in Love at a Coffee Shop,Landon Pigg,The Boy Who Never,chiller ,12251,acoustic,58,0.561,0.489,0.179,0.238,4.08,0
4sNG6zQBmtq7M8aeeKJRMQ,Brazil,Declan McKenna,What Do You Think About the Car?,chiller ,12251,alt-rock,80,0.617,0.687,0.0898,0.665,4.21,0
7LwGBxB0h0CVmkOZxYKn0g,In My Veins - Feat. Erin Mccarley,Andrew Belle,In My Veins,chiller ,12251,acoustic,65,0.42,0.548,0.0899,0.196,5.32,0
1q74TesvRCIo5RvJM5B84F,She Is Love,Parachute,Losing Sleep,chiller ,12251,acoustic,60,0.174,0.629,0.118,0.305,2.43,0
5FPnjikbwlDMULCCCa6ZCJ,Daughters,John Mayer,Heavier Things,chiller ,12251,singer-songwriter,67,0.413,0.674,0.098,0.503,3.97,0
5qxFudz7A6PGptviHsz4Yd,Annie's Song,John Denver,Back Home Again,chiller ,12251,country,71,0.305,0.304,0.367,0.464,2.97,0
4kbj5MwxO1bq9wjT5g9HaA,Shut Up and Dance,WALK THE MOON,TALKING IS HARD,WORKOUT,12252,alt-rock,83,0.866,0.578,0.257,0.619,3.32,0
6FE2iI43OZnszFLuLtvvmg,Classic,MKTO,MKTO,WORKOUT,12252,rock,82,0.791,0.72,0.157,0.756,2.92,0
23oxJmDc1V9uLUSmN2LIvx,Ocean Avenue,Yellowcard,Ocean Avenue,WORKOUT,12252,punk,74,0.904,0.486,0.0947,0.786,3.3,0
4fINc8dnfcz7AdhFYVA4i7,It Girl,Jason Derulo,Future History,WORKOUT,12252,dance,0,0.718,0.667,0.104,0.345,3.2,0
0J6mQxEZnlRt9ymzFntA6z,Livin' On A Prayer,Bon Jovi,Slippery When Wet,WORKOUT,12252,metal,1,0.89,0.527,0.222,0.818,4.15,0
0qt5f5EL92o8Snzopsv0en,Geronimo,Sheppard,Bombs Away,WORKOUT,12252,folk,0,0.838,0.682,0.12,0.461,3.64,0
3zHq9ouUJQFQRf3cm1rRLu,"Love Me Like You Do - From ""Fifty Shades Of Grey""",Ellie Goulding,Delirium,WORKOUT,12252,dance,79,0.606,0.262,0.125,0.275,4.21,0
6ZOBP3NvffbU4SZcrnt1k6,Kryptonite,3 Doors Down,The Better Life,jamz,12253,alt-rock,0,0.848,0.544,0.134,0.489,3.9,0
3pfXxHoydFRfD7IBGJTQAN,Pony,Ginuwine,R&B: From Doo-Wop To Hip-Hop,jamz,12253,soul,73,0.605,0.749,0.115,0.966,4.2,0
50r1EUDpmSZRPo5aIZpmWi,E.T.,Katy Perry,Teenage Dream,jamz,12253,dance,0,0.863,0.603,0.389,0.731,3.43,0
7qiZfU4dY1lWllzX7mPBI3,Shape of You,Ed Sheeran,÷,jamz,12253,pop,86,0.652,0.825,0.0931,0.931,3.9,0
7mldq42yDuxiUNn08nvzHO,Body Like A Back Road,Sam Hunt,Body Like A Back Road,jamz,12253,country,0,0.458,0.732,0.136,0.661,2.76,0
5kNe7PE09d6Kvw5pAsx23n,Die A Happy Man,Thomas Rhett,Tangled Up,jamz,12253,country,1,0.389,0.59,0.117,0.389,3.79,0
1XazlqB4YAtvouCmJPWXlM,Wanna Be That Song,Brett Eldredge,Illinois,jamz,12253,country,0,0.686,0.518,0.114,0.337,3.94,0
5fVZC9GiM4e8vu99W0Xf6J,How to Save a Life,The Fray,How To Save A Life,jamz,12253,piano,80,0.743,0.64,0.101,0.361,4.38,0
6PJ8FF6UR8FZXfEvpHkIVN,How Would You Feel (Paean),Ed Sheeran,÷,jamz,12253,pop,0,0.439,0.618,0.127,0.242,4.68,0
0k2GOhqsrxDTAbFFSdNJjT,Temperature,Sean Paul,The Trinity,jamz,12253,dance,79,0.6,0.951,0.0712,0.822,3.64,0
1inG2cgfeGVBsTCcmMIv0e,In For The Kill,La Roux,La Roux,My favs ,12254,alternative,0,0.973,0.627,0.0851,0.894,4.14,0
7DVNEcKN7bE50N6xQ74mh2,Snap Out Of It,Arctic Monkeys,AM,My favs ,12254,garage,80,0.638,0.728,0.116,0.872,3.22,0
15ssS4mEVrTkQyZ7evJUQD,I Want It All,Arctic Monkeys,AM,My favs ,12254,garage,67,0.81,0.499,0.0625,0.288,3.09,0
3czdA0j4iaLDJJCoT5D8iP,Don't Sit Down 'Cause I've Moved Your Chair,Arctic Monkeys,Suck It and See,My favs ,12254,garage,62,0.912,0.434,0.326,0.315,3.06,0
3rq5w4bQGigXOfdN30ATJt,Do I Wanna Know?,Arctic Monkeys,AM,My favs ,12254,garage,88,0.532,0.548,0.217,0.405,4.54,0
7a8GawTVgHZvBLQOh46he7,I Wanna Be Yours,Arctic Monkeys,AM,My favs ,12254,garage,92,0.417,0.464,0.0974,0.479,3.07,0
6sDQ4uiWw9OdVrCXFLSlZt,Rap God,Eminem,The Marshall Mathers LP2,My favs ,12254,hip-hop,78,0.843,0.708,0.799,0.625,6.06,1
1ILohAFQXEIWBqOg9ibCDI,Keep Breathing,Ingrid Michaelson,Be OK,My favs ,12254,acoustic,54,0.308,0.52,0.115,0.187,3.43,0
53QF56cjZA9RTuuMZDrSA6,I Won't Give Up,Jason Mraz,Love Is A Four Letter Word,My favs ,12254,acoustic,69,0.303,0.483,0.115,0.139,4.0,0
0qk4AAAkwoBP2NaW77NSQB,Like A Boss,The Lonely Island,Incredibad,My favs ,12254,comedy,52,0.819,0.604,0.132,0.676,1.78,0
1yKu2MhpwzDXXH2tzG6xoa,Beverly Hills,Weezer,Make Believe,My favs ,12254,power-pop,71,0.823,0.693,0.328,0.741,3.27,0
2MLHyLy5z5l5YRp7momlgw,Island In The Sun,Weezer,Weezer (Green Album),My favs ,12254,alt-rock,1,0.794,0.654,0.165,0.678,3.34,0
4YPhn26bIFm2KUkL1VLzQG,Say It Ain't So,Weezer,Weezer,My favs ,12254,alt-rock,1,0.551,0.635,0.07,0.451,4.28,0
7GptbanebPZYkLPvjNfd6m,Buddy Holly,Weezer,Weezer,My favs ,12254,alt-rock,0,0.921,0.555,0.117,0.775,2.66,0
0ngtyvPUKR4YTtkVKvZP02,Dream,Priscilla Ahn,A Good Day,My favs ,12254,acoustic,54,0.248,0.512,0.114,0.158,3.52,0
1bSpwPhAxZwlR2enJJsv7U,No Surprises,Radiohead,OK Computer,My favs ,12254,alt-rock,82,0.393,0.255,0.113,0.118,3.82,0
3gbBpTdY8lnQwqxNCcf795,Pompeii,Bastille,Bad Blood,My favs ,12254,rock,1,0.711,0.68,0.241,0.571,3.57,0
7GJClzimvMSghjcrKxuf1M,Budapest,George Ezra,Wanted On Voyage,My favs ,12254,folk,79,0.455,0.717,0.11,0.389,3.35,0
7BVwi9cIzSc6tpyxsp47vJ,Mess Is Mine,Vance Joy,Dream Your Life Away,My favs ,12254,folk,64,0.723,0.595,0.0995,0.272,3.73,0
4kbj5MwxO1bq9wjT5g9HaA,Shut Up and Dance,WALK THE MOON,TALKING IS HARD,My favs ,12254,alt-rock,83,0.866,0.578,0.257,0.619,3.32,0
2NtAwdkesWt1QkcMTe4IjN,Someone New,Hozier,Hozier,My favs ,12254,singer-songwriter,67,0.539,0.593,0.286,0.577,3.71,0
2Tjlq3aGhg3dIZFvSfsnyc,From Eden,Hozier,Hozier,My favs ,12254,singer-songwriter,63,0.676,0.395,0.117,0.315,4.72,0
4Bo6FwC7Oe9zywSZc6q7hO,Love Someone,Jason Mraz,YES!,My favs ,12254,acoustic,59,0.347,0.582,0.111,0.0797,4.28,0
1q74TesvRCIo5RvJM5B84F,She Is Love,Parachute,Losing Sleep,My favs ,12254,acoustic,60,0.174,0.629,0.118,0.305,2.43,0
3ZHfX6kbiY7JVsB63lLOLu,The Only Exception,Paramore,brand new eyes,My favs ,12254,emo,74,0.563,0.452,0.143,0.209,4.46,0
0HZhYMZOcUzZKSFwPOti6m,Jar of Hearts,Christina Perri,lovestrong.,My favs ,12254,rock,0,0.348,0.373,0.12,0.0899,4.11,0
305WCRhhS10XUcH6AEwZk6,Are You Gonna Be My Girl,Jet,Get Born,My favs ,12254,alt-rock,1,0.95,0.598,0.154,0.577,3.56,0
0p1BcEcYVO3uk4KDf3gzkY,Wanted,Hunter Hayes,Hunter Hayes (Encore),My favs ,12254,country,0,0.475,0.414,0.0816,0.3,3.81,0
3S0OXQeoh0w6AY8WQVckRW,I'm Yours,Jason Mraz,We Sing. We Dance. We Steal Things.,My favs ,12254,acoustic,80,0.444,0.703,0.0973,0.712,4.04,0
1bCmvezFg5MRcENzCGG1Cy,Chelsea Dagger,The Fratellis,Costello Music,My favs ,12254,garage,26,0.738,0.498,0.0791,0.589,3.59,0
0ZPfDxZn5O0L84wvPSN2iG,How Long Will I Love You - Bonus Track,Ellie Goulding,Halcyon Days,My favs ,12254,indie-pop,66,0.304,0.512,0.118,0.172,2.57,0
6ZYS6QQxTLsQ6IFXdVx1r4,Ophelia,The Lumineers,Cleopatra,My favs ,12254,folk,79,0.573,0.664,0.0857,0.566,2.67,0
1UqhkbzB1kuFwt2iy4h29Q,Cough Syrup,Young the Giant,Young the Giant,My favs ,12254,alt-rock,0,0.721,0.533,0.115,0.225,4.16,0
0KKkJNfGyhkQ5aFogxQAPU,That's What I Like,Bruno Mars,24K Magic,My favs ,12254,dance,83,0.56,0.853,0.0944,0.86,3.44,0
2JUqYobT8NvARdPmc4ES2x,Good Guy,Frank Ocean,Blonde,best friends,12256,soul,64,0.131,0.525,0.12,0.811,1.11,0
2LMkwUfqC6S6s6qDVlEuzV,White Ferrari,Frank Ocean,Blonde,best friends,12256,soul,79,0.0958,0.501,0.298,0.204,4.15,0
0PDUDa38GO8lMxLCRc4lL1,PILLOWTALK,ZAYN,Mind Of Mine (Deluxe Edition),SPRING BREAK,12257,dance,78,0.7,0.584,0.0939,0.438,3.38,1
25khomWgBVamSdKw7hzm3l,The Hills,The Weeknd,Beauty Behind The Madness,SPRING BREAK,12257,pop,3,0.551,0.565,0.139,0.125,4.04,0
0BCy325UZyR9z0t0uxwn2N,H.O.L.Y.,Florida Georgia Line,Dig Your Roots,country,12258,country,71,0.666,0.523,0.0728,0.564,3.24,0
5kNe7PE09d6Kvw5pAsx23n,Die A Happy Man,Thomas Rhett,Tangled Up,country,12258,country,1,0.389,0.59,0.117,0.389,3.79,0
0M7mWKqwTIaVjYyxfZmtTa,"Courtesy Of The Red, White And Blue (The Angry American)",Toby Keith,Unleashed,country,12258,country,0,0.674,0.426,0.0784,0.378,3.26,0
60ROUq0fqkQHxBAzk6HgJa,Chattahoochee,Alan Jackson,Original Album Classics,country,12258,country,72,0.706,0.606,0.16,0.819,2.47,0
6ZOPiKQeibCn7fP8dncucL,Blue Ain't Your Color,Keith Urban,Ripcord,country,12258,country,53,0.416,0.69,0.102,0.479,3.84,0
0yD66650JxhqKbW76C2qCo,Country Girl (Shake It For Me),Luke Bryan,Tailgates & Tanlines,Texas,12259,country,2,0.904,0.644,0.0834,0.672,3.76,0
03fT3OHB9KyMtGMt2zwqCT,Play It Again,Luke Bryan,Crash My Party,Texas,12259,country,75,0.886,0.506,0.0734,0.595,3.78,0
6a7wXoZOARI8IqEXObjhDz,Pretty Good At Drinkin' Beer,Billy Currington,Enjoy Yourself,Texas,12259,country,0,0.678,0.769,0.0939,0.581,3.0,0
4hnK8P3v7kE7T4PMBYwRhu,Drunk Last Night,Eli Young Band,"10,000 Towns",Texas,12259,country,1,0.858,0.525,0.102,0.57,3.65,0
1WzAeadSKJhqykZFbJNmQv,Your Man,Josh Turner,Your Man,Texas,12259,country,73,0.637,0.744,0.0696,0.785,3.53,0
6aNwDe5YH5YUPlpHkku52w,Sunshine & Whiskey,Frankie Ballard,Sunshine & Whiskey,Texas,12259,country,0,0.737,0.67,0.325,0.753,3.04,0
4fINc8dnfcz7AdhFYVA4i7,It Girl,Jason Derulo,Future History,Rap,12261,dance,0,0.718,0.667,0.104,0.345,3.2,0
0VgkVdmE4gld66l8iyGjgx,Mask Off,Future,FUTURE,Litty,12262,hip-hop,83,0.434,0.833,0.165,0.281,3.41,0
1Co1RNm1i1RL9v1VeShNO3,Dancing On My Own,Robyn,Body Talk Pt. 1,gurl,12263,swedish,64,0.857,0.674,0.0942,0.278,4.81,0
4LXDHgBC1mbz3uoehYxH9b,"Whenever, Wherever",Shakira,Laundry Service (Alben für die Ewigkeit),gurl,12263,latin,75,0.832,0.794,0.203,0.871,3.27,0
4wH4dJgrsxONID6KS2tDQM,Maneater,Nelly Furtado,Loose,gurl,12263,latin,1,0.721,0.799,0.335,0.66,4.31,0
7KXjTSCq5nL1LoYtL7XAwS,HUMBLE.,Kendrick Lamar,DAMN.,gurl,12263,hip-hop,84,0.621,0.908,0.0958,0.421,2.95,1
7r8idehyb1p3PZXd7PmsEi,The Last Of The Real Ones,Fall Out Boy,The Last Of The Real Ones,Alternative,12264,emo,62,0.872,0.576,0.188,0.559,3.84,0
46GGxd8TVRt6FjUBfCavVT,Renegades,X Ambassadors,VHS,Alternative,12264,alt-rock,76,0.862,0.526,0.229,0.528,3.25,0
6ZYS6QQxTLsQ6IFXdVx1r4,Ophelia,The Lumineers,Cleopatra,Alternative,12264,folk,79,0.573,0.664,0.0857,0.566,2.67,0
19YmvsVCetCBeVj6O2mljR,Still Breathing,Green Day,Revolution Radio,Alternative,12264,punk,61,0.902,0.54,0.0756,0.692,3.75,0
6Z8R6UsFuGXGtiIxiD8ISb,Safe And Sound,Capital Cities,In A Tidal Wave Of Mystery,Alternative,12264,rock,83,0.819,0.655,0.104,0.766,3.21,0
2H6dHxAxGq5oQ9EiinNpXT,Spirits,The Strumbellas,Hope,Alternative,12264,folk,63,0.657,0.556,0.113,0.79,3.39,0
5ysL31dJXdNK1OCI5Hlqe7,Legendary,Welshly Arms,Legendary - EP,Alternative,12264,alt-rock,66,0.656,0.537,0.112,0.45,3.84,0
5hc71nKsUgtwQ3z52KEKQk,Somebody Else,The 1975,"I like it when you sleep, for you are so beautiful yet so unaware of it",Alternative,12264,alt-rock,73,0.793,0.618,0.126,0.459,5.79,0
4U9arGcc4ATa7shChhLQP0,Walk On Water,Thirty Seconds To Mars,Walk On Water,Alternative,12264,grunge,64,0.787,0.495,0.167,0.388,3.14,0
3omXshBamrREltcf24gYDC,First,Cold War Kids,Hold My Home,Alternative,12264,blues,67,0.692,0.468,0.523,0.561,3.34,0
2vW5tqS1EFel9yYOQ7WZmE,Ex's & Oh's,Elle King,Love Stuff,Alternative,12264,blues,73,0.921,0.612,0.0576,0.446,3.37,0
3IEHJ5lWMxExmrn2zlhcVu,Champion,Fall Out Boy,Champion,Alternative,12264,emo,56,0.905,0.31,0.431,0.309,3.21,0
6t44iU80A0h8WQ7vc4OoRj,Fake Happy,Paramore,After Laughter,Alternative,12264,emo,64,0.626,0.734,0.168,0.44,3.93,0
5QldjuXcxplhjjUqLrzl6H,Kids,MGMT,Oracular Spectacular/Congratulations,Alternative,12264,alt-rock,78,0.931,0.451,0.361,0.172,5.05,0
5CsARKMUoR0j6loMeSh59m,Vacation,Dirty Heads,Vacation,Alternative,12264,reggae,66,0.751,0.736,0.105,0.839,3.49,0
5ghIJDpPoe3CfHMGu71E6T,Smells Like Teen Spirit,Nirvana,Nevermind,Alternative,12264,alt-rock,83,0.912,0.502,0.106,0.72,5.03,0
0w5Bdu51Ka25Pf3hojsKHh,Hard Times,Paramore,After Laughter,Alternative,12264,emo,75,0.818,0.695,0.0219,0.916,3.04,0
3ZHfX6kbiY7JVsB63lLOLu,The Only Exception,Paramore,brand new eyes,Alternative,12264,emo,74,0.563,0.452,0.143,0.209,4.46,0
1j8z4TTjJ1YOdoFEDwJTQa,Ain't It Fun,Paramore,Paramore,Alternative,12264,emo,1,0.893,0.606,0.021,0.671,4.94,0
6SpLc7EXZIPpy0sVko0aoU,Misery Business,Paramore,RIOT!,Alternative,12264,emo,1,0.906,0.513,0.113,0.73,3.53,0
0Utg7sirTPqrs6Cx0FbriQ,Chillin' It,Cole Swindell,Cole Swindell,country,12265,country,1,0.849,0.576,0.109,0.666,3.28,0
6aNwDe5YH5YUPlpHkku52w,Sunshine & Whiskey,Frankie Ballard,Sunshine & Whiskey,country,12265,country,0,0.737,0.67,0.325,0.753,3.04,0
03fT3OHB9KyMtGMt2zwqCT,Play It Again,Luke Bryan,Crash My Party,country,12265,country,75,0.886,0.506,0.0734,0.595,3.78,0
0p1BcEcYVO3uk4KDf3gzkY,Wanted,Hunter Hayes,Hunter Hayes (Encore),country,12265,country,0,0.475,0.414,0.0816,0.3,3.81,0
5kNe7PE09d6Kvw5pAsx23n,Die A Happy Man,Thomas Rhett,Tangled Up,country,12265,country,1,0.389,0.59,0.117,0.389,3.79,0
0BCy325UZyR9z0t0uxwn2N,H.O.L.Y.,Florida Georgia Line,Dig Your Roots,country,12265,country,71,0.666,0.523,0.0728,0.564,3.24,0
12qZHAeOyTf93YAWvGDTat,All The Small Things,blink-182,Enema Of The State,Punk,12266,punk-rock,2,0.9,0.442,0.395,0.609,2.8,0
5wTMQjEx9LWeFwLjolPCUy,What's My Age Again?,blink-182,Blink 182 (Sound and Vision Q4 2007),Punk,12266,punk-rock,4,0.951,0.391,0.0878,0.468,2.48,0
21S5V668O8OUYAkjBYLUW2,Feeling This,blink-182,blink-182,Punk,12266,punk-rock,71,0.962,0.411,0.529,0.622,2.88,0
6WkSUgo1VdpzgtiXKlFPcY,Dammit,blink-182,Dude Ranch,Punk,12266,punk-rock,68,0.974,0.429,0.164,0.33,2.76,0
43NhiKnrtGqztxDqXrcUux,Adam's Song,blink-182,Enema Of The State,Punk,12266,punk-rock,0,0.775,0.52,0.364,0.383,4.16,0
2ydUT1pFhuLDnouelIv4WH,The Rock Show,blink-182,Take Off Your Pants And Jacket,Punk,12266,punk-rock,73,0.959,0.41,0.0766,0.83,2.86,0
3YD9EehnGOf88rGSZFrnHg,Stay Together For The Kids,blink-182,Take Off Your Pants And Jacket,Punk,12266,punk-rock,69,0.78,0.519,0.156,0.166,3.99,0
23oxJmDc1V9uLUSmN2LIvx,Ocean Avenue,Yellowcard,Ocean Avenue,Punk,12266,punk,74,0.904,0.486,0.0947,0.786,3.3,0
4dzOxPZFYX77xpMwv4EhnO,Fat Lip,Sum 41,"All Killer, No Filler",Punk,12266,punk,74,0.914,0.402,0.065,0.626,2.97,1
68pN2UQYhwQgPy7VrCFKuV,In Too Deep,Sum 41,"All Killer, No Filler",Punk,12266,punk,76,0.844,0.568,0.0607,0.766,3.45,1
0jqK7sGTLsHPkQrrcrGuKD,Still Waiting,Sum 41,Does This Look Infected?,Punk,12266,punk,71,0.95,0.431,0.272,0.56,2.65,1
3SqOC9IRDYGSq9cH6K2GQI,The Anthem,Good Charlotte,Good Charlotte/The Young And The Hopeless,Punk,12266,metal,74,0.939,0.494,0.139,0.893,2.92,0
5oQcOu1omDykbIPSdSQQNJ,1985,Bowling For Soup,A Hangover You Don't Deserve,Punk,12266,punk-rock,71,0.887,0.606,0.337,0.903,3.22,0
6nTiIhLmQ3FWhvrGafw2zj,American Idiot,Green Day,American Idiot,Punk,12266,punk,79,0.988,0.38,0.368,0.769,2.94,0
2l57cfmCnOkwNX1tky02n1,Move Along,The All-American Rejects,Move Along,Punk,12266,punk-rock,61,0.92,0.526,0.371,0.615,3.98,0
1FMHNVeJ9s1x1l1WlaRs2I,It Ends Tonight,The All-American Rejects,Move Along,Punk,12266,punk-rock,58,0.631,0.454,0.177,0.313,4.08,0
2d6m2F4I7wCuAKtSsdhh83,Famous Last Words,My Chemical Romance,The Black Parade,Punk,12266,emo,73,0.883,0.467,0.125,0.309,4.99,0
51T1wGHtx6hXW89UCzw1Rc,Pretty Fly (For A White Guy),The Offspring,Americana,Punk,12266,punk-rock,75,0.895,0.723,0.0717,0.963,3.14,1
027h5P3kCyktHv9dpHUBBS,Why Don't You Get A Job,The Offspring,Americana,Punk,12266,punk-rock,2,0.882,0.766,0.281,0.547,2.87,1
0Ti2dlF2xLjXblvdU5fCxM,Miss Murder,AFI,DECEMBERUNDERGROUND,Punk,12266,emo,72,0.873,0.308,0.0974,0.686,3.44,0
3asFGFY3uLjMDmML1p0tYm,Savior,Rise Against,Appeal To Reason,Punk,12266,hardcore,75,0.932,0.554,0.425,0.478,4.04,0
2GTBnTnkvaNhVg7ADGnVzN,Prayer Of The Refugee,Rise Against,The Sufferer & The Witness,Punk,12266,hardcore,66,0.977,0.198,0.23,0.351,3.32,0
42et6fnHCw1HIPSrdPprMl,Semi-Charmed Life,Third Eye Blind,Third Eye Blind,Punk,12266,grunge,75,0.864,0.64,0.123,0.701,4.47,0
01v7kv0RTVaX4Vs8GcOGOP,This Is War,Thirty Seconds To Mars,This Is War,Punk,12266,grunge,66,0.723,0.402,0.233,0.224,5.45,0
1p1nO35bbi4ZlQgjIA4oa4,The Kill (Bury Me),Thirty Seconds To Mars,A Beautiful Lie,Punk,12266,grunge,1,0.912,0.179,0.582,0.289,3.86,0
1V82d4T5gadqzboNVWKcMj,Closer To The Edge,Thirty Seconds To Mars,This Is War,Punk,12266,grunge,60,0.948,0.502,0.0809,0.102,4.56,0
0Dx3pLp5cHb5RKvCNHKdlK,From Yesterday,Thirty Seconds To Mars,A Beautiful Lie,Punk,12266,grunge,59,0.876,0.468,0.035,0.13,4.12,0
01a0J96fRD91VnjQQUCqMK,The Kids Aren't Alright,The Offspring,Americana,Punk,12266,alt-rock,81,0.943,0.523,0.0579,0.766,3.0,1
6ihL9TjfRjadfEePzXXyVF,Gives You Hell,The All-American Rejects,When The World Comes Down,Punk,12266,punk-rock,0,0.675,0.725,0.0537,0.595,3.55,0
3mcG2NI5G5vhrQtRda1YnA,The Middle,Jimmy Eat World,Bleed American,Punk,12266,alt-rock,0,0.848,0.644,0.0676,0.928,2.8,0
4wzjNqjKAKDU82e8uMhzmr,Face Down,The Red Jumpsuit Apparatus,Don't You Fake It,Punk,12266,punk-rock,76,0.932,0.545,0.127,0.464,3.2,0
0fQlm2MUzqGDBPkuqq4U1Y,Hear You Me,Jimmy Eat World,Bleed American,Punk,12266,emo,64,0.517,0.465,0.209,0.137,4.74,0
1AHfovSnGPVYKaahRtA0U6,The Message,Nas,It Was Written,Training ,12267,hardcore,65,0.543,0.614,0.383,0.485,3.9,0
6RUpJeXT6U4SPEafnr9Wr7,Where The Hood At,DMX,Grand Champ,Training ,12267,hardcore,71,0.948,0.537,0.356,0.792,4.77,1
4tXA1TUmKvz7CbUT9LUHDx,X Gon' Give It To Ya,DMX,The Definition Of X: Pick Of The Litter,Training ,12267,hardcore,74,0.899,0.761,0.0719,0.673,3.63,1
7iL6o9tox1zgHpKUfh9vuC,In Da Club,50 Cent,Get Rich Or Die Tryin',Training ,12267,hip-hop,83,0.713,0.899,0.0708,0.777,3.22,1
33ZXjLCpiINn8eQIDYEPTD,"Shook Ones, Pt. II",Mobb Deep,The Infamous,Training ,12267,hardcore,76,0.786,0.763,0.0817,0.504,5.43,0
0PJYMfWrcdgliosbUgsf1j,The Rain,DMX,Grand Champ,Training ,12267,hardcore,57,0.846,0.719,0.248,0.514,3.46,1
5ngSGTy4Tw8cIBCMeIgoc9,Why We Thugs,Ice Cube,"Laugh Now, Cry Later",Training ,12267,funk,0,0.59,0.783,0.148,0.664,3.74,0
0svl7cK07gK1ia5ainczU5,Break Ya Neck,Busta Rhymes,Genesis,Training ,12267,hardcore,69,0.809,0.82,0.0613,0.737,3.85,0
48ZUwXrEOhaXLCxvmRYhZv,Don't Sweat The Technique,Eric B. & Rakim,Don't Sweat The Technique,Training ,12267,hardcore,61,0.89,0.737,0.0801,0.809,4.38,0
2IlLgGWbT6jYEsw7RQrGEH,Take A Look Around,Limp Bizkit,Chocolate Starfish And The Hot Dog Flavored Water,Training ,12267,alternative,74,0.852,0.425,0.0935,0.512,5.34,0
3rq5w4bQGigXOfdN30ATJt,Do I Wanna Know?,Arctic Monkeys,AM,Training ,12267,garage,88,0.532,0.548,0.217,0.405,4.54,0
4d4AIYFkR8MSWtKBmphyir,Give It All,Rise Against,Siren Song Of The Counter-Culture,Training ,12267,hardcore,62,0.942,0.587,0.0762,0.389,2.83,0
6i0V12jOa3mr6uu4WYhUBr,Heathens,Twenty One Pilots,Heathens,Training ,12267,rock,81,0.396,0.732,0.105,0.548,3.27,0
5CdOqNxkQ7054Rp86f5OWi,Lay Low,Josh Turner,Deep South,driving ,12268,country,0,0.679,0.634,0.116,0.378,4.35,0
25khomWgBVamSdKw7hzm3l,The Hills,The Weeknd,Beauty Behind The Madness,driving ,12268,pop,3,0.551,0.565,0.139,0.125,4.04,0
13dQb9ZXU7ehRoDLrjyTt0,Bring You Back,Brett Eldredge,Bring You Back,driving ,12268,country,0,0.711,0.571,0.203,0.571,3.2,0
3RlsVPIIs5KFhLFhxZ4iDF,Rockstar,Nickelback,All The Right Reasons,driving ,12268,alt-rock,70,0.91,0.616,0.343,0.693,4.2,0
2QAKYPRD0aMpCmVf4trbYy,Hope Town,Jesse Rice,The Pirate Sessions III,havana,12269,guitar,22,0.94,0.526,0.469,0.815,3.54,0
4gvea7UlDkAvsJBPZAd4oB,The Boys Of Summer,Don Henley,Building The Perfect Beast,havana,12269,country,1,0.775,0.516,0.21,0.858,4.81,0
00orPZkzsOCrPiF8pWyoDA,Haze of the Rum,Jesse Rice,The Pirate Sessions,havana,12269,guitar,27,0.76,0.534,0.306,0.641,3.21,0
2KmEgiY8fQs0G6WNxtzQKr,Baba O'Riley,The Who,Who's Next,havana,12269,blues,76,0.724,0.489,0.287,0.15,5.01,0
2lCASWgS5pcMtlvC3uKu1C,Caribbean Crazy,Jesse Rice,The Pirate Sessions,havana,12269,guitar,20,0.806,0.628,0.12,0.915,4.41,0
1wHspM1C0aVMyT1uc3op7Z,Sweet Kinda Summer,Jesse Rice,Somethin' Strong,havana,12269,guitar,32,0.785,0.518,0.116,0.945,3.76,0
0S6P4AuoNUStGPgKDZ791u,Pirate Girl,Jesse Rice,The Pirate Sessions,havana,12269,guitar,23,0.778,0.571,0.139,0.846,3.43,0
6txWz9UapYHVxEd7dDIHXT,No Rain,Blind Melon,Blind Melon,havana,12269,alt-rock,0,0.573,0.359,0.136,0.562,3.62,0
2LpirOWiA4eslLRuPpQT7V,Maggie May,Rod Stewart,Every Picture Tells A Story,havana,12269,rock,1,0.719,0.594,0.124,0.494,5.84,0
2Z2vOukzwOgqR4dkymRSWd,Santeria,Sublime,Sublime,havana,12269,punk,1,0.751,0.665,0.121,0.58,3.04,0
7b4yGtR0rujvLi5EBfKKJ2,Take Me Home Tonight,Eddie Money,Can'T Hold Back,havana,12269,hard-rock,70,0.768,0.608,0.0942,0.748,3.52,0
7nemcVsXVFZF01iqpIIo2Y,It's a Long Way to the Top (If You Wanna Rock 'N' Roll),AC/DC,High Voltage,havana,12269,hard-rock,72,0.863,0.456,0.0553,0.532,5.02,0
2zYzyRzz6pRmhPzyfMEC8s,Highway to Hell,AC/DC,Highway to Hell,havana,12269,hard-rock,85,0.913,0.574,0.156,0.423,3.47,0
1QEEqeFIZktqIpPI4jSVSF,More Than a Feeling,Boston,Boston,havana,12269,country,79,0.681,0.377,0.0504,0.285,4.75,0
1xOXXYh6lTW8laxlW7JP2J,Only the Good Die Young,Billy Joel,The Stranger (30th Anniversary Legacy Edition),havana,12269,piano,68,0.872,0.579,0.0935,0.761,3.93,0
3FmAUR4SPWa3P1KyDf21Fu,Roxanne - Remastered 2003,The Police,Outlandos D'Amour,havana,12269,rock,2,0.752,0.615,0.0479,0.66,3.19,0
5nkYHBWXu7KCgcdwP6jcB1,What I Got,Sublime,Sublime,havana,12269,punk,1,0.693,0.804,0.314,0.654,2.85,0
70jK4YYMql3lJFBUK6l8QT,Only The Winds,Ólafur Arnalds,For Now I Am Winter,REIKI,12270,ambient,45,0.176,0.478,0.081,0.0378,5.36,0
5ykXsKJqx0GE0dsogxjylG,Near Light,Ólafur Arnalds,Living Room Songs,REIKI,12270,ambient,54,0.348,0.477,0.11,0.0867,3.47,0
0iA3xXSkSCiJywKyo1UKjQ,Louie Louie,The Kingsmen,The Best of The Kingsmen,Culture,12271,garage,65,0.709,0.623,0.0967,0.948,2.76,0
1v98rfd0an913AzHvMNG8a,Alison,Elvis Costello,My Aim Is True,Culture,12271,power-pop,35,0.323,0.555,0.209,0.371,3.41,0
5DH7nDryMhpixm4G4B7RP9,The Longest Time,Billy Joel,An Innocent Man,Culture,12271,piano,68,0.333,0.637,0.147,0.588,3.63,0
6kZFIsYCBeuH0f1zGk1UoM,Simple Man,Lynyrd Skynyrd,(Pronounced 'Leh-'Nérd 'Skin-'Nérd),Culture,12271,blues,74,0.752,0.422,0.129,0.403,5.97,0
6FKU84JHM1lbiy5Dx0Dyqd,The Joker,Steve Miller Band,Greatest Hits 1974-78,Culture,12271,blues,0,0.448,0.596,0.207,0.796,3.63,0
4BGJSbB5rAcg4pNzD4gfxU,Tiny Dancer,Elton John,Madman Across The Water,Culture,12271,piano,78,0.428,0.414,0.148,0.282,6.28,0
3QHMxEOAGD51PDlbFPHLyJ,Vivir Mi Vida,Marc Anthony,3,Culture,12271,salsa,76,0.877,0.656,0.349,0.894,4.21,0
7fQ3PYTYdu208fQ3JEm2U7,Ain't That A Kick In The Head,Dean Martin,"Dean Martin: The Capitol Recordings, Vol. 11 (1960-1961)",Culture,12271,jazz,0,0.252,0.647,0.3,0.72,2.45,0
7jYo1uYSMzQS0nlN6bRAKM,Put Your Head on My Shoulder,Paul Anka,21 Golden Hits,Culture,12271,r-n-b,64,0.433,0.549,0.0774,0.486,2.58,0
2w4EpqGasrz9qdTwocx54t,Open Arms,Journey,Escape,Culture,12271,hard-rock,70,0.21,0.405,0.139,0.174,3.37,0
5GMw6X6BbCDGO9gApQYRSa,You've Lost That Lovin' Feelin',The Righteous Brothers,The Very Best Of The Righteous Brothers - Unchained Melody,Culture,12271,rock-n-roll,59,0.317,0.366,0.0865,0.398,3.75,0
6XK6Zw6JkFsHXzAcMWNiIr,Send Me On My Way,Rusted Root,When I Woke,Culture,12271,j-rock,68,0.704,0.5,0.138,0.722,4.39,0
4fxF8ljwryMZX5c9EKrLFE,Boombastic,Shaggy,Boombastic,????????,12275,reggae,1,0.887,0.852,0.311,0.788,4.17,0
1ACZpHI5vZ5Ea4xGlkdGWM,Crazy Rap (Colt 45 & 2 Zig Zags),Afroman,The Good Times,????????,12275,comedy,74,0.367,0.927,0.132,0.576,5.48,0
2g8HN35AnVGIk7B8yMucww,Big Poppa,The Notorious B.I.G.,Ready To Die The Remaster,????????,12275,hardcore,49,0.671,0.765,0.0506,0.798,4.21,1
5xlS0QkVrSH7ssEbBgBzbM,Little Saint Nick,The Beach Boys,The Beach Boys' Christmas Album,Christmas 2014,12276,psych-rock,0,0.424,0.551,0.165,0.925,1.98,0
1msuiw6pnXYfxZ7Edyit9U,"Where Are You Christmas - From ""Dr. Seuss' How The Grinch Stole Christmas"" Soundtrack",Faith Hill,Dr. Seuss' How The Grinch Stole Christmas,Christmas 2014,12276,country,0,0.333,0.373,0.121,0.0815,4.12,0
0qcr5FMsEO85NAQjrlDRKo,"Let It Go - From ""Frozen""/Soundtrack Version",Idina Menzel,Frozen,Christmas 2014,12276,show-tunes,75,0.485,0.543,0.12,0.371,3.73,0
5rwq6R0Uq0BngM3rdmCeNg,Collide - Acoustic Version,Howie Day,Stop All The World Now (SPECIAL EDITION VERSION),bed time ,12277,acoustic,67,0.253,0.582,0.091,0.294,4.6,0
2WfaOiMkCvy7F5fcp2zZ8L,Take On Me,a-ha,Hunting High And Low,80s.,12278,synth-pop,0,0.931,0.524,0.0588,0.811,3.75,0
709JP07qJbz95uMOLHYlWu,99 Luftballons,Nena,2 in 1 Nena,80s.,12278,german,27,0.467,0.636,0.117,0.58,3.86,0
3BGbqEDio3ocx1v4egIYr6,Walk Like an Egyptian,The Bangles,Different Light,80s.,12278,disco,63,0.891,0.724,0.3,0.818,3.41,0
2dCmGcEOQrMQhMMS8Vj7Ca,Super Freak,Rick James,Street Songs,80s.,12278,disco,3,0.796,0.857,0.0503,0.944,3.42,0
6HZ67VImxqr8aMBEEhblzf,Cars,Gary Numan,The Pleasure Principle,80s.,12278,synth-pop,63,0.578,0.545,0.0692,0.819,3.98,0
5uRsBdLhn91AYcsTCOGNOC,Sunglasses At Night,Corey Hart,First Offense,80s.,12278,synth-pop,62,0.609,0.686,0.113,0.719,5.33,0
1gzIbdFnGJ226LTl0Cn2SX,White Wedding - Pt. 1,Billy Idol,Billy Idol,80s.,12278,hard-rock,71,0.814,0.673,0.343,0.728,4.2,0
39shmbIHICJ2Wxnk1fPSdz,Should I Stay or Should I Go - Remastered,The Clash,Combat Rock,80s.,12278,punk-rock,80,0.836,0.743,0.384,0.82,3.15,0
3yfqSUWxFvZELEM4PmlwIR,The Real Slim Shady,Eminem,The Marshall Mathers LP,partay,12279,hip-hop,87,0.661,0.949,0.0454,0.76,4.74,1
7C86DVl6REN8VPeGEMOf9q,Get Busy,Sean Paul,Dutty Rock,partay,12279,dancehall,75,0.824,0.735,0.158,0.726,3.53,0
0ct6r3EGTcMLPtrXHDvVjc,The Nights,Avicii,The Days / Nights,partay,12279,dance,86,0.835,0.527,0.249,0.654,2.94,0
0prNGof3XqfTvNDxHonvdK,Scars To Your Beautiful,Alessia Cara,Know-It-All,Bonfire,12280,dance,74,0.739,0.319,0.111,0.449,3.84,0
4iLqG9SeJSnt0cSPICSjxv,Attention,Charlie Puth,Attention,Bonfire,12280,dance,83,0.613,0.775,0.134,0.797,3.52,0
0qYTZCo5Bwh1nsUFGZP3zn,Felices los 4,Maluma,Felices los 4,Bonfire,12280,latino,74,0.756,0.766,0.349,0.716,3.83,0
6De0lHrwBfPfrhorm9q1Xl,Me Rehúso,Danny Ocean,Me Rehúso,Bonfire,12280,latino,80,0.804,0.744,0.0494,0.426,3.43,0
6Xs7OKt6i0Ddq8B4M5Dgvr,New Americana,Halsey,BADLANDS,Bonfire,12280,electro,65,0.707,0.339,0.337,0.359,3.06,0
2bRXehD283NioREYxlohc4,Lights - Single Version,Ellie Goulding,Bright Lights,Bonfire,12280,dance,0,0.802,0.681,0.127,0.791,3.51,0
0PDUDa38GO8lMxLCRc4lL1,PILLOWTALK,ZAYN,Mind Of Mine (Deluxe Edition),Bonfire,12280,dance,78,0.7,0.584,0.0939,0.438,3.38,1
2N0volXQpwsvjDorTTxBAU,Bonfire Heart,James Blunt,Moon Landing,Bonfire,12280,rock,0,0.821,0.575,0.124,0.473,3.97,0
0ADG9OgdVTL7fgREP75BrZ,Ain't My Fault,Zara Larsson,So Good,Bonfire,12280,edm,69,0.782,0.576,0.285,0.355,3.73,0
1rIKgCH4H52lrvDcz50hS8,Lush Life,Zara Larsson,So Good,Bonfire,12280,dance,78,0.712,0.694,0.211,0.799,3.35,0
37HI0imp0t6a0MBS00lPkS,The Mighty Rio Grande,This Will Destroy You,S/T,Instrumental ,12281,ambient,49,0.171,0.263,0.0766,0.038,11.28,0
62vpWI1CHwFy7tMIcSStl8,No Role Modelz,J. Cole,2014 Forest Hills Drive,cruise,12282,hip-hop,88,0.521,0.69,0.0534,0.494,4.88,0
6gBFPUFcJLzWGx4lenP6h2,goosebumps,Travis Scott,Birds In The Trap Sing McKnight,cruise,12282,hip-hop,84,0.728,0.841,0.149,0.43,4.06,0
2Kgjd9G808FhUDRhS2gidG,Cecilia And The Satellite,Andrew McMahon in the Wilderness,Andrew McMahon In The Wilderness,Fall '15,12284,piano,61,0.844,0.381,0.318,0.239,3.73,0
4sPmO7WMQUAf45kwMOtONw,Hello,Adele,25,Fall '15,12284,british,74,0.43,0.578,0.0854,0.288,4.92,0
2bbhyUWJ5VjdfI3P4PRLu2,Samson,Regina Spektor,Begin To Hope,Fall '15,12284,piano,56,0.193,0.49,0.113,0.184,3.16,0
5fLfzMQ6T583mnUke8622M,You Are the Right One,Sports,Naked All the Time,happy music ,12285,soul,70,0.594,0.659,0.632,0.851,2.88,0
6ZT3coOj97F6CVvruPtnox,Your Soul,Hippie Sabotage,The Sunny Album (Deluxe Edition),happy music ,12285,electronic,61,0.68,0.487,0.144,0.0752,5.41,0
5d8CreUdJvZejvTUo1IHLw,Space Song,Beach House,Depression Cherry,happy music ,12285,indie-pop,73,0.79,0.509,0.144,0.625,5.34,0
1RiuVQWyC7g7tL3niYzHKP,Marijuana,Chrome Sparks,Sparks EP,happy music ,12285,chill,58,0.655,0.697,0.353,0.415,3.02,0
7rqyZM53JpYj86avtfmyeg,My Type,Saint Motel,My Type,happy music ,12285,alt-rock,70,0.896,0.595,0.0748,0.567,3.44,0
3iVAyrTlbWGBq0laeQ18z2,Walking On A Dream,Empire of the Sun,Walking On A Dream,happy music ,12285,alt-rock,79,0.701,0.871,0.0589,0.716,3.31,0
5Ce9z7GqSknXccyppRxNLY,Thief,Ookay,Thief,happy music ,12285,dub,57,0.797,0.57,0.11,0.212,4.0,0
1TuopWDIuDi1553081zvuU,Resonance,Home,Odyssey,happy music ,12285,chill,71,0.74,0.566,0.221,0.419,3.55,0
66A20vw98rh2yQM5P5EoIF,Cherry,Chromatics,Cherry,happy music ,12285,electronic,59,0.782,0.655,0.175,0.812,4.53,0
0ytw2owVvegkIS87txqV1O,Swim Good,Frank Ocean,Swim Good,happy music ,12285,soul,69,0.668,0.653,0.0731,0.711,4.29,0
56mF8ZJXW73RTI8I6dQYD7,Heart In a Cage,The Strokes,First Impressions Of Earth,Summer,12287,garage,63,0.857,0.418,0.368,0.12,3.43,0
2hmibAtdObO8F4tnhLENuQ,Reptilia,The Strokes,Room On Fire,Summer,12287,alt-rock,75,0.649,0.489,0.101,0.77,3.66,0
5G1sTBGbZT5o4PNRc75RKI,Lonely Boy,The Black Keys,El Camino,Summer,12287,blues,73,0.872,0.356,0.0997,0.607,3.23,0
0k93MXOj0kSXo84SvSDeUz,Ocean Drive,Duke Dumont,Ocean Drive,Music,12288,edm,0,0.776,0.67,0.122,0.624,3.44,0
5edBgVtRD0fvWk140Sl21T,Counting Stars,OneRepublic,Native,Music,12288,piano,83,0.705,0.664,0.118,0.477,4.29,0
2QjOHCTQ1Jl3zawyYOpxh6,Sweater Weather,The Neighbourhood,I Love You.,Music,12288,alt-rock,93,0.807,0.612,0.101,0.398,4.01,0
03f7xZmt2wHCIDJBFPK8G4,Soap,Melanie Martinez,Cry Baby,Music,12288,electro,0,0.689,0.594,0.129,0.209,3.49,0
6wNeKPXF0RDKyvfKfri5hf,Dollhouse,Melanie Martinez,Cry Baby,Music,12288,electro,74,0.708,0.725,0.777,0.555,3.86,0
6ZANrVuAMp2rpjhfbOuJly,Same Old Love,Selena Gomez,Revival,Music,12288,dance,71,0.593,0.672,0.214,0.438,3.82,0
0vaf64cpnqM7COUZZkoBig,Electric Feel,MGMT,Oracular Spectacular/Congratulations,Music,12288,alt-rock,77,0.803,0.763,0.348,0.561,3.83,0
3mcG2NI5G5vhrQtRda1YnA,The Middle,Jimmy Eat World,Bleed American,Music,12288,alt-rock,0,0.848,0.644,0.0676,0.928,2.8,0
27SdWb2rFzO6GWiYDBTD9j,Cheap Thrills,Sia,This Is Acting,Music,12288,dance,78,0.698,0.628,0.0907,0.732,3.53,0
6i0V12jOa3mr6uu4WYhUBr,Heathens,Twenty One Pilots,Heathens,Music,12288,rock,81,0.396,0.732,0.105,0.548,3.27,0
1LzNfuep1bnAUR9skqdHCK,Fade Into You,Mazzy Star,So Tonight That I Might See,current favs,12289,alt-rock,79,0.33,0.42,0.0677,0.175,4.93,0
2JO3HwMRPeya8bXbtbyPcf,Love Will Tear Us Apart,Joy Division,The Best Of,current favs,12289,alt-rock,0,0.902,0.524,0.137,0.907,3.45,0
6mORGLOz79w6VsCRLWYYuK,The Night We Met,Lord Huron,Strange Trails,current favs,12289,folk,83,0.369,0.544,0.639,0.102,3.47,0
6PJ8FF6UR8FZXfEvpHkIVN,How Would You Feel (Paean),Ed Sheeran,÷,current favs,12289,pop,0,0.439,0.618,0.127,0.242,4.68,0
5d8CreUdJvZejvTUo1IHLw,Space Song,Beach House,Depression Cherry,current favs,12289,indie-pop,73,0.79,0.509,0.144,0.625,5.34,0
6zZGFzAUk3g2Uae9fLYlDl,Black Flies,Ben Howard,Every Kingdom,current favs,12289,british,54,0.36,0.581,0.0924,0.107,6.36,0
3H7sv3Krffn15BufUuXzf3,Hey Jude - Remastered 2015,The Beatles,1,current favs,12289,british,74,0.607,0.386,0.088,0.532,7.09,0
2tznHmp70DxMyr2XhWLOW0,Cigarette Daydreams,Cage The Elephant,Melophobia,current favs,12289,blues,79,0.676,0.636,0.0831,0.273,3.48,0
2ZWlPOoWh0626oTaHrnl2a,Ivy,Frank Ocean,Blonde,current favs,12289,soul,81,0.386,0.575,0.229,0.466,4.15,1
035QPHPAcqApSGMMcogT45,A Change Of Heart,The 1975,"I like it when you sleep, for you are so beautiful yet so unaware of it",current favs,12289,alt-rock,59,0.502,0.736,0.0843,0.533,4.73,0
70wYA8oYHoMzhRRkARoMhU,When You Were Young,The Killers,Sam's Town,current favs,12289,alt-rock,5,0.976,0.441,0.298,0.248,3.67,0
0tkBOcK7oRVXQJY97zzSvr,Telescope,Cage The Elephant,Melophobia,current favs,12289,blues,65,0.481,0.589,0.0986,0.176,3.8,0
6Jb4oub0oD3jJls69ArCVz,Multi-Love,Unknown Mortal Orchestra,Multi-Love,current favs,12289,psych-rock,60,0.506,0.784,0.139,0.544,4.18,0
0q6LuUqGLUiCPP1cbdwFs3,On Melancholy Hill,Gorillaz,Plastic Beach,current favs,12289,alternative,78,0.739,0.689,0.064,0.578,3.9,0
73jVPicY2G9YHmzgjk69ae,Robbers,The 1975,The 1975,current favs,12289,alt-rock,71,0.692,0.621,0.335,0.381,4.24,0
2fbXJ0VpxhW7j0qcg1DnoZ,Big Jet Plane,Angus & Julia Stone,Down The Way,current favs,12289,folk,61,0.387,0.762,0.13,0.274,3.99,0
35lAjvsvS9k9HHuP1fjDT8,Human Nature,Michael Jackson,Thriller 25 Super Deluxe Edition,current favs,12289,soul,66,0.511,0.638,0.26,0.68,4.09,0
4NnWuGQujzWUEg0uZokO5M,Just Like Heaven,The Cure,"Kiss Me, Kiss Me, Kiss Me",current favs,12289,punk-rock,72,0.94,0.437,0.222,0.48,3.53,0
2d9totnSVmmczPtHFl8Ys6,Sleep On The Floor,The Lumineers,Cleopatra,current favs,12289,folk,70,0.431,0.389,0.13,0.275,3.53,0
5eXnC2B5RU5fAhfwvV2ABD,Oceans,Seafret,Tell Me It's Real (Deluxe),current favs,12289,folk,66,0.462,0.372,0.101,0.176,3.59,0
4aY0tZIaboefmkBEsjAovI,If I Die Young,The Band Perry,The Band Perry,Country,12291,country,65,0.497,0.606,0.275,0.362,3.71,0
6U5pgPq1bsJ6UBeakd4mfQ,What Hurts The Most,Rascal Flatts,Me And My Gang,Country,12291,country,71,0.674,0.537,0.265,0.33,3.57,0
0p1BcEcYVO3uk4KDf3gzkY,Wanted,Hunter Hayes,Hunter Hayes (Encore),Country,12291,country,0,0.475,0.414,0.0816,0.3,3.81,0
3duP6mBVDsHM8ioN7o7dAK,Boondocks,Little Big Town,The Road To Here,Country,12291,country,0,0.78,0.406,0.474,0.687,4.54,0
0M7mWKqwTIaVjYyxfZmtTa,"Courtesy Of The Red, White And Blue (The Angry American)",Toby Keith,Unleashed,Country,12291,country,0,0.674,0.426,0.0784,0.378,3.26,0
6aNwDe5YH5YUPlpHkku52w,Sunshine & Whiskey,Frankie Ballard,Sunshine & Whiskey,Country,12291,country,0,0.737,0.67,0.325,0.753,3.04,0
4CJVkjo5WpmUAKp3R44LNb,Sweet Home Alabama,Lynyrd Skynyrd,Second Helping,Country,12291,blues,2,0.724,0.614,0.146,0.902,4.69,0
5JnLiuMgRAWoHYOhatFP3s,People Are Crazy,Billy Currington,Little Bit Of Everything,Country,12291,country,0,0.714,0.657,0.127,0.361,3.86,0
4YjjNHtEsTX6Af4mCTupT5,Bless The Broken Road,Rascal Flatts,Feels Like Today,Country,12291,country,36,0.448,0.588,0.156,0.362,3.78,0
75p6fgACKYIyIhsoG411SZ,Hey Pretty Girl,Kip Moore,Up All Night,Country,12291,country,0,0.373,0.431,0.259,0.0884,3.6,0
5kNe7PE09d6Kvw5pAsx23n,Die A Happy Man,Thomas Rhett,Tangled Up,Country,12291,country,1,0.389,0.59,0.117,0.389,3.79,0
0BCy325UZyR9z0t0uxwn2N,H.O.L.Y.,Florida Georgia Line,Dig Your Roots,Country,12291,country,71,0.666,0.523,0.0728,0.564,3.24,0
63thx7OANplv4I4BQsanHk,You Should Be Here,Cole Swindell,You Should Be Here,Country,12291,country,0,0.641,0.491,0.0857,0.299,3.17,0
7mldq42yDuxiUNn08nvzHO,Body Like A Back Road,Sam Hunt,Body Like A Back Road,Country,12291,country,0,0.458,0.732,0.136,0.661,2.76,0
1LM5zQv5pBKPyO7rm7Uz6U,My Church,Maren Morris,HERO (Deluxe Edition),Country,12291,country,69,0.743,0.517,0.107,0.664,3.3,0
7DfFc7a6Rwfi3YQMRbDMau,Thinkin Bout You,Frank Ocean,channel ORANGE,Rap,12292,soul,78,0.339,0.721,0.0973,0.2,3.35,0
0KKkJNfGyhkQ5aFogxQAPU,That's What I Like,Bruno Mars,24K Magic,Rap,12292,dance,83,0.56,0.853,0.0944,0.86,3.44,0
0VgkVdmE4gld66l8iyGjgx,Mask Off,Future,FUTURE,Rap,12292,hip-hop,83,0.434,0.833,0.165,0.281,3.41,0
7KXjTSCq5nL1LoYtL7XAwS,HUMBLE.,Kendrick Lamar,DAMN.,Rap,12292,hip-hop,84,0.621,0.908,0.0958,0.421,2.95,1
3S0OXQeoh0w6AY8WQVckRW,I'm Yours,Jason Mraz,We Sing. We Dance. We Steal Things.,Mix of everything,12293,acoustic,80,0.444,0.703,0.0973,0.712,4.04,0
0KKkJNfGyhkQ5aFogxQAPU,That's What I Like,Bruno Mars,24K Magic,Mix of everything,12293,dance,83,0.56,0.853,0.0944,0.86,3.44,0
79cuOz3SPQTuFrp8WgftAu,There's Nothing Holdin' Me Back,Shawn Mendes,Illuminate,Mix of everything,12293,dance,86,0.813,0.866,0.0779,0.969,3.32,0
5hYTyyh2odQKphUbMqc5gN,"How Far I'll Go - From ""Moana""",Alessia Cara,How Far I'll Go,Mix of everything,12293,electro,66,0.544,0.309,0.0727,0.16,2.93,0
6FE2iI43OZnszFLuLtvvmg,Classic,MKTO,MKTO,Mix of everything,12293,rock,82,0.791,0.72,0.157,0.756,2.92,0
4iLqG9SeJSnt0cSPICSjxv,Attention,Charlie Puth,Attention,Mix of everything,12293,dance,83,0.613,0.775,0.134,0.797,3.52,0
7mldq42yDuxiUNn08nvzHO,Body Like A Back Road,Sam Hunt,Body Like A Back Road,Mix of everything,12293,country,0,0.458,0.732,0.136,0.661,2.76,0
20I6sIOMTCkB6w7ryavxtO,Call Me Maybe,Carly Rae Jepsen,Kiss,Best Day Of My Life,12294,electro,80,0.58,0.783,0.108,0.66,3.22,0
27SdWb2rFzO6GWiYDBTD9j,Cheap Thrills,Sia,This Is Acting,Best Day Of My Life,12294,dance,78,0.698,0.628,0.0907,0.732,3.53,0
1rIKgCH4H52lrvDcz50hS8,Lush Life,Zara Larsson,So Good,Best Day Of My Life,12294,dance,78,0.712,0.694,0.211,0.799,3.35,0
5COPw6K4B6PPpeUXIE2Ry5,Feel Again,OneRepublic,Native,Best Day Of My Life,12294,piano,59,0.815,0.467,0.118,0.335,3.08,0
4Hf7WnR761jpxPr5D46Bcd,Treat You Better,Shawn Mendes,Illuminate,Best Day Of My Life,12294,dance,84,0.819,0.444,0.107,0.747,3.13,0
3gbBpTdY8lnQwqxNCcf795,Pompeii,Bastille,Bad Blood,Best Day Of My Life,12294,rock,1,0.711,0.68,0.241,0.571,3.57,0
2DpCdPMg1BADE4HDnxt3Rd,"Sit Still, Look Pretty",Daya,"Sit Still, Look Pretty",Best Day Of My Life,12294,dance,63,0.787,0.655,0.178,0.554,3.37,0
2bRXehD283NioREYxlohc4,Lights - Single Version,Ellie Goulding,Bright Lights,Best Day Of My Life,12294,dance,0,0.802,0.681,0.127,0.791,3.51,0
5edBgVtRD0fvWk140Sl21T,Counting Stars,OneRepublic,Native,Best Day Of My Life,12294,piano,83,0.705,0.664,0.118,0.477,4.29,0
6Z8R6UsFuGXGtiIxiD8ISb,Safe And Sound,Capital Cities,In A Tidal Wave Of Mystery,Best Day Of My Life,12294,rock,83,0.819,0.655,0.104,0.766,3.21,0
5RGf8qn1TBWVplLyyKUsuV,Blood Sweat & Tears,BTS,Wings,kpop,12295,k-pop,75,0.885,0.584,0.357,0.605,3.62,0
2Kspa0jD2MSkaEdonf4Cnb,We Are Bulletproof Pt.2,BTS,2 Cool 4 Skool,kpop,12295,k-pop,63,0.95,0.753,0.134,0.868,3.76,0
4frlkLwlnm58ejpNwWjxyl,No More Dream,BTS,2 Cool 4 Skool,kpop,12295,k-pop,66,0.864,0.438,0.431,0.594,3.69,0
1HQHuPpr2s2z3VIBTLtUmv,Like,BTS,2 Cool 4 Skool,kpop,12295,k-pop,72,0.723,0.737,0.26,0.783,3.86,0
44gWm1spxejf9cc589qV28,Boy in Luv,BTS,Skool Luv Affair,kpop,12295,k-pop,67,0.947,0.491,0.34,0.474,3.85,0
4ZSLc2F15wKVPjyLt169tt,Just One Day,BTS,Skool Luv Affair,kpop,12295,k-pop,69,0.713,0.685,0.377,0.301,3.99,0
3CYqr8tC0Y3mrw80y6zqJC,Spine Breaker,BTS,Skool Luv Affair,kpop,12295,k-pop,65,0.927,0.679,0.437,0.861,3.98,0
6njl4FfPUwVmoIR1RKLq05,Danger,BTS,Dark & Wild,kpop,12295,k-pop,66,0.868,0.738,0.275,0.377,4.09,0
3D26URfsMlCNaa51mj9jOt,War of Hormone,BTS,Dark & Wild,kpop,12295,k-pop,65,0.993,0.612,0.307,0.488,4.43,0
5tHj7TuWS1h6GDU0Ajcm32,Look Here,BTS,Dark & Wild,kpop,12295,k-pop,63,0.854,0.863,0.0551,0.784,3.65,0
1pePqg6hTMeaTZNNECqT03,Boyz with Fun,BTS,The Most Beautiful Moment in Life Pt.1,kpop,12295,k-pop,65,0.96,0.704,0.383,0.751,4.07,0
4vsikz3bK2s1u7EuWWyErY,Silver Spoon,BTS,The Most Beautiful Moment In Life Pt.2,kpop,12295,k-pop,71,0.879,0.65,0.0483,0.536,3.89,0
62c60jSWnJWI4EImxeNeSW,Intro: Boy Meets Evil,BTS,Wings,kpop,12295,k-pop,64,0.89,0.573,0.132,0.242,2.03,0
6KQSeSPqBa15gMWLO1fdkk,Begin,BTS,Wings,kpop,12295,k-pop,66,0.842,0.566,0.141,0.308,3.83,0
2cn8rNlgnQOJoqWqXRvWQu,Lie,BTS,Wings,kpop,12295,k-pop,70,0.779,0.541,0.177,0.501,3.6,0
626lrZfNIlthgrUfjvRYrh,Stigma,BTS,Wings,kpop,12295,k-pop,67,0.475,0.566,0.139,0.335,3.6,0
6RioKpKPuG1vuyU0wnlAZx,21st Century Girl,BTS,Wings,kpop,12295,k-pop,65,0.906,0.716,0.0547,0.763,3.21,0
0ma7lbs8BsVIv2kSaqOsDI,2! 3!,BTS,Wings,kpop,12295,k-pop,64,0.928,0.442,0.1,0.601,4.54,0
5N8nNuTmIzkZOfcxXlygUw,Ginza,J Balvin,Energía,Urban,12296,latin,0,0.815,0.749,0.0838,0.866,2.85,0
6qDF4wWL49CAVbgT7yuHl8,Sigo Extrañándote,J Balvin,Energía,Urban,12296,latin,0,0.859,0.896,0.212,0.938,3.35,0
3AEZUABDXNtecAOSC1qTfo,Reggaetón Lento (Bailemos),CNCO,Primera Cita,Urban,12296,reggae,73,0.838,0.761,0.176,0.71,3.71,0
0qYTZCo5Bwh1nsUFGZP3zn,Felices los 4,Maluma,Felices los 4,Urban,12296,latino,74,0.756,0.766,0.349,0.716,3.83,0
6De0lHrwBfPfrhorm9q1Xl,Me Rehúso,Danny Ocean,Me Rehúso,Urban,12296,latino,80,0.804,0.744,0.0494,0.426,3.43,0
0vaf64cpnqM7COUZZkoBig,Electric Feel,MGMT,Oracular Spectacular/Congratulations,jam,12297,alt-rock,77,0.803,0.763,0.348,0.561,3.83,0
2KmEgiY8fQs0G6WNxtzQKr,Baba O'Riley,The Who,Who's Next,jam,12297,blues,76,0.724,0.489,0.287,0.15,5.01,0
62vpWI1CHwFy7tMIcSStl8,No Role Modelz,J. Cole,2014 Forest Hills Drive,jam,12297,hip-hop,88,0.521,0.69,0.0534,0.494,4.88,0
34tFidHrETMAjsiK87WVVW,Dear Prudence,Siouxsie and the Banshees,Hyaena,Loading...,12298,goth,58,0.9,0.426,0.69,0.42,3.8,0
378iszndTZAR4dH8kwsLC6,Cheap Thrills,Sia,This Is Acting,Best Songs Ever,12299,dance,78,0.698,0.628,0.0907,0.732,3.75,0
4E5P1XyAFtrjpiIxkydly4,Replay,Iyaz,Replay,Best Songs Ever,12299,dance,76,0.751,0.706,0.168,0.195,3.04,0
6KIKRz9eSTXdNsGUnomdtW,Straight Outta Compton,N.W.A.,Straight Outta Compton,Best Songs Ever,12299,hardcore,72,0.878,0.834,0.334,0.418,4.31,0
4KRIN62LtUomHmyA1BFyvR,Under and Over It,Five Finger Death Punch,American Capitalist,Best Songs Ever,12299,groove,57,0.996,0.468,0.26,0.094,3.64,0
3aELm5rswNgDDjwvfuqd9O,Jekyll and Hyde,Five Finger Death Punch,Got Your Six,Best Songs Ever,12299,groove,65,0.964,0.537,0.0564,0.712,3.45,0
5v7kaZNsnyByrSJOfO8gKq,Skrt,Kodak Black,Skrt,Best Songs Ever,12299,hip-hop,0,0.352,0.901,0.122,0.199,3.75,0
3ssX20QT5c3nA9wk78V1LQ,Ambitionz Az A Ridah,2Pac,All Eyez On Me,2PAC,12300,funk,79,0.91,0.801,0.0737,0.805,4.64,0
09EwNbGvUyu7BDEYG0cJro,Can't C Me,2Pac,All Eyez On Me,2PAC,12300,funk,70,0.852,0.795,0.39,0.673,5.51,0
62vpWI1CHwFy7tMIcSStl8,No Role Modelz,J. Cole,2014 Forest Hills Drive,hits ,12301,hip-hop,88,0.521,0.69,0.0534,0.494,4.88,0
4Hf7WnR761jpxPr5D46Bcd,Treat You Better,Shawn Mendes,Illuminate,hits ,12301,dance,84,0.819,0.444,0.107,0.747,3.13,0
0egGmGkZ8maYdEYo4RrVsZ,Lemme Freak,Lil Dicky,Professional Rapper,hits ,12301,comedy,56,0.656,0.8,0.354,0.437,4.76,0
7qiZfU4dY1lWllzX7mPBI3,Shape of You,Ed Sheeran,÷,hits ,12301,pop,86,0.652,0.825,0.0931,0.931,3.9,0
3eDk8vNTpDnoso8D2qmYFi,Make You Feel Good,Fetty Wap,Make You Feel Good,hits ,12301,j-dance,44,0.626,0.658,0.682,0.738,2.35,0
7KXjTSCq5nL1LoYtL7XAwS,HUMBLE.,Kendrick Lamar,DAMN.,hits ,12301,hip-hop,84,0.621,0.908,0.0958,0.421,2.95,1
6gBFPUFcJLzWGx4lenP6h2,goosebumps,Travis Scott,Birds In The Trap Sing McKnight,hits ,12301,hip-hop,84,0.728,0.841,0.149,0.43,4.06,0
6HUnnBwYZqcED1eQztxMBN,Solo Dance,Martin Jensen,Solo Dance,hits ,12301,edm,69,0.846,0.746,0.195,0.403,2.92,0
2WMyu5IYgxEuCd6xgFgJrl,Nature Boy,Nat King Cole,The Nat King Cole Story,Classics,12302,jazz,0,0.181,0.266,0.124,0.106,2.89,0
61S0mEfdRtJ62Fc7fPqx0U,Feeling Good,Nina Simone,I Put A Spell On You,Classics,12302,blues,1,0.414,0.428,0.238,0.508,2.9,0
7fQ3PYTYdu208fQ3JEm2U7,Ain't That A Kick In The Head,Dean Martin,"Dean Martin: The Capitol Recordings, Vol. 11 (1960-1961)",Classics,12302,jazz,0,0.252,0.647,0.3,0.72,2.45,0
3K0vmLuRWbIEMiTdzkNImD,"Can't Get Enough Of Your Love, Babe",Barry White,Let The Music Play,Classics,12302,disco,0,0.767,0.733,0.0986,0.787,4.04,0
1FGBkpcEWBmJW3XgWvK8kG,Team,Krewella,Krewella (Hits Japan Special Edition),OKAY,12303,dub,46,0.622,0.622,0.326,0.257,3.11,0
6HUnnBwYZqcED1eQztxMBN,Solo Dance,Martin Jensen,Solo Dance,OKAY,12303,edm,69,0.846,0.746,0.195,0.403,2.92,0
5Nu5Uyoauauy9LFePYL1Z3,Late Night,ODESZA,A Moment Apart,OKAY,12303,chill,59,0.628,0.612,0.193,0.434,3.8,0
0k2GOhqsrxDTAbFFSdNJjT,Temperature,Sean Paul,The Trinity,The Crew,12305,dance,79,0.6,0.951,0.0712,0.822,3.64,0
7fjmYUeonVOEyr0lYOKvMy,I've Got No Strings,Dickie Jones,Pinocchio,Disney,12306,disney,21,0.289,0.51,0.0893,0.874,2.38,0
78mxCo830QRTFaLDRSYcea,The Boatswain's Song - Demo Recording,Oliver Wallace,Peter Pan,Disney,12306,disney,23,0.325,0.688,0.725,0.812,3.11,0
1lOSxJNCLvWm2bYaTcTSmK,"Mother Knows Best - From ""Tangled""/Soundtrack Version",Donna Murphy,Tangled,Disney,12306,disney,66,0.259,0.403,0.0451,0.473,3.17,0
50ssiEHx556vul2XyUbxwU,"Bibbidi-Bobbidi-Boo - From ""Cinderella""",Verna Felton,Disney's Greatest Volume 1,Disney,12306,disney,56,0.525,0.513,0.233,0.887,1.3,0
1eLwSy6kNrNW20avxrCoyu,Miracles From Molecules - From Adventures Thru Inner Space,Disney Studio Chorus,Walt Disney Records The Legacy Collection: Disneyland,Disney,12306,disney,23,0.51,0.317,0.128,0.733,1.62,0
4cE5r8DZTWzwVJenJ0EOzh,A Bug's Life Suite - From A Bugs Land,Randy Newman,Walt Disney Records The Legacy Collection: Disneyland,Disney,12306,disney,24,0.307,0.282,0.336,0.115,4.41,0
2iFF51KTphsLNk3M5ERPYC,The Cleaner - From Toy Story Midway Mania!,Randy Newman,Walt Disney Records The Legacy Collection: Disneyland,Disney,12306,disney,28,0.471,0.427,0.538,0.925,2.17,0
1cktZnxiONH0hR6Q3DKy8h,Drink In My Hand,Eric Church,Chief,Country,12307,country,0,0.913,0.626,0.293,0.946,3.19,0
03fT3OHB9KyMtGMt2zwqCT,Play It Again,Luke Bryan,Crash My Party,Country,12307,country,75,0.886,0.506,0.0734,0.595,3.78,0
0yD66650JxhqKbW76C2qCo,Country Girl (Shake It For Me),Luke Bryan,Tailgates & Tanlines,Country,12307,country,2,0.904,0.644,0.0834,0.672,3.76,0
6a7wXoZOARI8IqEXObjhDz,Pretty Good At Drinkin' Beer,Billy Currington,Enjoy Yourself,Country,12307,country,0,0.678,0.769,0.0939,0.581,3.0,0
0M7mWKqwTIaVjYyxfZmtTa,"Courtesy Of The Red, White And Blue (The Angry American)",Toby Keith,Unleashed,Country,12307,country,0,0.674,0.426,0.0784,0.378,3.26,0
7hKpnp7A7bjiZEyywa5Qn4,Girl Crush,Little Big Town,Pain Killer,Country,12307,country,70,0.225,0.5,0.112,0.355,3.22,0
5pD1qwHvnKFcQ2qjwsoKYF,Day Drinking,Little Big Town,Pain Killer,Country,12307,country,0,0.959,0.591,0.779,0.86,2.98,0
0El2Zyt68nYySFDG87hZgM,Sun Daze,Florida Georgia Line,Anything Goes,Country,12307,country,0,0.944,0.484,0.471,0.839,3.08,0
6aNwDe5YH5YUPlpHkku52w,Sunshine & Whiskey,Frankie Ballard,Sunshine & Whiskey,Country,12307,country,0,0.737,0.67,0.325,0.753,3.04,0
5kNe7PE09d6Kvw5pAsx23n,Die A Happy Man,Thomas Rhett,Tangled Up,Country,12307,country,1,0.389,0.59,0.117,0.389,3.79,0
68pbfPO23QQUl2pxlthi6Q,Pass Slowly,Seether,Holding Onto Strings Better Left To Fray,good,12308,grunge,46,0.702,0.451,0.172,0.24,3.46,0
36mpvWClmHsLxViFLpMzbP,Comfortably Numb,Pink Floyd,Live At Knebworth 1990,good,12308,psych-rock,74,0.366,0.472,0.0837,0.171,8.95,0
4eTIe5eqds88bA9ua6p5p6,Fine Again,Seether,Disclaimer,good,12308,grunge,66,0.855,0.442,0.273,0.363,4.06,0
4dZ4iHhsqQAQ4em4abLB6C,Rise Above This,Seether,Finding Beauty In Negative Spaces,good,12308,grunge,59,0.83,0.533,0.0801,0.249,3.4,0
1ng36571Iyov4HBxUClySn,Pepper,Butthole Surfers,Electriclarryland,good,12308,psych-rock,64,0.804,0.631,0.16,0.671,4.95,0
0p7HrbUcy8fl7MaImwevxP,Epiphany,Staind,Break The Cycle,good,12308,alt-rock,0,0.487,0.559,0.129,0.145,4.27,0
5Uk1Q0aa8xZgnhQgNDfyo6,Scream With Me,Mudvayne,Playlist: The Very Best Of Mudvayne,good,12308,groove,61,0.867,0.262,0.0858,0.485,2.86,0
5ghIJDpPoe3CfHMGu71E6T,Smells Like Teen Spirit,Nirvana,Nevermind,good,12308,alt-rock,83,0.912,0.502,0.106,0.72,5.03,0
4P5KoWXOxwuobLmHXLMobV,Come As You Are,Nirvana,Nevermind,good,12308,alt-rock,79,0.824,0.5,0.0916,0.539,3.65,0
0EYOdF5FCkgOJJla8DI2Md,B.Y.O.B.,System Of A Down,Mezmerize,good,12308,alternative,77,0.981,0.538,0.219,0.711,4.26,0
0aYQsp1vZZcX0JBEJvKF7N,Words As Weapons,Seether,Isolate And Medicate,good,12308,grunge,50,0.901,0.592,0.0514,0.62,4.0,0
3bq8WiQrEXMwPAibYs7tpu,Nobody Praying For Me,Seether,Isolate And Medicate,good,12308,grunge,64,0.916,0.541,0.0967,0.627,3.3,0
586rOcAzOHkpJTA4POqO2c,Right Where It Belongs,Nine Inch Nails,With Teeth,good,12308,industrial,42,0.362,0.458,0.118,0.223,5.08,0
4UJmPSJsBsIR1U0N79BU1g,Lake Of Fire,Nirvana,MTV Unplugged In New York,good,12308,grunge,68,0.618,0.541,0.413,0.68,2.93,0
5TpPSTItCwtZ8Sltr3vdzm,Last Night on Earth,Green Day,21st Century Breakdown,good,12308,punk,41,0.486,0.556,0.164,0.243,3.94,0
15VRO9CQwMpbqUYA7e6Hwg,The Man Who Sold The World,Nirvana,MTV Unplugged In New York,good,12308,alt-rock,76,0.753,0.483,0.257,0.42,4.35,0
0eKCfj7xCuJNoYrLlSJe59,"Touch, Peel And Stand",Days Of The New,Days Of The New,good,12308,grunge,32,0.622,0.568,0.301,0.833,4.95,0
7KXjTSCq5nL1LoYtL7XAwS,HUMBLE.,Kendrick Lamar,DAMN.,rap it up,12309,hip-hop,84,0.621,0.908,0.0958,0.421,2.95,1
3Q3myFA7q4Op95DOpHplaY,do re mi,blackbear,digital druglord,rap it up,12309,electro,73,0.593,0.745,0.123,0.17,3.53,0
7floNISpH8VF4z4459Qo18,Look At Me!,XXXTENTACION,Look At Me!,rap it up,12309,emo,82,0.726,0.763,0.0976,0.349,2.11,0
6sDQ4uiWw9OdVrCXFLSlZt,Rap God,Eminem,The Marshall Mathers LP2,rap it up,12309,hip-hop,78,0.843,0.708,0.799,0.625,6.06,1
4tXA1TUmKvz7CbUT9LUHDx,X Gon' Give It To Ya,DMX,The Definition Of X: Pick Of The Litter,rap it up,12309,hardcore,74,0.899,0.761,0.0719,0.673,3.63,1
4hEl2wrneFEJbJ6SDYWd2f,Not Afraid,Eminem,Recovery,rap it up,12309,hip-hop,81,0.954,0.855,0.205,0.668,4.14,1
5EWPGh7jbTNO2wakv8LjUI,Free Bird,Lynyrd Skynyrd,Pronounced' Leh-'Nerd 'Skin-'Nerd,1977,12310,blues,77,0.834,0.249,0.0924,0.338,9.12,0
5SZ6zX4rOrEQferfFC2MfP,Walk This Way,Aerosmith,Toys In The Attic,1977,12310,hard-rock,75,0.73,0.653,0.0754,0.894,3.67,0
3e0FzZjTXOUtiJGSClOBrI,Fly Like An Eagle,Steve Miller Band,Fly Like An Eagle,1977,12310,psych-rock,67,0.754,0.561,0.328,0.642,4.71,0
4DMKwE2E2iYDKY01C335Uw,Carry on Wayward Son,Kansas,Leftoverture,1977,12310,hard-rock,76,0.786,0.482,0.446,0.793,5.38,0
0QnjeIN25VdTuwykISJIlJ,The Things We Do For Love,10cc,Deceptive Bends,1977,12310,blues,0,0.557,0.437,0.248,0.683,3.49,0
4KfSdst7rW39C0sfhArdrz,Barracuda,Heart,Little Queen,1977,12310,hard-rock,74,0.691,0.548,0.144,0.667,4.37,0
5ndtpy2ZOGeKUCuZknmbL0,Just a Song Before I Go,"Crosby, Stills & Nash",Replay,1977,12310,blues,62,0.233,0.671,0.12,0.486,2.19,0
6IE47jpPeatF2Iay7GZtEc,Feel It All Around,Washed Out,Life Of Leisure,zzzz,12311,synth-pop,63,0.737,0.34,0.0699,0.499,3.2,0
4i13Vno2UPtn6kp2Ge9N2J,New Theory,Washed Out,Life Of Leisure,zzzz,12311,synth-pop,53,0.865,0.549,0.147,0.355,2.81,0
6iBaw0T7b3pTmMH1eMrul0,Bad Girls,M.I.A.,Matangi,zzzz,12311,indie-pop,76,0.912,0.639,0.097,0.343,3.79,0
1kusepF3AacIEtUTYrw4GV,Paper Planes,M.I.A.,Kala,zzzz,12311,indie-pop,77,0.848,0.447,0.65,0.485,3.4,0
1eyzqe2QqGZUmfcPZtrIyt,Midnight City,M83,"Hurry Up, We're Dreaming",zzzz,12311,french,76,0.729,0.507,0.0658,0.272,4.02,0
2Y5AkPcCKN01ck6xDtOnoJ,24 Hours,Sky Ferreira,"Night Time, My Time",zzzz,12311,synth-pop,46,0.873,0.519,0.276,0.241,4.07,0
4Xtlw8oXkIOvzV7crUBKeZ,Rompe,Daddy Yankee,Barrio Fino En Directo,zzzz,12311,latino,74,0.858,0.696,0.0631,0.533,3.14,0
25khomWgBVamSdKw7hzm3l,The Hills,The Weeknd,Beauty Behind The Madness,zzzz,12311,pop,3,0.551,0.565,0.139,0.125,4.04,0
6ooluO7DiEhI1zmK94nRCM,Take Me Out,Franz Ferdinand,Franz Ferdinand,zzzz,12311,alt-rock,79,0.663,0.277,0.136,0.527,3.95,0
2d8JP84HNLKhmd6IYOoupQ,Trap Queen,Fetty Wap,Fetty Wap,zzzz,12311,j-dance,74,0.873,0.746,0.354,0.817,3.7,0
1cOyWWUr3oXJIxY0AjJEx9,YOUTH,Troye Sivan,Blue Neighbourhood,vibes ,12312,dance,72,0.737,0.628,0.0777,0.592,3.09,0
6r7FXNO57mlZCBY6PXcZZT,Five Hours,Deorro,Five Hours,vibes ,12312,progressive-house,61,0.821,0.88,0.234,0.575,5.45,0
1mia2jUSO5ea1Pe7xmsLV0,Indian Summer,Jai Wolf,Indian Summer,vibes ,12312,edm,58,0.825,0.435,0.0845,0.0425,4.14,0
46lFttIf5hnUZMGvjK0Wxo,Runaway (U & I),Galantis,Pharmacy,vibes ,12312,edm,75,0.805,0.506,0.0856,0.383,3.78,0
7oK9VyNzrYvRFo7nQEYkWN,Mr. Brightside,The Killers,Hot Fuss,random songs,12313,alt-rock,2,0.931,0.344,0.0903,0.251,3.71,0
5qqabIl2vWzo9ApSC317sa,Wonderwall - Remastered,Oasis,(What's The Story) Morning Glory? [Remastered],random songs,12313,rock,78,0.896,0.378,0.194,0.469,4.31,0
7j31rVgGX9Q2blT92VBEA0,Teenagers,My Chemical Romance,The Black Parade,random songs,12313,emo,2,0.858,0.459,0.184,0.855,2.7,0
3UwT4FadEGWyMdaSwYcUBY,This Town,Niall Horan,Flicker,random songs,12313,dance,80,0.401,0.677,0.116,0.195,3.88,0
6ihL9TjfRjadfEePzXXyVF,Gives You Hell,The All-American Rejects,When The World Comes Down,random songs,12313,punk-rock,0,0.675,0.725,0.0537,0.595,3.55,0
2l57cfmCnOkwNX1tky02n1,Move Along,The All-American Rejects,Move Along,random songs,12313,punk-rock,61,0.92,0.526,0.371,0.615,3.98,0
7wMq5n8mYSKlQIGECKUgTX,Hall of Fame,The Script,#3 Deluxe Version,random songs,12313,rock,60,0.872,0.511,0.0975,0.511,3.38,0
3354J49VpkbZJho7Ztdzpw,Jumper - 1998 Edit,Third Eye Blind,Third Eye Blind,random songs,12313,grunge,67,0.543,0.599,0.291,0.624,4.55,0
1yFiaFeSLpw4nDYTeErRZ6,Leave Out All The Rest,Linkin Park,Minutes To Midnight,random songs,12313,alternative,55,0.637,0.514,0.389,0.18,3.49,0
7GJClzimvMSghjcrKxuf1M,Budapest,George Ezra,Wanted On Voyage,random songs,12313,folk,79,0.455,0.717,0.11,0.389,3.35,0
3XVBdLihbNbxUwZosxcGuJ,If I Ain't Got You,Alicia Keys,The Diary Of Alicia Keys,random songs,12313,soul,80,0.444,0.609,0.104,0.166,3.81,0
0JEqGkvUiMTQmFY6sgL9kg,No One,Alicia Keys,As I Am,random songs,12313,soul,78,0.549,0.644,0.134,0.167,4.23,0
7HGTkn2aX7MNdKs7nV2xBt,Somebody Told Me,The Killers,Hot Fuss,random songs,12313,alt-rock,0,0.981,0.508,0.0555,0.746,3.29,0
7qiZfU4dY1lWllzX7mPBI3,Shape of You,Ed Sheeran,÷,random songs,12313,pop,86,0.652,0.825,0.0931,0.931,3.9,0
4Hf7WnR761jpxPr5D46Bcd,Treat You Better,Shawn Mendes,Illuminate,random songs,12313,dance,84,0.819,0.444,0.107,0.747,3.13,0
12qZHAeOyTf93YAWvGDTat,All The Small Things,blink-182,Enema Of The State,random songs,12313,punk-rock,2,0.9,0.442,0.395,0.609,2.8,0
2GiJYvgVaD2HtM8GqD9EgQ,Electric Love,BØRNS,Dopamine,random songs,12313,rock,82,0.797,0.611,0.26,0.518,3.64,0
2TfSHkHiFO4gRztVIkggkE,"Sugar, We're Goin Down",Fall Out Boy,From Under The Cork Tree,random songs,12313,emo,2,0.887,0.5,0.114,0.631,3.82,0
1N62wozuHCvczCkY4QidpP,Over My Head (Cable Car),The Fray,How To Save A Life,random songs,12313,piano,70,0.729,0.592,0.0653,0.709,3.94,0
78WVLOP9pN0G3gRLFy1rAa,Piano Man,Billy Joel,Piano Man,random songs,12313,folk,77,0.55,0.331,0.192,0.429,5.6,0
4iLqG9SeJSnt0cSPICSjxv,Attention,Charlie Puth,Attention,random songs,12313,dance,83,0.613,0.775,0.134,0.797,3.52,0
42et6fnHCw1HIPSrdPprMl,Semi-Charmed Life,Third Eye Blind,Third Eye Blind,random songs,12313,grunge,75,0.864,0.64,0.123,0.701,4.47,0
0J69x3mqm7U6tBPKsjpsWR,"Dear Maria, Count Me In",All Time Low,"So Wrong, It's Right",random songs,12313,punk-rock,77,0.895,0.459,0.206,0.572,3.05,0
2nLtzopw4rPReszdYBJU6h,Numb,Linkin Park,Meteora,random songs,12313,alternative,83,0.863,0.496,0.639,0.243,3.09,0
4bPQs0PHn4xbipzdPfn6du,I Write Sins Not Tragedies,Panic! At The Disco,A Fever You Can't Sweat Out,random songs,12313,rock,3,0.792,0.565,0.114,0.639,3.13,0
3omXshBamrREltcf24gYDC,First,Cold War Kids,Hold My Home,random songs,12313,blues,67,0.692,0.468,0.523,0.561,3.34,0
6mORGLOz79w6VsCRLWYYuK,The Night We Met,Lord Huron,Strange Trails,random songs,12313,folk,83,0.369,0.544,0.639,0.102,3.47,0
79cuOz3SPQTuFrp8WgftAu,There's Nothing Holdin' Me Back,Shawn Mendes,Illuminate,random songs,12313,dance,86,0.813,0.866,0.0779,0.969,3.32,0
7m9OqQk4RVRkw9JJdeAw96,Jocelyn Flores,XXXTENTACION,17,random songs,12313,emo,84,0.391,0.872,0.297,0.437,1.99,0
7j2Bmzpnf6RwEWEQ2sv8Ho,House of Wolves,My Chemical Romance,The Black Parade,Summer 2016,12314,emo,64,0.977,0.445,0.126,0.239,3.07,0
6i0V12jOa3mr6uu4WYhUBr,Heathens,Twenty One Pilots,Heathens,Summer 2016,12314,rock,81,0.396,0.732,0.105,0.548,3.27,0
4JuJZzGcswQszYiKJSnC6i,I'll Be Good,Jaymes Young,Feel Something,Chill,12316,rock,0,0.277,0.393,0.0966,0.123,4.12,0
37OtwesVCia1VBdVaxw2ht,Heaven Knows,Five For Fighting,Bookmarks,Chill,12316,acoustic,62,0.845,0.6,0.24,0.392,3.51,0
7GJClzimvMSghjcrKxuf1M,Budapest,George Ezra,Wanted On Voyage,Chill,12316,folk,79,0.455,0.717,0.11,0.389,3.35,0
6mORGLOz79w6VsCRLWYYuK,The Night We Met,Lord Huron,Strange Trails,Chill,12316,folk,83,0.369,0.544,0.639,0.102,3.47,0
1ZyMdpNyiw4VYsbmHFgzEp,Silhouette,Aquilo,Silhouettes,Chill,12316,folk,62,0.414,0.234,0.0391,0.144,3.84,0
4iLqG9SeJSnt0cSPICSjxv,Attention,Charlie Puth,Attention,Chill,12316,dance,83,0.613,0.775,0.134,0.797,3.52,0
7mldq42yDuxiUNn08nvzHO,Body Like A Back Road,Sam Hunt,Body Like A Back Road,Summer 17,12317,country,0,0.458,0.732,0.136,0.661,2.76,0
7KXjTSCq5nL1LoYtL7XAwS,HUMBLE.,Kendrick Lamar,DAMN.,Summer 17,12317,hip-hop,84,0.621,0.908,0.0958,0.421,2.95,1
0VgkVdmE4gld66l8iyGjgx,Mask Off,Future,FUTURE,Summer 17,12317,hip-hop,83,0.434,0.833,0.165,0.281,3.41,0
4OhkKmvhjl3yk7JF422GWB,Still Not a Player (Remix) - Radio Version,Big Pun,Capital Punishment,Summer 17,12317,hardcore,40,0.574,0.9,0.0857,0.881,3.95,0
7fQ3PYTYdu208fQ3JEm2U7,Ain't That A Kick In The Head,Dean Martin,"Dean Martin: The Capitol Recordings, Vol. 11 (1960-1961)",Cocktail Hour,12318,jazz,0,0.252,0.647,0.3,0.72,2.45,0
15twB7zTglmu0Bg8gW4Mrm,Stubborn Love,The Lumineers,The Lumineers,Cocktail Hour,12318,folk,68,0.544,0.596,0.262,0.262,4.62,0
1FGvbfMafLBdymgrtGAZYh,Stand By Me,Florence + The Machine,Songs From Final Fantasy XV,Cocktail Hour,12318,alternative,3,0.335,0.598,0.194,0.245,4.1,0
3QEkTxcsLUPfE33cRZ4y2K,Let's Stay Together,Al Green,Let's Stay Together,Cocktail Hour,12318,blues,31,0.401,0.756,0.0541,0.52,3.32,0
4BGJSbB5rAcg4pNzD4gfxU,Tiny Dancer,Elton John,Madman Across The Water,pilates,12319,piano,78,0.428,0.414,0.148,0.282,6.28,0
6pyzBTIjcO2AMkKE6x2Otb,Stayin' Alive,Bee Gees,Greatest,pilates,12319,disco,77,0.535,0.707,0.0884,0.641,4.76,0
1fDsrQ23eTAVFElUMaf38X,American Pie,Don McLean,American Pie,pilates,12319,folk,0,0.563,0.461,0.302,0.477,8.61,0
1xOXXYh6lTW8laxlW7JP2J,Only the Good Die Young,Billy Joel,The Stranger (30th Anniversary Legacy Edition),pilates,12319,piano,68,0.872,0.579,0.0935,0.761,3.93,0
3G7tRC24Uh09Hmp1KZ7LQ2,I'm a Believer,The Monkees,More Of The Monkees (Deluxe Edition),pilates,12319,psych-rock,57,0.772,0.502,0.199,0.935,2.79,0
4Z1fbYp0HuxLBje4MOZcSD,Twist And Shout - Remastered 2009,The Beatles,Please Please Me,pilates,12319,british,75,0.849,0.482,0.0414,0.937,2.59,0
1L70BbUDG0C4EJQ1ZF10sG,The Wind,Yusuf / Cat Stevens,Teaser And The Firecat,pilates,12319,british,44,0.181,0.756,0.128,0.819,1.7,0
2WfaOiMkCvy7F5fcp2zZ8L,Take On Me,a-ha,Hunting High And Low,pilates,12319,synth-pop,0,0.931,0.524,0.0588,0.811,3.75,0
0COqiPhxzoWICwFCS4eZcp,Bring Me To Life,Evanescence,Fallen,wake me up,12320,alternative,0,0.943,0.318,0.242,0.298,3.93,0
2Kgjd9G808FhUDRhS2gidG,Cecilia And The Satellite,Andrew McMahon in the Wilderness,Andrew McMahon In The Wilderness,What,12322,piano,61,0.844,0.381,0.318,0.239,3.73,0
3rq5w4bQGigXOfdN30ATJt,Do I Wanna Know?,Arctic Monkeys,AM,What,12322,garage,88,0.532,0.548,0.217,0.405,4.54,0
1QEEqeFIZktqIpPI4jSVSF,More Than a Feeling,Boston,Boston,What,12322,country,79,0.681,0.377,0.0504,0.285,4.75,0
3PvzvltQZLIKk9YgoMP3Yq,The Mother We Share,CHVRCHES,The Bones Of What You Believe,What,12322,synth-pop,51,0.722,0.462,0.127,0.327,3.17,0
3omXshBamrREltcf24gYDC,First,Cold War Kids,Hold My Home,What,12322,blues,67,0.692,0.468,0.523,0.561,3.34,0
7s0lDK7y3XLmI7tcsRAbW0,My Songs Know What You Did In The Dark (Light Em Up),Fall Out Boy,Save Rock And Roll,What,12322,emo,0,0.924,0.557,0.537,0.566,3.11,0
7j56HrjR9cGzvekvZY3Faz,HandClap,Fitz and The Tantrums,Fitz and The Tantrums,What,12322,alt-rock,0,0.836,0.634,0.0828,0.715,3.22,0
27L8sESb3KR79asDUBu8nW,Stacy's Mom,Fountains Of Wayne,Welcome Interstate Managers,What,12322,alt-rock,76,0.75,0.774,0.0808,0.927,3.3,0
6Xs7OKt6i0Ddq8B4M5Dgvr,New Americana,Halsey,BADLANDS,What,12322,electro,65,0.707,0.339,0.337,0.359,3.06,0
2Tjlq3aGhg3dIZFvSfsnyc,From Eden,Hozier,Hozier,What,12322,singer-songwriter,63,0.676,0.395,0.117,0.315,4.72,0
1SKPmfSYaPsETbRHaiA18G,Somewhere Only We Know,Keane,Hopes And Fears,What,12322,piano,85,0.665,0.448,0.0828,0.304,3.95,0
2kWowW0k4oFymhkr7LmvzO,Come with Me Now,KONGOS,Lunatic,What,12322,blues,67,0.726,0.654,0.0618,0.728,3.53,0
1eyzqe2QqGZUmfcPZtrIyt,Midnight City,M83,"Hurry Up, We're Dreaming",What,12322,french,76,0.729,0.507,0.0658,0.272,4.02,0
1Zqy9bervYUomy12Pbm3rP,Time to Pretend,MGMT,Oracular Spectacular/Congratulations,What,12322,alt-rock,72,0.94,0.438,0.3,0.421,4.35,0
0vaf64cpnqM7COUZZkoBig,Electric Feel,MGMT,Oracular Spectacular/Congratulations,What,12322,alt-rock,77,0.803,0.763,0.348,0.561,3.83,0
2ihCaVdNZmnHZWt0fvAM7B,Little Talks,Of Monsters and Men,My Head Is An Animal,What,12322,folk,0,0.76,0.446,0.319,0.346,4.44,0
5Zc3XI1rq7opdZUwFUdKCj,If I Lose Myself,OneRepublic,Native,What,12322,piano,61,0.688,0.491,0.111,0.279,4.03,0
6SpLc7EXZIPpy0sVko0aoU,Misery Business,Paramore,RIOT!,What,12322,emo,1,0.906,0.513,0.113,0.73,3.53,0
5HNCy40Ni5BZJFw1TKzRsC,Comfortably Numb,Pink Floyd,The Wall,What,12322,psych-rock,74,0.366,0.472,0.0837,0.171,6.37,0
3ZOEytgrvLwQaqXreDs2Jx,Can't Stop,Red Hot Chili Peppers,By The Way,What,12322,alt-rock,82,0.938,0.618,0.167,0.875,4.48,0
64BbK9SFKH2jk86U3dGj2P,Otherside,Red Hot Chili Peppers,Californication,What,12322,alt-rock,80,0.795,0.458,0.0756,0.513,4.26,0
10Nmj3JCNoMeBQ87uw5j8k,Dani California,Red Hot Chili Peppers,Stadium Arcadium,What,12322,alt-rock,78,0.913,0.556,0.346,0.73,4.72,0
0aersVHlGGXcHeRvHtuaSt,Dancing On Glass,St. Lucia,Matter,What,12322,synth-pop,55,0.945,0.564,0.359,0.399,4.11,0
3IyCL4Em1GOpNGDf451Hg1,Could Have Been Me,The Struts,Everybody Wants,What,12322,alt-rock,71,0.907,0.541,0.34,0.434,3.13,0
2Z2vOukzwOgqR4dkymRSWd,Santeria,Sublime,Sublime,What,12322,punk,1,0.751,0.665,0.121,0.58,3.04,0
5nkYHBWXu7KCgcdwP6jcB1,What I Got,Sublime,Sublime,What,12322,punk,1,0.693,0.804,0.314,0.654,2.85,0
4EnkwZd0UJAuHpNMMemQaA,Closing Time,Semisonic,Feeling Strangely Fine,What,12322,alt-rock,0,0.854,0.478,0.115,0.274,4.56,0
5wQnmLuC1W7ATsArWACrgW,Welcome to the Black Parade,My Chemical Romance,The Black Parade,What,12322,emo,79,0.905,0.217,0.222,0.236,5.19,0
7zJg7aNCvTKW9EtG1Dvzkl,Fix My Eyes,for KING & COUNTRY,RUN WILD. LIVE FREE. LOVE STRONG. (Deluxe Anniversary Edition),What,12322,world-music,57,0.739,0.587,0.049,0.549,3.6,0
5WBnKCEsPwsvWHUZmLjS3s,Alive,Empire of the Sun,Ice On The Dune,Alive,12323,alt-rock,65,0.882,0.524,0.071,0.399,3.41,0
6Z8R6UsFuGXGtiIxiD8ISb,Safe And Sound,Capital Cities,In A Tidal Wave Of Mystery,Alive,12323,rock,83,0.819,0.655,0.104,0.766,3.21,0
3iVAyrTlbWGBq0laeQ18z2,Walking On A Dream,Empire of the Sun,Walking On A Dream,Alive,12323,alt-rock,79,0.701,0.871,0.0589,0.716,3.31,0
5edBgVtRD0fvWk140Sl21T,Counting Stars,OneRepublic,Native,Alive,12323,piano,83,0.705,0.664,0.118,0.477,4.29,0
7s0lDK7y3XLmI7tcsRAbW0,My Songs Know What You Did In The Dark (Light Em Up),Fall Out Boy,Save Rock And Roll,Alive,12323,emo,0,0.924,0.557,0.537,0.566,3.11,0
4W38RXuQNuoTSwVsQA1OGC,Nothin' Like You,Dan + Shay,Where It All Began,country,12324,country,0,0.704,0.586,0.067,0.442,3.1,0
03fT3OHB9KyMtGMt2zwqCT,Play It Again,Luke Bryan,Crash My Party,country,12324,country,75,0.886,0.506,0.0734,0.595,3.78,0
0yD66650JxhqKbW76C2qCo,Country Girl (Shake It For Me),Luke Bryan,Tailgates & Tanlines,country,12324,country,2,0.904,0.644,0.0834,0.672,3.76,0
75p6fgACKYIyIhsoG411SZ,Hey Pretty Girl,Kip Moore,Up All Night,country,12324,country,0,0.373,0.431,0.259,0.0884,3.6,0
7f08qp3HROTkfrtNpiYGGo,Dirt On My Boots,Jon Pardi,California Sunrise,country,12324,country,0,0.796,0.683,0.197,0.533,3.36,0
6ZOPiKQeibCn7fP8dncucL,Blue Ain't Your Color,Keith Urban,Ripcord,country,12324,country,53,0.416,0.69,0.102,0.479,3.84,0
0BCy325UZyR9z0t0uxwn2N,H.O.L.Y.,Florida Georgia Line,Dig Your Roots,country,12324,country,71,0.666,0.523,0.0728,0.564,3.24,0
1XazlqB4YAtvouCmJPWXlM,Wanna Be That Song,Brett Eldredge,Illinois,country,12324,country,0,0.686,0.518,0.114,0.337,3.94,0
5kNe7PE09d6Kvw5pAsx23n,Die A Happy Man,Thomas Rhett,Tangled Up,country,12324,country,1,0.389,0.59,0.117,0.389,3.79,0
3duP6mBVDsHM8ioN7o7dAK,Boondocks,Little Big Town,The Road To Here,country,12324,country,0,0.78,0.406,0.474,0.687,4.54,0
3QvOV1QYPPre7gjppKyeON,Pickup Man,Joe Diffie,Greatest Hits,country,12324,country,46,0.745,0.712,0.346,0.843,3.61,0
63thx7OANplv4I4BQsanHk,You Should Be Here,Cole Swindell,You Should Be Here,country,12324,country,0,0.641,0.491,0.0857,0.299,3.17,0
0s6OWiWGuiCcm1Muzch5A8,Fix a Drink,Chris Janson,EVERYBODY,country,12324,country,0,0.887,0.561,0.352,0.792,3.15,0
4n0xztUAbHPUV8G3NQvF30,How Not To,Dan + Shay,Obsessed,country,12324,country,0,0.836,0.501,0.152,0.617,3.2,0
7mldq42yDuxiUNn08nvzHO,Body Like A Back Road,Sam Hunt,Body Like A Back Road,country,12324,country,0,0.458,0.732,0.136,0.661,2.76,0
3AsNVBJ7LHsltdu9490ZiS,A Girl Like You,Easton Corbin,A Girl Like You,country,12324,country,0,0.768,0.733,0.0643,0.83,3.63,0
3koCCeSaVUyrRo3N2gHrd8,Let's Groove,"Earth, Wind & Fire",Raise!,Wedding playlist,12326,disco,79,0.648,0.869,0.126,0.9,5.66,0
3pfXxHoydFRfD7IBGJTQAN,Pony,Ginuwine,R&B: From Doo-Wop To Hip-Hop,Wedding playlist,12326,soul,73,0.605,0.749,0.115,0.966,4.2,0
1OsCKwNZxph96EkNusILRy,Get Down On It - Single Version,Kool & The Gang,The Very Best Of Kool & The Gang,Wedding playlist,12326,disco,1,0.627,0.879,0.056,0.968,3.55,0
5H6Jp0syB5yEPk7SWYdlmk,The Wind Cries Mary,Jimi Hendrix,Are You Experienced,big sur,12327,psych-rock,63,0.495,0.499,0.2,0.339,3.35,0
34tFidHrETMAjsiK87WVVW,Dear Prudence,Siouxsie and the Banshees,Hyaena,big sur,12327,goth,58,0.9,0.426,0.69,0.42,3.8,0
1sEkQDvj0SurW8OUbQ8W3H,"Some Time Alone, Alone",Melody's Echo Chamber,Melody's Echo Chamber,big sur,12327,psych-rock,45,0.958,0.444,0.323,0.551,3.77,0
7vFv0yFGMJW3qVXbAd9BK9,Your Body Is a Wonderland,John Mayer,Room For Squares,Banana Pancakes,12328,singer-songwriter,74,0.729,0.647,0.134,0.687,4.16,0
5imShWWzwqfAJ9gXFpGAQh,Waiting On the World to Change,John Mayer,Continuum,Banana Pancakes,12328,singer-songwriter,73,0.756,0.578,0.249,0.663,3.35,0
5FPnjikbwlDMULCCCa6ZCJ,Daughters,John Mayer,Heavier Things,Banana Pancakes,12328,singer-songwriter,67,0.413,0.674,0.098,0.503,3.97,0
4gs07VlJST4bdxGbBsXVue,Heartbreak Warfare,John Mayer,Battle Studies,Banana Pancakes,12328,singer-songwriter,65,0.554,0.624,0.299,0.311,4.5,0
78DwRIo6Vj6wqteyerGetr,The Heart of Life,John Mayer,Continuum,Banana Pancakes,12328,singer-songwriter,63,0.238,0.495,0.0875,0.357,3.3,0
5fVZC9GiM4e8vu99W0Xf6J,How to Save a Life,The Fray,How To Save A Life,Banana Pancakes,12328,piano,80,0.743,0.64,0.101,0.361,4.38,0
1N62wozuHCvczCkY4QidpP,Over My Head (Cable Car),The Fray,How To Save A Life,Banana Pancakes,12328,piano,70,0.729,0.592,0.0653,0.709,3.94,0
7GJClzimvMSghjcrKxuf1M,Budapest,George Ezra,Wanted On Voyage,Banana Pancakes,12328,folk,79,0.455,0.717,0.11,0.389,3.35,0
1yJZwBqTyGTB7mz8nZyiel,Barcelona,George Ezra,Wanted On Voyage,Banana Pancakes,12328,folk,67,0.572,0.629,0.109,0.182,3.15,0
35Vv4i6x7P3IyMug7CA3Lj,Future Looks Good,OneRepublic,Oh My My,Banana Pancakes,12328,piano,54,0.548,0.33,0.12,0.559,3.51,0
7FQgwxkgClQLTwEilUlscr,Fingertips,OneRepublic,Oh My My,Banana Pancakes,12328,piano,48,0.281,0.357,0.0927,0.0507,4.26,0
5Q2FRR0WIx3ihYo0ShHRbp,What You Wanted,OneRepublic,Native,Banana Pancakes,12328,piano,38,0.843,0.553,0.108,0.219,4.02,0
5COPw6K4B6PPpeUXIE2Ry5,Feel Again,OneRepublic,Native,Banana Pancakes,12328,piano,59,0.815,0.467,0.118,0.335,3.08,0
5EQ9yEra0SzVd673ZfKT4C,Brand New,Ben Rector,Brand New,Banana Pancakes,12328,acoustic,65,0.934,0.555,0.122,0.422,4.07,0
15twB7zTglmu0Bg8gW4Mrm,Stubborn Love,The Lumineers,The Lumineers,Banana Pancakes,12328,folk,68,0.544,0.596,0.262,0.262,4.62,0
7BVwi9cIzSc6tpyxsp47vJ,Mess Is Mine,Vance Joy,Dream Your Life Away,Banana Pancakes,12328,folk,64,0.723,0.595,0.0995,0.272,3.73,0
6ZYS6QQxTLsQ6IFXdVx1r4,Ophelia,The Lumineers,Cleopatra,Banana Pancakes,12328,folk,79,0.573,0.664,0.0857,0.566,2.67,0
2d9totnSVmmczPtHFl8Ys6,Sleep On The Floor,The Lumineers,Cleopatra,Banana Pancakes,12328,folk,70,0.431,0.389,0.13,0.275,3.53,0
3pLTOP0G0etiWUknFoRpsr,The Cave,Mumford & Sons,Sigh No More,Banana Pancakes,12328,folk,62,0.499,0.592,0.113,0.346,3.63,0
3ZMv9EzGoteNi5Qnx0KpEO,Skinny Love,Bon Iver,"For Emma, Forever Ago",Banana Pancakes,12328,folk,73,0.263,0.592,0.127,0.109,3.87,0
5g7rJvWYVrloJZwKiShqlS,Dirty Paws,Of Monsters and Men,My Head Is An Animal,Banana Pancakes,12328,folk,70,0.649,0.359,0.0555,0.133,4.64,0
5WObuDOxPHlQaoYUf2W4lh,Flowers In Your Hair,The Lumineers,The Lumineers,Banana Pancakes,12328,folk,64,0.609,0.676,0.209,0.557,1.84,0
7BjrIfovz8y9dTtazrh1iY,Ends of the Earth,Lord Huron,Lonesome Dreams,Banana Pancakes,12328,folk,69,0.584,0.555,0.254,0.41,4.74,0
2Zgnaip1c876zmBhz9HifI,Blame It on Me,George Ezra,Wanted On Voyage,Banana Pancakes,12328,singer-songwriter,68,0.757,0.537,0.341,0.421,3.26,0
6wZI4mdT8JwXgkGURnBQiq,Say,John Mayer,Say,Banana Pancakes,12328,singer-songwriter,61,0.723,0.485,0.075,0.541,3.84,0
1XQnZTR0ER8y5fGO17uX1R,Holocene,Bon Iver,Bon Iver,Banana Pancakes,12328,folk,66,0.304,0.374,0.126,0.147,5.61,0
2Cx61IzUXPJyhv3GzGtsZ3,Tiger Striped Sky,Roo Panes,Little Giant,Banana Pancakes,12328,british,62,0.317,0.473,0.11,0.132,4.03,0
1oc4kHthIpfa2jQnIL33GE,Let's Hurt Tonight,OneRepublic,Oh My My,Banana Pancakes,12328,piano,63,0.713,0.359,0.324,0.272,3.24,0
0Qw7qGuXlVBZLcfoQ17yZn,Old Pine,Ben Howard,Every Kingdom,Banana Pancakes,12328,british,68,0.364,0.401,0.162,0.224,5.48,0
1q74TesvRCIo5RvJM5B84F,She Is Love,Parachute,Losing Sleep,Banana Pancakes,12328,acoustic,60,0.174,0.629,0.118,0.305,2.43,0
2ihCaVdNZmnHZWt0fvAM7B,Little Talks,Of Monsters and Men,My Head Is An Animal,Banana Pancakes,12328,folk,0,0.76,0.446,0.319,0.346,4.44,0
2fbXJ0VpxhW7j0qcg1DnoZ,Big Jet Plane,Angus & Julia Stone,Down The Way,Banana Pancakes,12328,folk,61,0.387,0.762,0.13,0.274,3.99,0
6b5rA9rthDbZDOQp9UbOgl,Little Lion Man,Mumford & Sons,Sigh No More,Banana Pancakes,12328,folk,68,0.492,0.517,0.0873,0.455,4.09,0
1jdNcAD8Ir58RlsdGjJJdx,Ho Hey,The Lumineers,The Lumineers,Banana Pancakes,12328,folk,79,0.471,0.682,0.0908,0.421,2.69,0
0UBUnp3ggZivpFWGQxoSok,Keep Your Head Up,Ben Howard,Every Kingdom,Banana Pancakes,12328,british,67,0.596,0.508,0.111,0.4,4.41,0
14DYFbc6F1vPyoikkqPiAh,Something I Need,OneRepublic,Native,Banana Pancakes,12328,piano,58,0.591,0.683,0.235,0.628,4.0,0
6QHGyXR0m3PDStlyHN8dYK,Stay Alive,José González,Stay Alive,Banana Pancakes,12328,folk,0,0.306,0.714,0.0924,0.314,4.45,0
6l9HDwqU46DHCuNyvbmFdP,New Soul,Yael Naim,Yael Naim,Banana Pancakes,12328,french,59,0.371,0.582,0.122,0.604,3.75,0
4q1LP4YcHOIUy8XSqpR8HH,Promise,Ben Howard,Every Kingdom,Banana Pancakes,12328,british,64,0.189,0.367,0.364,0.177,6.4,0
3tchJ8gDgMdaSxpaLxlr1F,To Be Alone With You,Sufjan Stevens,Seven Swans,Banana Pancakes,12328,singer-songwriter,61,0.163,0.519,0.115,0.356,2.8,0
0Wv9Ckm088qsVkMKPH170C,Shiver,Lucy Rose,Like I Used To,Banana Pancakes,12328,ambient,54,0.192,0.463,0.105,0.135,3.88,0
6bZBHeQVOVGLvAwnQKb6rC,Should Have Known Better,Sufjan Stevens,Carrie & Lowell,Banana Pancakes,12328,singer-songwriter,65,0.171,0.493,0.126,0.296,5.09,0
2FZuUP0YFFISIgePvqCj93,Beach Baby,Bon Iver,Blood Bank,Banana Pancakes,12328,folk,72,0.0809,0.669,0.114,0.0922,2.62,0
0kH34dqX33tTq0ZEyoBFIm,Fever To The Form,Nick Mulvey,First Mind,Banana Pancakes,12328,british,67,0.546,0.358,0.111,0.264,4.22,0
1d39v4V4DmrrLiFX4DKHBv,Shame,Ciaran Lavery,Not Nearly Dark,Banana Pancakes,12328,acoustic,53,0.299,0.619,0.243,0.31,4.2,0
0eVYGqIPngJQUeRwGeVeXG,The Only Thing,Sufjan Stevens,Carrie & Lowell,Banana Pancakes,12328,singer-songwriter,64,0.146,0.51,0.107,0.498,4.7,0
6Fha6tXHkL3r9m9nNqQG8p,Georgia,Vance Joy,Dream Your Life Away,Banana Pancakes,12328,folk,62,0.66,0.388,0.0943,0.401,3.84,0
0ByKWq0hsuYriK5avSMJ5r,Crosses,José González,Veneer,Banana Pancakes,12328,goth,55,0.369,0.666,0.102,0.318,2.72,0
52Bg6oaos7twR7IUtEpqcE,Between The Bars,Elliott Smith,Either/Or,Banana Pancakes,12328,indie-pop,65,0.074,0.522,0.108,0.342,2.35,0
6rQvEE7Jvkdwnn8RroMs15,I Forget Where We Were,Ben Howard,I Forget Where We Were,Banana Pancakes,12328,british,60,0.462,0.305,0.0916,0.181,4.69,0
7GptbanebPZYkLPvjNfd6m,Buddy Holly,Weezer,Weezer,Buddy Holly,12329,alt-rock,0,0.921,0.555,0.117,0.775,2.66,0
11LmqTE2naFULdEP94AUBa,Heart-Shaped Box,Nirvana,In Utero - 20th Anniversary - Deluxe Edition,Buddy Holly,12329,alt-rock,79,0.641,0.256,0.0853,0.382,4.69,0
5FZxsHWIvUsmSK1IAvm2pp,Best of You,Foo Fighters,In Your Honor,Buddy Holly,12329,alt-rock,76,0.94,0.366,0.188,0.369,4.26,0
4P5KoWXOxwuobLmHXLMobV,Come As You Are,Nirvana,Nevermind,Buddy Holly,12329,alt-rock,79,0.824,0.5,0.0916,0.539,3.65,0
5qqabIl2vWzo9ApSC317sa,Wonderwall - Remastered,Oasis,(What's The Story) Morning Glory? [Remastered],Buddy Holly,12329,rock,78,0.896,0.378,0.194,0.469,4.31,0
2oaK4JLVnmRGIO9ytBE1bt,Dark Necessities,Red Hot Chili Peppers,The Getaway,Buddy Holly,12329,alt-rock,74,0.742,0.7,0.11,0.197,5.03,0
2MLHyLy5z5l5YRp7momlgw,Island In The Sun,Weezer,Weezer (Green Album),Buddy Holly,12329,alt-rock,1,0.794,0.654,0.165,0.678,3.34,0
1Jmqubf9kGkWeYQXQKImL5,People Are Strange,The Doors,Strange Days,Buddy Holly,12329,psych-rock,73,0.467,0.699,0.315,0.764,2.17,0
5ghIJDpPoe3CfHMGu71E6T,Smells Like Teen Spirit,Nirvana,Nevermind,Buddy Holly,12329,alt-rock,83,0.912,0.502,0.106,0.72,5.03,0
2YodwKJnbPyNKe8XXSE9V7,Lithium,Nirvana,Nevermind,Buddy Holly,12329,alt-rock,73,0.656,0.678,0.0631,0.485,4.28,0
4YPhn26bIFm2KUkL1VLzQG,Say It Ain't So,Weezer,Weezer,Buddy Holly,12329,alt-rock,1,0.551,0.635,0.07,0.451,4.28,0
6qQGxKyy6LcyZVsWn93lyS,Pink Triangle,Weezer,Pinkerton,Buddy Holly,12329,power-pop,58,0.894,0.282,0.347,0.466,3.97,0
6FxbwB6o1MKOy0dHvxNr2W,Undone - The Sweater Song,Weezer,Weezer,Buddy Holly,12329,power-pop,72,0.618,0.457,0.0679,0.579,5.08,0
3g2gQMeeQAEPztiQKMlGSl,El Scorcho,Weezer,Pinkerton,Buddy Holly,12329,power-pop,56,0.707,0.479,0.0932,0.661,4.06,0
1AhDOtG9vPSOmsWgNW0BEY,Bohemian Rhapsody - Remastered 2011,Queen,A Night At The Opera,Buddy Holly,12329,rock,82,0.404,0.414,0.3,0.224,5.91,0
4dzOxPZFYX77xpMwv4EhnO,Fat Lip,Sum 41,"All Killer, No Filler",Buddy Holly,12329,punk,74,0.914,0.402,0.065,0.626,2.97,1
68pN2UQYhwQgPy7VrCFKuV,In Too Deep,Sum 41,"All Killer, No Filler",Buddy Holly,12329,punk,76,0.844,0.568,0.0607,0.766,3.45,1
2Z2vOukzwOgqR4dkymRSWd,Santeria,Sublime,Sublime,Buddy Holly,12329,punk,1,0.751,0.665,0.121,0.58,3.04,0
5nkYHBWXu7KCgcdwP6jcB1,What I Got,Sublime,Sublime,Buddy Holly,12329,punk,1,0.693,0.804,0.314,0.654,2.85,0
2d4e45fmUnguxh6yqC7gNT,Dirty Deeds Done Dirt Cheap,AC/DC,Dirty Deeds Done Dirt Cheap,Buddy Holly,12329,hard-rock,74,0.906,0.668,0.135,0.507,3.87,0
7x8dCjCr0x6x2lXKujYD34,The Pretender,Foo Fighters,"Echoes, Silence, Patience & Grace",Buddy Holly,12329,alt-rock,79,0.959,0.433,0.028,0.365,4.49,0
48UPSzbZjgc449aqz8bxox,Californication,Red Hot Chili Peppers,Californication,Buddy Holly,12329,alt-rock,2,0.765,0.592,0.127,0.327,5.5,0
4yAEzjMpN9RZxZLqjqmW0X,Bleed American,Jimmy Eat World,Bleed American,Buddy Holly,12329,power-pop,67,0.938,0.438,0.806,0.584,3.09,0
0S3gpZzlT9Hb7CCSV2owX7,"Mama, I'm Coming Home",Ozzy Osbourne,No More Tears (Bonus Track Version),Buddy Holly,12329,hard-rock,69,0.656,0.282,0.0892,0.242,4.2,0
1G391cbiT3v3Cywg8T7DM1,Scar Tissue,Red Hot Chili Peppers,Californication,Buddy Holly,12329,alt-rock,79,0.717,0.595,0.108,0.547,3.6,0
5X76oXHcR5uCXali0gOyX5,White Room,Cream,Wheels Of Fire,Buddy Holly,12329,blues,70,0.576,0.553,0.0365,0.457,5.05,0
2BcvvHttiZRvguFM4hR398,Sunshine Of Your Love,Cream,Disraeli Gears,Buddy Holly,12329,blues,0,0.522,0.683,0.121,0.764,4.16,0
35rdv7N27twjo4gnUzmnRZ,Polish Girl,Neon Indian,Era Extraña,Random,12330,synth-pop,47,0.886,0.63,0.125,0.454,4.4,0
5b9iBVhfYxDF4JJcHrNIx5,Gooey,Glass Animals,ZABA,Random,12330,indie-pop,71,0.369,0.487,0.0925,0.106,4.82,1
03CLsFk6JSz301bKuukPSD,Retrograde,James Blake,Overgrown,Random,12330,electronic,64,0.251,0.533,0.134,0.186,3.73,0
3PvzvltQZLIKk9YgoMP3Yq,The Mother We Share,CHVRCHES,The Bones Of What You Believe,Random,12330,synth-pop,51,0.722,0.462,0.127,0.327,3.17,0
7GJClzimvMSghjcrKxuf1M,Budapest,George Ezra,Wanted On Voyage,Random,12330,folk,79,0.455,0.717,0.11,0.389,3.35,0
6nLvaCZFR1wEzW3sIKpsnr,"Valerie - Live At BBC Radio 1 Live Lounge, London / 2007",Amy Winehouse,Back To Black,Random,12330,british,75,0.371,0.772,0.167,0.684,3.9,0
4YPhn26bIFm2KUkL1VLzQG,Say It Ain't So,Weezer,Weezer,Random,12330,alt-rock,1,0.551,0.635,0.07,0.451,4.28,0
50PWlIBU7PlGGwzgN8TiFJ,Million Reasons,Lady Gaga,Joanne,Random,12330,dance,0,0.423,0.666,0.106,0.154,3.42,0
0KKkJNfGyhkQ5aFogxQAPU,That's What I Like,Bruno Mars,24K Magic,Random,12330,dance,83,0.56,0.853,0.0944,0.86,3.44,0
3hB5DgAiMAQ4DzYbsMq1IT,Love Yourself,Justin Bieber,Purpose,Random,12330,pop,84,0.378,0.609,0.28,0.515,3.9,0
7mldq42yDuxiUNn08nvzHO,Body Like A Back Road,Sam Hunt,Body Like A Back Road,Random,12330,country,0,0.458,0.732,0.136,0.661,2.76,0
7iL6o9tox1zgHpKUfh9vuC,In Da Club,50 Cent,Get Rich Or Die Tryin',Old school Rap,12331,hip-hop,83,0.713,0.899,0.0708,0.777,3.22,1
1ACZpHI5vZ5Ea4xGlkdGWM,Crazy Rap (Colt 45 & 2 Zig Zags),Afroman,The Good Times,Old school Rap,12331,comedy,74,0.367,0.927,0.132,0.576,5.48,0
6nwAubYnLGl7F7cDuOoVLp,Quiet Storm,Mobb Deep,Murda Muzik,Old school Rap,12331,hardcore,61,0.728,0.79,0.112,0.403,4.42,0
16LnNR25rqcvQVNv5UEQ7g,X,Xzibit,The Greatest,Old school Rap,12331,hardcore,63,0.678,0.936,0.0838,0.822,4.26,0
6QJOEIPT8g3fjdFxibpy2F,Hood Took Me Under,Compton's Most Wanted,Music To Driveby,Old school Rap,12331,hardcore,56,0.485,0.774,0.107,0.392,3.65,0
13QU1ThhwiGzPfwUFcylxr,Chin Check,N.W.A.,The Best Of N.W.A: The Strength Of Street Knowledge,Old school Rap,12331,hardcore,65,0.775,0.906,0.15,0.838,3.69,0
0VdZ7t50K2asjY5hsABTDI,Dollaz + Sense,DJ Quik,Born And Raised In Compton: The Greatest Hits,Old school Rap,12331,hardcore,31,0.667,0.834,0.103,0.482,5.89,0
0QnGI4OgY8ReggLWvEXdgD,Street Dreams,Nas,It Was Written,Old school Rap,12331,hardcore,60,0.611,0.752,0.778,0.746,4.67,0
1jyddn36UN4tVsJGtaJfem,You Are the Best Thing,Ray LaMontagne,Gossip In The Grain,Wedding,12333,acoustic,67,0.727,0.578,0.172,0.885,3.86,0
4vb4mFvYsr2h6enhjJsq9Y,Water Under the Bridge,Adele,25,Wedding,12333,british,70,0.833,0.59,0.105,0.538,4.01,0
3OM0cHwmJv6ZpsCgrEzXPh,Dance Hall Days,Wang Chung,Points On The Curve,Wedding,12333,synth-pop,68,0.589,0.664,0.221,0.54,4.01,0
5qyq1H5OPMlfuvZQ1wQNo7,(Your Love Keeps Lifting Me) Higher & Higher,Jackie Wilson,Higher And Higher,Wedding,12333,blues,72,0.677,0.634,0.0902,0.939,2.99,0
4fIWvT19w9PR0VVBuPYpWA,Haven't Met You Yet,Michael Bublé,Crazy Love,Wedding,12333,j-pop,72,0.733,0.615,0.109,0.796,4.08,0
638fKB27P7UAmu3Aq0vEJ3,"Still Falling For You - From ""Bridget Jones's Baby""",Ellie Goulding,Still Falling For You,Wedding,12333,dance,0,0.518,0.476,0.111,0.179,4.01,0
51FpzuGkRYXFgsE2zXt9av,When A Man Loves A Woman,Percy Sledge,When A Man Loves A Woman,Wedding,12333,soul,0,0.272,0.404,0.0528,0.326,2.9,0
4PyhlL1vrSvPlhYLdphszr,Big Fun,Inner City,Paradise,Good Life,12334,detroit-techno,53,0.935,0.677,0.0787,0.965,3.44,0
4t0UsYzmmmZRMTWn77jiGF,Show Me Love,Robin S,Show Me Love,Good Life,12334,disco,69,0.833,0.811,0.0769,0.567,4.2,0
3YB6nCSuFqNiqOvPtAPK9X,Be My Lover,La Bouche,Sweet Dreams,Good Life,12334,german,68,0.963,0.658,0.951,0.793,4.02,0
0JXXm3RqxU8EKzX4P8M0n3,More And More - Single Version,Captain Hollywood Project,Love Is Not Sex,Good Life,12334,techno,61,0.847,0.661,0.0863,0.71,4.23,0
4sPmO7WMQUAf45kwMOtONw,Hello,Adele,25,top music ,12335,british,74,0.43,0.578,0.0854,0.288,4.92,0
2d8JP84HNLKhmd6IYOoupQ,Trap Queen,Fetty Wap,Fetty Wap,top music ,12335,j-dance,74,0.873,0.746,0.354,0.817,3.7,0
6ZANrVuAMp2rpjhfbOuJly,Same Old Love,Selena Gomez,Revival,top music ,12335,dance,71,0.593,0.672,0.214,0.438,3.82,0
62vpWI1CHwFy7tMIcSStl8,No Role Modelz,J. Cole,2014 Forest Hills Drive,top music ,12335,hip-hop,88,0.521,0.69,0.0534,0.494,4.88,0
2pdEafpOw3Jvddrm2by0NR,Innocence,NERO,Welcome Reality,Gym,12336,drum-and-bass,45,0.734,0.373,0.0868,0.0678,5.14,0
0U0ldCRmgCqhVvD6ksG63j,Nightcall,Kavinsky,Nightcall,Gym,12336,alternative,73,0.874,0.532,0.452,0.361,4.31,0
4A7qcJp2Sg867JST1pSPJz,Promises,NERO,Welcome Reality,Gym,12336,drum-and-bass,56,0.943,0.484,0.593,0.345,4.29,0
6DEeUrq2VhjAj6KOhZcsu3,Me And You,NERO,Welcome Reality,Gym,12336,drum-and-bass,46,0.925,0.42,0.152,0.236,4.13,0
2GTBnTnkvaNhVg7ADGnVzN,Prayer Of The Refugee,Rise Against,The Sufferer & The Witness,Gym,12336,hardcore,66,0.977,0.198,0.23,0.351,3.32,0
3asFGFY3uLjMDmML1p0tYm,Savior,Rise Against,Appeal To Reason,Gym,12336,hardcore,75,0.932,0.554,0.425,0.478,4.04,0
6YUTL4dYpB9xZO5qExPf05,Summer,Calvin Harris,Motion,oldies !,12337,electro,82,0.856,0.596,0.141,0.743,3.71,0
4E5P1XyAFtrjpiIxkydly4,Replay,Iyaz,Replay,oldies !,12337,dance,76,0.751,0.706,0.168,0.195,3.04,0
7qH9Z4dJEN0l9bidizW7fq,Anchor,Novo Amor,Bathing Beach,erin,12339,ambient,75,0.407,0.457,0.126,0.126,4.29,0
1HehGmky06OZLM9Vz2PRZL,Singles You Up,Jordan Davis,Singles You Up,erin,12339,country,0,0.903,0.634,0.255,0.559,3.04,0
4fINc8dnfcz7AdhFYVA4i7,It Girl,Jason Derulo,Future History,erin,12339,dance,0,0.718,0.667,0.104,0.345,3.2,0
6XK6Zw6JkFsHXzAcMWNiIr,Send Me On My Way,Rusted Root,When I Woke,desert,12340,j-rock,68,0.704,0.5,0.138,0.722,4.39,0
0PDUDa38GO8lMxLCRc4lL1,PILLOWTALK,ZAYN,Mind Of Mine (Deluxe Edition),roadtripping,12341,dance,78,0.7,0.584,0.0939,0.438,3.38,1
3hB5DgAiMAQ4DzYbsMq1IT,Love Yourself,Justin Bieber,Purpose,roadtripping,12341,pop,84,0.378,0.609,0.28,0.515,3.9,0
2DpCdPMg1BADE4HDnxt3Rd,"Sit Still, Look Pretty",Daya,"Sit Still, Look Pretty",roadtripping,12341,dance,63,0.787,0.655,0.178,0.554,3.37,0
27SdWb2rFzO6GWiYDBTD9j,Cheap Thrills,Sia,This Is Acting,roadtripping,12341,dance,78,0.698,0.628,0.0907,0.732,3.53,0
25khomWgBVamSdKw7hzm3l,The Hills,The Weeknd,Beauty Behind The Madness,roadtripping,12341,pop,3,0.551,0.565,0.139,0.125,4.04,0
7IWkJwX9C0J7tHurTD7ViL,When We Were Young,Adele,25,roadtripping,12341,british,79,0.595,0.376,0.095,0.265,4.85,0
4sPmO7WMQUAf45kwMOtONw,Hello,Adele,25,roadtripping,12341,british,74,0.43,0.578,0.0854,0.288,4.92,0
6ZYS6QQxTLsQ6IFXdVx1r4,Ophelia,The Lumineers,Cleopatra,roadtripping,12341,folk,79,0.573,0.664,0.0857,0.566,2.67,0
6SpLc7EXZIPpy0sVko0aoU,Misery Business,Paramore,RIOT!,roadtripping,12341,emo,1,0.906,0.513,0.113,0.73,3.53,0
6GIrIt2M39wEGwjCQjGChX,The Great Escape,Boys Like Girls,Boys Like Girls,roadtripping,12341,punk-rock,55,0.94,0.423,0.178,0.505,3.44,0
23oxJmDc1V9uLUSmN2LIvx,Ocean Avenue,Yellowcard,Ocean Avenue,roadtripping,12341,punk,74,0.904,0.486,0.0947,0.786,3.3,0
4yYvWFUWMaKMXtoJKJnmZk,Shuffle,Bombay Bicycle Club,A Different Kind Of Fix,roadtripping,12341,british,61,0.959,0.627,0.112,0.397,3.92,0
6KIKRz9eSTXdNsGUnomdtW,Straight Outta Compton,N.W.A.,Straight Outta Compton,roadtripping,12341,hardcore,72,0.878,0.834,0.334,0.418,4.31,0
5N8nNuTmIzkZOfcxXlygUw,Ginza,J Balvin,Energía,roadtripping,12341,latin,0,0.815,0.749,0.0838,0.866,2.85,0
5Fim1gaXBgsiFfsQAfQSDS,Hasta el Amanecer,Nicky Jam,Fénix,roadtripping,12341,latino,71,0.608,0.832,0.0761,0.589,3.31,0
7oK9VyNzrYvRFo7nQEYkWN,Mr. Brightside,The Killers,Hot Fuss,roadtripping,12341,alt-rock,2,0.931,0.344,0.0903,0.251,3.71,0
70wYA8oYHoMzhRRkARoMhU,When You Were Young,The Killers,Sam's Town,roadtripping,12341,alt-rock,5,0.976,0.441,0.298,0.248,3.67,0
2WZyfujzMweFLnozyUJBkW,Boston,Augustana,All The Stars and Boulevards,roadtripping,12341,acoustic,63,0.571,0.404,0.129,0.29,4.1,0
7GptbanebPZYkLPvjNfd6m,Buddy Holly,Weezer,Weezer,roadtripping,12341,alt-rock,0,0.921,0.555,0.117,0.775,2.66,0
5O2P9iiztwhomNh8xkR9lJ,Night Changes,One Direction,FOUR,roadtripping,12341,pop,88,0.52,0.672,0.115,0.37,3.78,0
2Bs4jQEGMycglOfWPBqrVG,Steal My Girl,One Direction,FOUR,roadtripping,12341,pop,80,0.768,0.536,0.114,0.545,3.8,0
2MLHyLy5z5l5YRp7momlgw,Island In The Sun,Weezer,Weezer (Green Album),roadtripping,12341,alt-rock,1,0.794,0.654,0.165,0.678,3.34,0
1jdNcAD8Ir58RlsdGjJJdx,Ho Hey,The Lumineers,The Lumineers,roadtripping,12341,folk,79,0.471,0.682,0.0908,0.421,2.69,0
1JdKrFyoU05abww0Zv0ayQ,That's What You Get,Paramore,RIOT!,roadtripping,12341,emo,68,0.831,0.528,0.141,0.632,3.67,0
5NtoPBmhY7WGdpsHmpy9Xh,Always Like This,Bombay Bicycle Club,I Had The Blues But I Shook Them Loose,roadtripping,12341,alt-rock,0,0.613,0.649,0.0872,0.679,4.09,0
2GiJYvgVaD2HtM8GqD9EgQ,Electric Love,BØRNS,Dopamine,roadtripping,12341,rock,82,0.797,0.611,0.26,0.518,3.64,0
3S0OXQeoh0w6AY8WQVckRW,I'm Yours,Jason Mraz,We Sing. We Dance. We Steal Things.,roadtripping,12341,acoustic,80,0.444,0.703,0.0973,0.712,4.04,0
53QF56cjZA9RTuuMZDrSA6,I Won't Give Up,Jason Mraz,Love Is A Four Letter Word,roadtripping,12341,acoustic,69,0.303,0.483,0.115,0.139,4.0,0
6Xs7OKt6i0Ddq8B4M5Dgvr,New Americana,Halsey,BADLANDS,roadtripping,12341,electro,65,0.707,0.339,0.337,0.359,3.06,0
1lOSxJNCLvWm2bYaTcTSmK,"Mother Knows Best - From ""Tangled""/Soundtrack Version",Donna Murphy,Tangled,roadtripping,12341,disney,66,0.259,0.403,0.0451,0.473,3.17,0
5ztQHTm1YQqcTkQmgDEU4n,Mamma Mia,ABBA,Abba,roadtripping,12341,swedish,1,0.806,0.739,0.442,0.807,3.59,0
4bykJp7dORR4GoLCZiQbU0,Take A Chance On Me,ABBA,The Album,roadtripping,12341,swedish,74,0.675,0.684,0.242,0.924,4.07,0
5kBZR12AntJUTo9UeAsKqP,The Winner Takes It All,ABBA,Super Trouper,roadtripping,12341,swedish,3,0.789,0.429,0.0474,0.467,4.91,0
2VsVI2mOkZ5s0eEA9MQLN4,Does Your Mother Know,ABBA,Voulez-Vous,roadtripping,12341,swedish,60,0.824,0.703,0.097,0.971,3.25,0
1kusepF3AacIEtUTYrw4GV,Paper Planes,M.I.A.,Kala,roadtripping,12341,indie-pop,77,0.848,0.447,0.65,0.485,3.4,0
6iBaw0T7b3pTmMH1eMrul0,Bad Girls,M.I.A.,Matangi,roadtripping,12341,indie-pop,76,0.912,0.639,0.097,0.343,3.79,0
67EY6aDoIx8czEPS6a2AaI,The Man Who Can't Be Moved,The Script,The Script,roadtripping,12341,rock,75,0.629,0.605,0.097,0.308,4.02,0
5Wj1rJnCLpMHdLaxsFtJLs,Bennie And The Jets - Remastered 2014,Elton John,Goodbye Yellow Brick Road,roadtripping,12341,piano,74,0.673,0.665,0.497,0.779,5.38,0
1AhDOtG9vPSOmsWgNW0BEY,Bohemian Rhapsody - Remastered 2011,Queen,A Night At The Opera,roadtripping,12341,rock,82,0.404,0.414,0.3,0.224,5.91,0
0EMmVUYs9ZZRHtlADB88uz,Come On Eileen,Dexys Midnight Runners,Too Rye Ay,roadtripping,12341,ska,2,0.769,0.45,0.306,0.604,4.79,0
5wQnmLuC1W7ATsArWACrgW,Welcome to the Black Parade,My Chemical Romance,The Black Parade,roadtripping,12341,emo,79,0.905,0.217,0.222,0.236,5.19,0
7j31rVgGX9Q2blT92VBEA0,Teenagers,My Chemical Romance,The Black Parade,roadtripping,12341,emo,2,0.858,0.459,0.184,0.855,2.7,0
1UqhkbzB1kuFwt2iy4h29Q,Cough Syrup,Young the Giant,Young the Giant,roadtripping,12341,alt-rock,0,0.721,0.533,0.115,0.225,4.16,0
1SKPmfSYaPsETbRHaiA18G,Somewhere Only We Know,Keane,Hopes And Fears,roadtripping,12341,piano,85,0.665,0.448,0.0828,0.304,3.95,0
0yac0FPhLRH9i9lOng3f81,Everybody's Changing,Keane,Hopes And Fears,roadtripping,12341,piano,0,0.85,0.514,0.0984,0.437,3.6,0
4QRkCwqwHFaZ7xeoR9CHL6,Sovereign Light Café,Keane,Strangeland,roadtripping,12341,piano,62,0.725,0.535,0.156,0.509,3.65,0
3zHq9ouUJQFQRf3cm1rRLu,"Love Me Like You Do - From ""Fifty Shades Of Grey""",Ellie Goulding,Delirium,roadtripping,12341,dance,79,0.606,0.262,0.125,0.275,4.21,0
6Wytqpe4mfmyeT8s1xbczG,Something In The Way You Move,Ellie Goulding,Delirium,roadtripping,12341,dance,0,0.804,0.66,0.129,0.359,3.79,0
4MloswMM3eu7dHZ7MOzW3i,Do You Know? (The Ping Pong Song),Enrique Iglesias,Insomniac,roadtripping,12341,latin,55,0.765,0.755,0.0326,0.691,3.63,0
0aersVHlGGXcHeRvHtuaSt,Dancing On Glass,St. Lucia,Matter,roadtripping,12341,synth-pop,55,0.945,0.564,0.359,0.399,4.11,0
1YQWosTIljIvxAgHWTp7KP,Take Five,The Dave Brubeck Quartet,Time Out,Writing Music,12342,jazz,66,0.26,0.454,0.0675,0.598,5.4,0
3hB5DgAiMAQ4DzYbsMq1IT,Love Yourself,Justin Bieber,Purpose,David,12343,pop,84,0.378,0.609,0.28,0.515,3.9,0
25khomWgBVamSdKw7hzm3l,The Hills,The Weeknd,Beauty Behind The Madness,David,12343,pop,3,0.551,0.565,0.139,0.125,4.04,0
7DfFc7a6Rwfi3YQMRbDMau,Thinkin Bout You,Frank Ocean,channel ORANGE,David,12343,soul,78,0.339,0.721,0.0973,0.2,3.35,0
1kusepF3AacIEtUTYrw4GV,Paper Planes,M.I.A.,Kala,David,12343,indie-pop,77,0.848,0.447,0.65,0.485,3.4,0
2BaXRCVgn621xHOGoFSuW5,I Really Like You,Carly Rae Jepsen,Emotion,David,12343,electro,70,0.805,0.62,0.285,0.586,3.41,0
3CRDbSIZ4r5MsZ0YwxuEkn,Stressed Out,Twenty One Pilots,Blurryface,David,12343,rock,85,0.637,0.734,0.0602,0.648,3.37,0
0GO8y8jQk1PkHzS31d699N,Tongue Tied,Grouplove,Never Trust A Happy Song,David,12343,alt-rock,79,0.936,0.56,0.161,0.371,3.63,0
6vECYJHxYmm3Ydt3fF01pE,Stolen Dance,Milky Chance,Sadnecessary,David,12343,german,80,0.581,0.884,0.0759,0.728,5.23,0
5b9iBVhfYxDF4JJcHrNIx5,Gooey,Glass Animals,ZABA,mmmm,12344,indie-pop,71,0.369,0.487,0.0925,0.106,4.82,1
3pfXxHoydFRfD7IBGJTQAN,Pony,Ginuwine,R&B: From Doo-Wop To Hip-Hop,mmmm,12344,soul,73,0.605,0.749,0.115,0.966,4.2,0
3UfCFlGruX0DRPCpD1V3pU,Work Song,Hozier,Hozier,mmmm,12344,singer-songwriter,63,0.388,0.432,0.112,0.256,3.83,0
1ivHxaGL5ld9VS1zsYc4YN,Cherry Wine - Live,Hozier,Hozier,mmmm,12344,singer-songwriter,67,0.111,0.418,0.0982,0.228,4.0,0
6Fha6tXHkL3r9m9nNqQG8p,Georgia,Vance Joy,Dream Your Life Away,mmmm,12344,folk,62,0.66,0.388,0.0943,0.401,3.84,0
7GJClzimvMSghjcrKxuf1M,Budapest,George Ezra,Wanted On Voyage,mmmm,12344,folk,79,0.455,0.717,0.11,0.389,3.35,0
07Tx168RSsUS1HqkDIOZbH,Cupid Shuffle,Cupid,Time For A Change,Line dances,12345,kids,63,0.582,0.785,0.2,0.861,3.86,0
0KMzyApR43L4JH9ZMHS1Km,Boot Scootin' Boogie,Brooks & Dunn,The Essential Brooks & Dunn,Line dances,12345,country,71,0.817,0.656,0.304,0.862,3.3,0
2WfaOiMkCvy7F5fcp2zZ8L,Take On Me,a-ha,Hunting High And Low,80s,12346,synth-pop,0,0.931,0.524,0.0588,0.811,3.75,0
4aWn4NHlELpOehxsBaQeoe,Don't You (Forget About Me),Simple Minds,Once Upon A Time,80s,12346,synth-pop,2,0.858,0.638,0.333,0.743,4.38,0
3xKsPtA5XG91Zlh0SyycmM,Come On Eileen,Dexys Midnight Runners,Come On Eileen / Dubious,80s,12346,ska,2,0.769,0.45,0.306,0.604,3.43,0
4gvea7UlDkAvsJBPZAd4oB,The Boys Of Summer,Don Henley,Building The Perfect Beast,80s,12346,country,1,0.775,0.516,0.21,0.858,4.81,0
3TjlMH27nWbY3veJ8fHdaD,Caribbean Queen (No More Love On the Run),Billy Ocean,Here You Are: The Best of Billy Ocean,80s,12346,disco,69,0.649,0.79,0.092,0.954,4.07,0
1RbOObDFn7GOseR1w529Zj,Things Can Only Get Better,Howard Jones,Dream Into Action,80s,12346,synth-pop,23,0.743,0.752,0.128,0.832,3.93,0
5xLfQuX5YAfog2JgPz0dpA,Moving In Stereo,The Cars,The Cars,80s,12346,power-pop,42,0.542,0.71,0.208,0.344,4.77,0
3OM0cHwmJv6ZpsCgrEzXPh,Dance Hall Days,Wang Chung,Points On The Curve,80s,12346,synth-pop,68,0.589,0.664,0.221,0.54,4.01,0
0HqNyWt20oyqntGSOf4lY9,Run To You,Bryan Adams,Reckless,80s,12346,rock,1,0.863,0.559,0.201,0.646,3.89,0
6HZ67VImxqr8aMBEEhblzf,Cars,Gary Numan,The Pleasure Principle,80s,12346,synth-pop,63,0.578,0.545,0.0692,0.819,3.98,0
6TfPCG3hUPYYA0fk4zK5sK,Pale Shelter - 2nd Single Version,Tears For Fears,The Hurting,80s,12346,synth-pop,57,0.875,0.555,0.46,0.559,4.56,0
1mqytV5qZcmzG6MgvJCpkQ,Love My Way,The Psychedelic Furs,All Of This And Nothing,80s,12346,punk-rock,66,0.85,0.637,0.152,0.52,3.53,0
1gzIbdFnGJ226LTl0Cn2SX,White Wedding - Pt. 1,Billy Idol,Billy Idol,80s,12346,hard-rock,71,0.814,0.673,0.343,0.728,4.2,0
4TIJ7zSBNejpoIPaWpWRKc,Rebel Yell,Billy Idol,Rebel Yell,80s,12346,hard-rock,1,0.864,0.531,0.354,0.485,4.81,0
0A1QehwXuYOGcIoZHy7UTb,Eyes Without A Face,Billy Idol,Rebel Yell,80s,12346,hard-rock,72,0.815,0.391,0.276,0.647,4.99,0
5ZpDiWqCG93McsnuHu9uCR,The Safety Dance,Men Without Hats,Rhythm of Youth,80s,12346,synth-pop,63,0.882,0.525,0.101,0.623,4.62,0
7qm1JpihtROAIU1XpvqYHS,Human - Edit,The Human League,The Greatest Hits,80s,12346,synth-pop,59,0.559,0.636,0.0562,0.512,3.81,0
6WEBIVqiEsevfgJefTyuQQ,Too Shy,Kajagoogoo,White Feathers,80s,12346,synth-pop,61,0.871,0.702,0.0819,0.664,3.71,0
2EGaDf0cPX789H3LNeB03D,Cruel Summer,Bananarama,Bananarama,80s,12346,disco,66,0.871,0.666,0.263,0.936,3.59,0
0tBTnrMcc91qKP9dHqhsS7,Steppin' Out,Joe Jackson,Night And Day,80s,12346,power-pop,58,0.474,0.584,0.0518,0.651,4.38,0
2TjXzbUt5zQ4PpHG0dEaT1,Pulling Mussels (From The Shell),Squeeze,Argybargy,80s,12346,power-pop,24,0.672,0.594,0.245,0.944,3.97,0
67XegWzwUTnAKqoB62GHqd,The Passenger,Siouxsie and the Banshees,Through The Looking Glass,80s,12346,goth,60,0.93,0.457,0.135,0.294,5.16,0
6wVViUl2xSRoDK2T7dMZbR,Bizarre Love Triangle,New Order,Brotherhood [Collector's Edition],80s,12346,synth-pop,66,0.885,0.613,0.0997,0.919,4.39,0
6rvXznPVt21K7Adhw9zKEJ,Fade To Grey,Visage,Visage,80s,12346,synth-pop,63,0.416,0.604,0.0897,0.512,3.99,0
1bWeLRzg1BxZpPfEMkbsnN,Alive And Kicking,Simple Minds,Once Upon A Time,80s,12346,synth-pop,66,0.913,0.572,0.128,0.561,4.82,0
4hnK8P3v7kE7T4PMBYwRhu,Drunk Last Night,Eli Young Band,"10,000 Towns",Country,12347,country,1,0.858,0.525,0.102,0.57,3.65,0
4W38RXuQNuoTSwVsQA1OGC,Nothin' Like You,Dan + Shay,Where It All Began,Country,12347,country,0,0.704,0.586,0.067,0.442,3.1,0
5CdOqNxkQ7054Rp86f5OWi,Lay Low,Josh Turner,Deep South,Country,12347,country,0,0.679,0.634,0.116,0.378,4.35,0
1XazlqB4YAtvouCmJPWXlM,Wanna Be That Song,Brett Eldredge,Illinois,Country,12347,country,0,0.686,0.518,0.114,0.337,3.94,0
4n0xztUAbHPUV8G3NQvF30,How Not To,Dan + Shay,Obsessed,Country,12347,country,0,0.836,0.501,0.152,0.617,3.2,0
6aNwDe5YH5YUPlpHkku52w,Sunshine & Whiskey,Frankie Ballard,Sunshine & Whiskey,Country,12347,country,0,0.737,0.67,0.325,0.753,3.04,0
7mldq42yDuxiUNn08nvzHO,Body Like A Back Road,Sam Hunt,Body Like A Back Road,Country,12347,country,0,0.458,0.732,0.136,0.661,2.76,0
3fqwjXwUGN6vbzIwvyFMhx,Tennessee Whiskey,Chris Stapleton,Traveller,Country,12347,country,81,0.37,0.392,0.0821,0.512,4.89,0
2wxfu24GQpEZQrjDJm5Ac1,Every Little Thing,Carly Pearce,Every Little Thing,Country,12347,country,2,0.427,0.639,0.0903,0.322,3.0,0
4gvea7UlDkAvsJBPZAd4oB,The Boys Of Summer,Don Henley,Building The Perfect Beast,drizzy,12348,country,1,0.775,0.516,0.21,0.858,4.81,0
7MRyJPksH3G2cXHN8UKYzP,American Girl,Tom Petty and the Heartbreakers,Tom Petty & The Heartbreakers,drizzy,12348,folk,0,0.823,0.552,0.366,0.775,3.58,0
0GO8y8jQk1PkHzS31d699N,Tongue Tied,Grouplove,Never Trust A Happy Song,drizzy,12348,alt-rock,79,0.936,0.56,0.161,0.371,3.63,0
5d8CreUdJvZejvTUo1IHLw,Space Song,Beach House,Depression Cherry,drizzy,12348,indie-pop,73,0.79,0.509,0.144,0.625,5.34,0
59WN2psjkt1tyaxjspN8fp,Killing In The Name,Rage Against The Machine,Rage Against The Machine - XX (20th Anniversary Special Edition),Awesome Mix Vol. 1,12349,alt-rock,80,0.833,0.466,0.0327,0.661,5.23,0
0tZ3mElWcr74OOhKEiNz1x,Bulls On Parade,Rage Against The Machine,Evil Empire,Awesome Mix Vol. 1,12349,alt-rock,75,0.919,0.412,0.424,0.572,3.82,0
1znPMY3zq78mVuTAmOA9O7,Nothing Else Matters,Metallica,Metallica,Awesome Mix Vol. 1,12349,hard-rock,80,0.362,0.553,0.075,0.158,6.47,0
1bdXMstfxFWYSkEFTnJMoN,Enter Sandman,Metallica,Metallica,Awesome Mix Vol. 1,12349,hard-rock,81,0.828,0.577,0.0581,0.604,5.52,0
0lfrNnlVksTGfX6PHnuL0T,Fuel,Metallica,Reload,Awesome Mix Vol. 1,12349,hard-rock,71,0.951,0.49,0.0314,0.589,4.5,0
5V3mdRI2yQxbSsJGDPc5lD,Chop Suey!,System Of A Down,Toxicity,Awesome Mix Vol. 1,12349,alternative,83,0.934,0.417,0.132,0.287,3.5,0
0EYOdF5FCkgOJJla8DI2Md,B.Y.O.B.,System Of A Down,Mezmerize,Awesome Mix Vol. 1,12349,alternative,77,0.981,0.538,0.219,0.711,4.26,0
7MeXwzhSDGfqNfuFANgzVC,Toxicity,System Of A Down,Toxicity,Awesome Mix Vol. 1,12349,alternative,81,0.873,0.413,0.204,0.48,3.65,0
2MvIMgtWyK88OiPi0J8Dg3,Psychosocial,Slipknot,All Hope Is Gone,Awesome Mix Vol. 1,12349,alternative,76,0.981,0.568,0.0243,0.307,4.72,0
6W21LNLz9Sw7sUSNWMSHRu,Freak On a Leash,Korn,Follow The Leader,Awesome Mix Vol. 1,12349,metal,76,0.898,0.353,0.39,0.525,4.26,0
19YmvsVCetCBeVj6O2mljR,Still Breathing,Green Day,Revolution Radio,Awesome Mix Vol. 1,12349,punk,61,0.902,0.54,0.0756,0.692,3.75,0
0Ti2dlF2xLjXblvdU5fCxM,Miss Murder,AFI,DECEMBERUNDERGROUND,Awesome Mix Vol. 1,12349,emo,72,0.873,0.308,0.0974,0.686,3.44,0
6nTiIhLmQ3FWhvrGafw2zj,American Idiot,Green Day,American Idiot,Awesome Mix Vol. 1,12349,punk,79,0.988,0.38,0.368,0.769,2.94,0
6WkSUgo1VdpzgtiXKlFPcY,Dammit,blink-182,Dude Ranch,Awesome Mix Vol. 1,12349,punk-rock,68,0.974,0.429,0.164,0.33,2.76,0
5ZdrNnYV5VZWds4WXKf8kf,Ignorance,Paramore,brand new eyes,Awesome Mix Vol. 1,12349,emo,69,0.964,0.522,0.0387,0.51,3.64,0
7oK9VyNzrYvRFo7nQEYkWN,Mr. Brightside,The Killers,Hot Fuss,Awesome Mix Vol. 1,12349,alt-rock,2,0.931,0.344,0.0903,0.251,3.71,0
7HGTkn2aX7MNdKs7nV2xBt,Somebody Told Me,The Killers,Hot Fuss,Awesome Mix Vol. 1,12349,alt-rock,0,0.981,0.508,0.0555,0.746,3.29,0
70wYA8oYHoMzhRRkARoMhU,When You Were Young,The Killers,Sam's Town,Awesome Mix Vol. 1,12349,alt-rock,5,0.976,0.441,0.298,0.248,3.67,0
7yMiX7n9SBvadzox8T5jzT,Clint Eastwood,Gorillaz,Gorillaz,Awesome Mix Vol. 1,12349,alternative,3,0.694,0.663,0.0698,0.525,5.68,0
1bCmvezFg5MRcENzCGG1Cy,Chelsea Dagger,The Fratellis,Costello Music,Awesome Mix Vol. 1,12349,garage,26,0.738,0.498,0.0791,0.589,3.59,0
4MYb7NWLwXNDB7bYs3HeX8,Slow Ride,Foghat,Slow Ride / Save Your Loving [For Me] [Digital 45],Awesome Mix Vol. 1,12349,blues,69,0.586,0.493,0.102,0.656,3.88,0
4vO9dmzNRqDhFY3jD1a3P7,Mississippi Queen,Mountain,Climbing!,Awesome Mix Vol. 1,12349,blues,71,0.624,0.581,0.0411,0.637,2.52,0
1QEEqeFIZktqIpPI4jSVSF,More Than a Feeling,Boston,Boston,Awesome Mix Vol. 1,12349,country,79,0.681,0.377,0.0504,0.285,4.75,0
1AEYT6VxrxXPMoQUxsY0E4,Headstrong,Trapt,Trapt,Awesome Mix Vol. 1,12349,grunge,72,0.896,0.492,0.189,0.534,4.76,0
6ooluO7DiEhI1zmK94nRCM,Take Me Out,Franz Ferdinand,Franz Ferdinand,Awesome Mix Vol. 1,12349,alt-rock,79,0.663,0.277,0.136,0.527,3.95,0
2hmibAtdObO8F4tnhLENuQ,Reptilia,The Strokes,Room On Fire,Awesome Mix Vol. 1,12349,alt-rock,75,0.649,0.489,0.101,0.77,3.66,0
7kzKAuUzOITUauHAhoMoxA,Last Nite,The Strokes,Is This It,Awesome Mix Vol. 1,12349,alt-rock,74,0.91,0.624,0.0789,0.767,3.23,0
6u0x5ad9ewHvs3z6u9Oe3c,Under Cover of Darkness,The Strokes,Angles,Awesome Mix Vol. 1,12349,garage,68,0.775,0.35,0.0676,0.588,3.93,0
7fURZRPkB2S70sYR1naKTK,Black Hole Sun,Soundgarden,Superunknown,Awesome Mix Vol. 1,12349,alt-rock,0,0.827,0.351,0.0755,0.145,5.3,0
5Xak5fmy089t0FYmh3VJiY,Black,Pearl Jam,Ten,Awesome Mix Vol. 1,12349,alt-rock,74,0.684,0.36,0.34,0.2,5.71,0
64BbK9SFKH2jk86U3dGj2P,Otherside,Red Hot Chili Peppers,Californication,Awesome Mix Vol. 1,12349,alt-rock,80,0.795,0.458,0.0756,0.513,4.26,0
1G391cbiT3v3Cywg8T7DM1,Scar Tissue,Red Hot Chili Peppers,Californication,Awesome Mix Vol. 1,12349,alt-rock,79,0.717,0.595,0.108,0.547,3.6,0
2xt2piJx6jlFkjS77YiqpL,Like a Stone,Audioslave,Audioslave,Awesome Mix Vol. 1,12349,alt-rock,78,0.568,0.614,0.0997,0.516,4.9,0
21tuvt3CXIsNquc32v8jpc,Show Me How to Live,Audioslave,Audioslave,Awesome Mix Vol. 1,12349,grunge,41,0.854,0.433,0.162,0.368,4.63,0
1wsRitfRRtWyEapl0q22o8,Guerrilla Radio,Rage Against The Machine,The Battle Of Los Angeles,Awesome Mix Vol. 1,12349,metal,71,0.957,0.599,0.155,0.489,3.44,0
6L89mwZXSOwYl76YXfX13s,Basket Case,Green Day,Dookie,Awesome Mix Vol. 1,12349,punk,2,0.943,0.441,0.091,0.781,3.03,0
1Dr1fXbc2IxaK1Mu8P8Khz,When I Come Around,Green Day,Dookie,Awesome Mix Vol. 1,12349,punk,76,0.909,0.531,0.231,0.814,2.97,0
5kr3j5Clb9rjEposoMyLVt,Welcome to Paradise,Green Day,Dookie,Awesome Mix Vol. 1,12349,punk,69,0.96,0.37,0.0563,0.717,3.74,0
21S5V668O8OUYAkjBYLUW2,Feeling This,blink-182,blink-182,Awesome Mix Vol. 1,12349,punk-rock,71,0.962,0.411,0.529,0.622,2.88,0
5nkYHBWXu7KCgcdwP6jcB1,What I Got,Sublime,Sublime,Awesome Mix Vol. 1,12349,punk,1,0.693,0.804,0.314,0.654,2.85,0
2Z2vOukzwOgqR4dkymRSWd,Santeria,Sublime,Sublime,Awesome Mix Vol. 1,12349,punk,1,0.751,0.665,0.121,0.58,3.04,0
3rq5w4bQGigXOfdN30ATJt,Do I Wanna Know?,Arctic Monkeys,AM,Awesome Mix Vol. 1,12349,garage,88,0.532,0.548,0.217,0.405,4.54,0
2GTBnTnkvaNhVg7ADGnVzN,Prayer Of The Refugee,Rise Against,The Sufferer & The Witness,Awesome Mix Vol. 1,12349,hardcore,66,0.977,0.198,0.23,0.351,3.32,0
3asFGFY3uLjMDmML1p0tYm,Savior,Rise Against,Appeal To Reason,Awesome Mix Vol. 1,12349,hardcore,75,0.932,0.554,0.425,0.478,4.04,0
6ZOBP3NvffbU4SZcrnt1k6,Kryptonite,3 Doors Down,The Better Life,Awesome Mix Vol. 1,12349,alt-rock,0,0.848,0.544,0.134,0.489,3.9,0
4EnkwZd0UJAuHpNMMemQaA,Closing Time,Semisonic,Feeling Strangely Fine,Awesome Mix Vol. 1,12349,alt-rock,0,0.854,0.478,0.115,0.274,4.56,0
5QldjuXcxplhjjUqLrzl6H,Kids,MGMT,Oracular Spectacular/Congratulations,Awesome Mix Vol. 1,12349,alt-rock,78,0.931,0.451,0.361,0.172,5.05,0
7fcfNW0XxTWlwVlftzfDOR,Walk,Pantera,Vulgar Display Of Power,Awesome Mix Vol. 1,12349,alt-rock,0,0.704,0.428,0.0933,0.703,5.25,0
5ghIJDpPoe3CfHMGu71E6T,Smells Like Teen Spirit,Nirvana,Nevermind,Awesome Mix Vol. 1,12349,alt-rock,83,0.912,0.502,0.106,0.72,5.03,0
4P5KoWXOxwuobLmHXLMobV,Come As You Are,Nirvana,Nevermind,Awesome Mix Vol. 1,12349,alt-rock,79,0.824,0.5,0.0916,0.539,3.65,0
11LmqTE2naFULdEP94AUBa,Heart-Shaped Box,Nirvana,In Utero - 20th Anniversary - Deluxe Edition,Awesome Mix Vol. 1,12349,alt-rock,79,0.641,0.256,0.0853,0.382,4.69,0
2YodwKJnbPyNKe8XXSE9V7,Lithium,Nirvana,Nevermind,Awesome Mix Vol. 1,12349,alt-rock,73,0.656,0.678,0.0631,0.485,4.28,0
6ORqU0bHbVCRjXm9AjyHyZ,Good Riddance (Time of Your Life),Green Day,Nimrod,Awesome Mix Vol. 1,12349,punk,0,0.432,0.449,0.161,0.645,2.56,0
1nLnpLXvl68RZCSjfkyiaa,Brain Stew,Green Day,Insomniac,Awesome Mix Vol. 1,12349,punk,69,0.543,0.559,0.0577,0.337,3.22,0
6TiUowwluPjwIusdZthgYv,"April 29, 1992 (Miami)",Sublime,Sublime,Awesome Mix Vol. 1,12349,punk,40,0.683,0.758,0.159,0.738,3.89,0
305WCRhhS10XUcH6AEwZk6,Are You Gonna Be My Girl,Jet,Get Born,Awesome Mix Vol. 1,12349,alt-rock,1,0.95,0.598,0.154,0.577,3.56,0
27L8sESb3KR79asDUBu8nW,Stacy's Mom,Fountains Of Wayne,Welcome Interstate Managers,Awesome Mix Vol. 1,12349,alt-rock,76,0.75,0.774,0.0808,0.927,3.3,0
3FJuFr00K5IpgvTCDDaqW5,Pardon Me,Incubus,Make Yourself - Tour Edition,Awesome Mix Vol. 1,12349,grunge,69,0.812,0.579,0.115,0.278,3.73,0
6y20BV5L33R8YXM0YuI38N,No One Knows,Queens of the Stone Age,Songs For The Deaf,Awesome Mix Vol. 1,12349,blues,72,0.584,0.509,0.384,0.685,4.65,0
5UWwZ5lm5PKu6eKsHAGxOk,Everlong,Foo Fighters,The Colour And The Shape,Awesome Mix Vol. 1,12349,alt-rock,84,0.881,0.413,0.0805,0.364,4.18,0
1jNOi6m3Hn8nLEeHCp5Msr,Seven Nation Army,The White Stripes,Elephant,Awesome Mix Vol. 1,12349,alt-rock,84,0.446,0.743,0.337,0.278,3.86,0
5eek2X5459T1HoYJk2CKXv,Last Resort,Papa Roach,Infest,Awesome Mix Vol. 1,12349,alt-rock,80,0.89,0.589,0.201,0.692,3.33,0
3mcG2NI5G5vhrQtRda1YnA,The Middle,Jimmy Eat World,Bleed American,Awesome Mix Vol. 1,12349,alt-rock,0,0.848,0.644,0.0676,0.928,2.8,0
2nzlgHTbUDzuRtTFoX3qfJ,Glycerine - Remastered,Bush,Sixteen Stone,Awesome Mix Vol. 1,12349,grunge,63,0.335,0.421,0.0944,0.0889,4.44,0
4eAwB5pnKFTmsgc3zWoYO0,Fake It,Seether,Finding Beauty In Negative Spaces,Awesome Mix Vol. 1,12349,grunge,75,0.95,0.611,0.0543,0.607,3.23,0
7o2CTH4ctstm8TNelqjb51,Sweet Child O' Mine,Guns N' Roses,Appetite For Destruction,Awesome Mix Vol. 1,12349,hard-rock,84,0.91,0.454,0.116,0.629,5.93,0
12qZHAeOyTf93YAWvGDTat,All The Small Things,blink-182,Enema Of The State,Awesome Mix Vol. 1,12349,punk-rock,2,0.9,0.442,0.395,0.609,2.8,0
2TfSHkHiFO4gRztVIkggkE,"Sugar, We're Goin Down",Fall Out Boy,From Under The Cork Tree,Awesome Mix Vol. 1,12349,emo,2,0.887,0.5,0.114,0.631,3.82,0
0COqiPhxzoWICwFCS4eZcp,Bring Me To Life,Evanescence,Fallen,Awesome Mix Vol. 1,12349,alternative,0,0.943,0.318,0.242,0.298,3.93,0
1gyee1JuFFiP476LQpRMYU,The Red,Chevelle,Wonder What's Next,Awesome Mix Vol. 1,12349,grunge,70,0.843,0.509,0.348,0.332,3.97,0
2miAut6dp9BWdGmOxwSGEC,Sweet Dreams (Are Made Of This),Marilyn Manson,Smells Like Children,Awesome Mix Vol. 1,12349,alt-rock,2,0.664,0.221,0.239,0.101,4.89,0
4ReyTz0y3TGkX48wO3Llot,Epic,Faith No More,The Real Thing,Awesome Mix Vol. 1,12349,alt-rock,0,0.899,0.358,0.195,0.27,4.89,0
5qqabIl2vWzo9ApSC317sa,Wonderwall - Remastered,Oasis,(What's The Story) Morning Glory? [Remastered],Awesome Mix Vol. 1,12349,rock,78,0.896,0.378,0.194,0.469,4.31,0
4UEo1b0wWrtHMC8bVqPiH8,Nightmare,Avenged Sevenfold,Nightmare,Awesome Mix Vol. 1,12349,alternative,72,0.949,0.554,0.2,0.233,6.24,1
7HKRWMTErKh56EIBeFcmdf,Seize the Day,Avenged Sevenfold,City Of Evil,Awesome Mix Vol. 1,12349,alternative,41,0.802,0.393,0.193,0.338,5.57,0
5EWPGh7jbTNO2wakv8LjUI,Free Bird,Lynyrd Skynyrd,Pronounced' Leh-'Nerd 'Skin-'Nerd,Awesome Mix Vol. 1,12349,blues,77,0.834,0.249,0.0924,0.338,9.12,0
0jqK7sGTLsHPkQrrcrGuKD,Still Waiting,Sum 41,Does This Look Infected?,Awesome Mix Vol. 1,12349,punk,71,0.95,0.431,0.272,0.56,2.65,1
7rSERmjAT38lC5QhJ8hnQc,I'm Shipping Up To Boston,Dropkick Murphys,The Warrior's Code,Awesome Mix Vol. 1,12349,punk-rock,70,0.928,0.452,0.226,0.6,2.56,0
4dzOxPZFYX77xpMwv4EhnO,Fat Lip,Sum 41,"All Killer, No Filler",Awesome Mix Vol. 1,12349,punk,74,0.914,0.402,0.065,0.626,2.97,1
3c3XnCPwxGhQEHFxxjQcWe,Thrash Unreal,Against Me!,New Wave,Awesome Mix Vol. 1,12349,punk,0,0.839,0.555,0.102,0.637,4.24,0
23oxJmDc1V9uLUSmN2LIvx,Ocean Avenue,Yellowcard,Ocean Avenue,Awesome Mix Vol. 1,12349,punk,74,0.904,0.486,0.0947,0.786,3.3,0
6TfBA04WJ3X1d1wXhaCFVT,"You're Gonna Go Far, Kid",The Offspring,"Rise And Fall, Rage And Grace",Awesome Mix Vol. 1,12349,alt-rock,81,0.917,0.55,0.197,0.601,2.96,1
5oQcOu1omDykbIPSdSQQNJ,1985,Bowling For Soup,A Hangover You Don't Deserve,Awesome Mix Vol. 1,12349,punk-rock,71,0.887,0.606,0.337,0.903,3.22,0
18GC3F8YPGB8CePXcTUizQ,Thnks fr th Mmrs,Fall Out Boy,Infinity On High,Awesome Mix Vol. 1,12349,emo,2,0.897,0.458,0.103,0.602,3.39,0
5mkGfmJGFZpwK9nA5amOhv,Sex And Candy,Marcy Playground,Marcy Playground,Awesome Mix Vol. 1,12349,grunge,59,0.702,0.55,0.119,0.515,2.89,0
6mORGLOz79w6VsCRLWYYuK,The Night We Met,Lord Huron,Strange Trails,all over the place,12350,folk,83,0.369,0.544,0.639,0.102,3.47,0
7lVQHgESPBFicshr57Z4LL,Bored,Billie Eilish,Bored,all over the place,12350,electro,85,0.318,0.614,0.0795,0.112,3.02,0
0ZAiqymvbQUZAh9y6ZT3Rm,XO,EDEN,i think you think too much of me,all over the place,12350,indie-pop,67,0.39,0.611,0.118,0.617,2.66,0
0VgkVdmE4gld66l8iyGjgx,Mask Off,Future,FUTURE,all over the place,12350,hip-hop,83,0.434,0.833,0.165,0.281,3.41,0
07VBqWH6NG8L2ad3l84UKk,R.I.P. 2 My Youth,The Neighbourhood,Wiped Out!,all over the place,12350,alt-rock,69,0.686,0.353,0.123,0.177,3.42,0
2xYlyywNgefLCRDG8hlxZq,"Take Me Home, Country Roads",John Denver,"The John Denver Collection, Vol. 1: Take Me Home Country Roads",all over the place,12350,country,73,0.395,0.462,0.121,0.625,3.3,0
1W7zkKgRv9mrLbfdQ8XyH3,Gangsta,Kehlani,Suicide Squad: The Album,all over the place,12350,dance,60,0.356,0.447,0.318,0.174,2.95,1
5dKyZWlgjWw1oJgLa4GCZD,Cool Girl,Tove Lo,Lady Wood,all over the place,12350,electro,0,0.695,0.66,0.0752,0.204,3.32,1
18hTbh3xszreJlzMmi0Kbi,Sad Machine,Porter Robinson,Worlds,all over the place,12350,dub,60,0.706,0.47,0.0726,0.327,5.84,0
6gBFPUFcJLzWGx4lenP6h2,goosebumps,Travis Scott,Birds In The Trap Sing McKnight,all over the place,12350,hip-hop,84,0.728,0.841,0.149,0.43,4.06,0
7lGKEWMXVWWTt3X71Bv44I,Unsteady,X Ambassadors,VHS,all over the place,12350,alt-rock,74,0.665,0.389,0.116,0.199,3.23,0
6RSNKGdv3nDTHqgw4bdzyF,Yours,Russell Dickerson,Yours,all over the place,12350,country,67,0.722,0.554,0.0861,0.558,3.62,0
5uCax9HTNlzGybIStD3vDh,Say You Won't Let Go,James Arthur,Back from the Edge,all over the place,12350,pop,85,0.557,0.358,0.0902,0.494,3.52,0
4hEl2wrneFEJbJ6SDYWd2f,Not Afraid,Eminem,Recovery,all over the place,12350,hip-hop,81,0.954,0.855,0.205,0.668,4.14,1
6sDQ4uiWw9OdVrCXFLSlZt,Rap God,Eminem,The Marshall Mathers LP2,all over the place,12350,hip-hop,78,0.843,0.708,0.799,0.625,6.06,1
3yfqSUWxFvZELEM4PmlwIR,The Real Slim Shady,Eminem,The Marshall Mathers LP,all over the place,12350,hip-hop,87,0.661,0.949,0.0454,0.76,4.74,1
2LBqCSwhJGcFQeTHMVGwy3,Die For You,The Weeknd,Starboy,all over the place,12350,pop,88,0.525,0.582,0.134,0.51,4.34,0
2ZWlPOoWh0626oTaHrnl2a,Ivy,Frank Ocean,Blonde,all over the place,12350,soul,81,0.386,0.575,0.229,0.466,4.15,1
5v7kaZNsnyByrSJOfO8gKq,Skrt,Kodak Black,Skrt,all over the place,12350,hip-hop,0,0.352,0.901,0.122,0.199,3.75,0
4fIWvT19w9PR0VVBuPYpWA,Haven't Met You Yet,Michael Bublé,Crazy Love,English,12351,j-pop,72,0.733,0.615,0.109,0.796,4.08,0
48UPSzbZjgc449aqz8bxox,Californication,Red Hot Chili Peppers,Californication,English,12351,alt-rock,2,0.765,0.592,0.127,0.327,5.5,0
1G391cbiT3v3Cywg8T7DM1,Scar Tissue,Red Hot Chili Peppers,Californication,English,12351,alt-rock,79,0.717,0.595,0.108,0.547,3.6,0
5qqabIl2vWzo9ApSC317sa,Wonderwall - Remastered,Oasis,(What's The Story) Morning Glory? [Remastered],English,12351,rock,78,0.896,0.378,0.194,0.469,4.31,0
2xt2piJx6jlFkjS77YiqpL,Like a Stone,Audioslave,Audioslave,English,12351,alt-rock,78,0.568,0.614,0.0997,0.516,4.9,0
21tuvt3CXIsNquc32v8jpc,Show Me How to Live,Audioslave,Audioslave,English,12351,grunge,41,0.854,0.433,0.162,0.368,4.63,0
4Im33JWLEobPtMTTAw7GUF,I Am the Highway,Audioslave,Audioslave,English,12351,grunge,37,0.662,0.341,0.113,0.2,5.58,0
0o995gJCGebaza0LWybToU,Doesn't Remind Me,Audioslave,Out of Exile,English,12351,grunge,64,0.768,0.457,0.103,0.232,4.25,0
4QB2cdh2v5zeRD1khGF9A5,Fly Away From Here,Aerosmith,Just Push Play,English,12351,hard-rock,63,0.686,0.387,0.122,0.171,5.03,0
5uCax9HTNlzGybIStD3vDh,Say You Won't Let Go,James Arthur,Back from the Edge,Heart,12352,pop,85,0.557,0.358,0.0902,0.494,3.52,0
2iXBZ32Fz5VDCLeE0JIdX5,Better in Time,Leona Lewis,Spirit,Heart,12352,british,67,0.7,0.584,0.13,0.549,3.9,0
0ZPfDxZn5O0L84wvPSN2iG,How Long Will I Love You - Bonus Track,Ellie Goulding,Halcyon Days,Heart,12352,indie-pop,66,0.304,0.512,0.118,0.172,2.57,0
1wMALZpuqAy7amQsFBWQ8m,All I Ask,Adele,25,Heart,12352,british,74,0.28,0.591,0.124,0.348,4.53,0
5zCunX8URvLoBHlg1Fnjv6,Already Gone,Sleeping At Last,"Covers, Vol. 2",Heart,12352,ambient,69,0.248,0.418,0.108,0.298,4.05,0
0OF6WSdeVmYEGBZlxvwvLq,Anything You Synthesize - Ambient,The American Dollar,Ambient One,Deep Focus,12353,ambient,53,0.0936,0.496,0.0997,0.0308,4.14,0
1sVPnm3MQqQGaCUH1OO8NV,Noctuary,Bonobo,Dial 'M' for Monkey,Deep Focus,12353,trip-hop,45,0.299,0.667,0.204,0.382,5.37,0
0jVy0Y3QEtUKsrIHAZuR45,I Can Almost See You,Hammock,Raising Your Voice...Trying to Stop an Echo,Deep Focus,12353,ambient,52,0.523,0.0748,0.0886,0.0383,4.22,0
6WuZeRJ8RWPdNgtqLNqn4F,Dusk to Dawn,Emancipator,Dusk to Dawn,Deep Focus,12353,trip-hop,42,0.596,0.558,0.267,0.301,5.43,0
59rlvWkQiu6D4yVN4PV4uM,Reach For The Dead,Boards of Canada,Tomorrow's Harvest,Deep Focus,12353,trip-hop,42,0.576,0.575,0.116,0.0363,4.79,0
4llDF3RuBQYj2nkjTCJY4w,Quiet,This Will Destroy You,Young Mountain,Deep Focus,12353,ambient,44,0.463,0.482,0.36,0.0427,4.89,0
37HI0imp0t6a0MBS00lPkS,The Mighty Rio Grande,This Will Destroy You,S/T,Deep Focus,12353,ambient,49,0.171,0.263,0.0766,0.038,11.28,0
4OO2lavE7yz5Ane6fEYXp3,Everything You Do Is A Balloon,Boards of Canada,Hi Scores,Deep Focus,12353,trip-hop,49,0.385,0.54,0.101,0.0875,7.07,0
1lOSxJNCLvWm2bYaTcTSmK,"Mother Knows Best - From ""Tangled""/Soundtrack Version",Donna Murphy,Tangled,Musicals,12354,disney,66,0.259,0.403,0.0451,0.473,3.17,0
1OzSfjFW08DTD51XoNnog7,"That's How You Know - From ""Enchanted""/Soundtrack Version",Amy Adams,Enchanted,Musicals,12354,disney,31,0.638,0.48,0.133,0.535,3.82,0
0qcr5FMsEO85NAQjrlDRKo,"Let It Go - From ""Frozen""/Soundtrack Version",Idina Menzel,Frozen,Musicals,12354,show-tunes,75,0.485,0.543,0.12,0.371,3.73,0
2QjOHCTQ1Jl3zawyYOpxh6,Sweater Weather,The Neighbourhood,I Love You.,Spring 2013,12355,alt-rock,93,0.807,0.612,0.101,0.398,4.01,0
5WBnKCEsPwsvWHUZmLjS3s,Alive,Empire of the Sun,Ice On The Dune,Spring 2013,12355,alt-rock,65,0.882,0.524,0.071,0.399,3.41,0
5edBgVtRD0fvWk140Sl21T,Counting Stars,OneRepublic,Native,Spring 2013,12355,piano,83,0.705,0.664,0.118,0.477,4.29,0
03CLsFk6JSz301bKuukPSD,Retrograde,James Blake,Overgrown,Spring 2013,12355,electronic,64,0.251,0.533,0.134,0.186,3.73,0
4BP3uh0hFLFRb5cjsgLqDh,Fortunate Son,Creedence Clearwater Revival,Willy And The Poor Boys,solid Gold,12356,country,0,0.663,0.64,0.152,0.665,2.35,0
1qRA5BS78u3gME0loMl9AA,For What It's Worth,Buffalo Springfield,Buffalo Springfield,solid Gold,12356,blues,78,0.519,0.653,0.101,0.822,2.56,0
3jYRpwbctfqB77uU7T7K3U,Caught Up In You,38 Special,Special Forces,solid Gold,12356,country,3,0.787,0.361,0.0421,0.889,4.66,0
0QXaOq4DrPkX7cJsXhERrE,Hold On Loosely,38 Special,Wild-Eyed Southern Boys,solid Gold,12356,country,0,0.707,0.565,0.0851,0.831,4.68,0
5nkYHBWXu7KCgcdwP6jcB1,What I Got,Sublime,Sublime,solid Gold,12356,punk,1,0.693,0.804,0.314,0.654,2.85,0
6kZFIsYCBeuH0f1zGk1UoM,Simple Man,Lynyrd Skynyrd,(Pronounced 'Leh-'Nérd 'Skin-'Nérd),solid Gold,12356,blues,74,0.752,0.422,0.129,0.403,5.97,0
26LOS2Vp5m0Y65hmXbaXxU,Sweet Home Alabama,Lynyrd Skynyrd,20th Century Masters: The Millennium Collection: Best Of The '70s,solid Gold,12356,blues,2,0.724,0.614,0.146,0.902,3.68,0
40iyxHnAaCXODDMixY1okn,Rocky Mountain Way,Joe Walsh,"The Smoker You Drink, The Player You Get",solid Gold,12356,blues,0,0.571,0.449,0.0748,0.448,5.26,0
3fkPMWQ6cBNBLuFcPyMS8s,Burnin' for You,Blue Öyster Cult,Fire of Unknown Origin,solid Gold,12356,blues,67,0.728,0.532,0.0849,0.69,4.52,0
6zeE5tKyr8Nu882DQhhSQI,Dust in the Wind,Kansas,Point Of Know Return,solid Gold,12356,hard-rock,78,0.322,0.475,0.11,0.387,3.44,0
2KmEgiY8fQs0G6WNxtzQKr,Baba O'Riley,The Who,Who's Next,solid Gold,12356,blues,76,0.724,0.489,0.287,0.15,5.01,0
7MRyJPksH3G2cXHN8UKYzP,American Girl,Tom Petty and the Heartbreakers,Tom Petty & The Heartbreakers,solid Gold,12356,folk,0,0.823,0.552,0.366,0.775,3.58,0
6QewNVIDKdSl8Y3ycuHIei,Even Flow,Pearl Jam,Ten,solid Gold,12356,alt-rock,76,0.944,0.394,0.298,0.265,4.88,1
62nQ8UZVqR2RMvkJHkcO2o,Jeremy,Pearl Jam,Ten,solid Gold,12356,grunge,71,0.846,0.285,0.182,0.287,5.3,0
4gvea7UlDkAvsJBPZAd4oB,The Boys Of Summer,Don Henley,Building The Perfect Beast,solid Gold,12356,country,1,0.775,0.516,0.21,0.858,4.81,0
1dv3ePjze9tPq2pk8eWJdR,Gimme Shelter,The Rolling Stones,Let It Bleed,solid Gold,12356,british,0,0.63,0.634,0.169,0.489,4.51,0
4vpeKl0vMGdAXpZiQB2Dtd,White Rabbit,Jefferson Airplane,Surrealistic Pillow,solid Gold,12356,blues,72,0.293,0.551,0.0864,0.322,2.51,0
52vA3CYKZqZVdQnzRrdZt6,The Times They Are A-Changin',Bob Dylan,The Times They Are A-Changin',solid Gold,12356,folk,67,0.396,0.389,0.0828,0.585,3.2,0
4nXkbcTj3nyww1cHkw5RAP,Long Train Runnin',The Doobie Brothers,The Captain And Me,solid Gold,12356,blues,72,0.912,0.575,0.0562,0.843,3.45,0
1I7zHEdDx8Ny5RxzYPqsU2,Reelin' In The Years,Steely Dan,Can't Buy A Thrill,solid Gold,12356,country,0,0.758,0.52,0.109,0.706,4.62,0
0B3hFXFOlbIPt942VGdNfb,You Ain't Seen Nothing Yet,Bachman-Turner Overdrive,Not Fragile,solid Gold,12356,blues,72,0.439,0.475,0.223,0.76,3.96,0
5Lk0ZGm0xF3EvOg9xXiXcR,Takin' Care Of Business,Bachman-Turner Overdrive,Bachman-Turner Overdrive II,solid Gold,12356,blues,0,0.919,0.728,0.152,0.963,4.83,0
0S3gpZzlT9Hb7CCSV2owX7,"Mama, I'm Coming Home",Ozzy Osbourne,No More Tears (Bonus Track Version),solid Gold,12356,hard-rock,69,0.656,0.282,0.0892,0.242,4.2,0
6gZVQvQZOFpzIy3HblJ20F,Man in the Box,Alice In Chains,Facelift,solid Gold,12356,alt-rock,75,0.791,0.355,0.0969,0.758,4.74,1
69QHm3pustz01CJRwdo20z,Hells Bells,AC/DC,Back In Black,solid Gold,12356,hard-rock,74,0.873,0.389,0.273,0.303,5.2,0
0OBwxFLu6Yj61s2OagYbgY,Gimme All Your Lovin',ZZ Top,Eliminator,solid Gold,12356,blues,71,0.788,0.63,0.0883,0.63,4.02,0
43DeSV93pJPT4lCZaWZ6b1,The Boys Are Back In Town,Thin Lizzy,Jailbreak,solid Gold,12356,blues,0,0.87,0.457,0.117,0.694,4.45,0
24NwBd5vZ2CK8VOQVnqdxr,Sweet Emotion,Aerosmith,Toys In The Attic,solid Gold,12356,hard-rock,74,0.76,0.38,0.104,0.491,4.57,0
4sFbojhVXQv7dBC9PVCcRn,Sympathy For The Devil,The Rolling Stones,Beggars Banquet,solid Gold,12356,british,1,0.67,0.636,0.0453,0.572,6.3,0
3e0FzZjTXOUtiJGSClOBrI,Fly Like An Eagle,Steve Miller Band,Fly Like An Eagle,solid Gold,12356,psych-rock,67,0.754,0.561,0.328,0.642,4.71,0
1fDsrQ23eTAVFElUMaf38X,American Pie,Don McLean,American Pie,solid Gold,12356,folk,0,0.563,0.461,0.302,0.477,8.61,0
72WZtWs6V7uu3aMgMmEkYe,You Can't Always Get What You Want,The Rolling Stones,Let It Bleed,solid Gold,12356,british,68,0.62,0.32,0.253,0.472,7.48,0
2LpirOWiA4eslLRuPpQT7V,Maggie May,Rod Stewart,Every Picture Tells A Story,solid Gold,12356,rock,1,0.719,0.594,0.124,0.494,5.84,0
0bVtevEgtDIeRjCJbK3Lmv,Welcome To The Jungle,Guns N' Roses,Appetite For Destruction,solid Gold,12356,hard-rock,80,0.954,0.447,0.298,0.331,4.57,0
5WpDQOIHa6ba3rJSay0udr,Turn The Page,Metallica,Garage Inc.,solid Gold,12356,hard-rock,64,0.813,0.426,0.0937,0.228,6.11,0
3bE5slaVEfaDreqARl6k4M,Yellow Ledbetter,Pearl Jam,Jeremy,solid Gold,12356,grunge,70,0.354,0.504,0.157,0.292,5.06,0
0W7AbEauB7cP4pidLclApe,Hunger Strike,Temple Of The Dog,Temple Of The Dog,solid Gold,12356,grunge,69,0.567,0.373,0.0916,0.298,4.1,0
1kiNatIrwDusOZfR29W0LJ,Man in the Mirror - 2012 Remaster,Michael Jackson,Bad 25th Anniversary,Rust,12358,soul,70,0.812,0.808,0.134,0.269,5.31,0
3E6iea9uEmB7gRru4lyP6h,Stop This Train,John Mayer,Continuum,Rust,12358,singer-songwriter,65,0.437,0.619,0.0971,0.408,4.75,0
16GUMo6u3D2qo9a19AkYct,Movin' Out (Anthony's Song),Billy Joel,The Stranger (30th Anniversary Legacy Edition),Rust,12358,piano,67,0.88,0.664,0.0591,0.895,3.51,0
6l9HDwqU46DHCuNyvbmFdP,New Soul,Yael Naim,Yael Naim,Rust,12358,french,59,0.371,0.582,0.122,0.604,3.75,0
2ctvdKmETyOzPb2GiJJT53,Breathe (In the Air),Pink Floyd,The Dark Side of the Moon,Rust,12358,psych-rock,71,0.373,0.431,0.143,0.253,2.83,0
1TKTiKp3zbNgrBH2IwSwIx,Us and Them,Pink Floyd,The Dark Side of the Moon,Rust,12358,psych-rock,66,0.302,0.357,0.634,0.135,7.82,0
4GDSnxxtmIyVS4Twl7Y7UB,Being Alive,Stephen Sondheim,Company,Rust,12358,show-tunes,47,0.414,0.366,0.0671,0.15,5.08,0
1SKPmfSYaPsETbRHaiA18G,Somewhere Only We Know,Keane,Hopes And Fears,Rust,12358,piano,85,0.665,0.448,0.0828,0.304,3.95,0
7e8utCy2JlSB8dRHKi49xM,Fluorescent Adolescent,Arctic Monkeys,Favourite Worst Nightmare,Rust,12358,garage,79,0.828,0.654,0.122,0.79,2.89,0
1UMXtudajhlocMzXVSngDU,The Trial,Pink Floyd,The Wall,Rust,12358,psych-rock,52,0.37,0.414,0.211,0.33,5.31,0
48UPSzbZjgc449aqz8bxox,Californication,Red Hot Chili Peppers,Californication,Rust,12358,alt-rock,2,0.765,0.592,0.127,0.327,5.5,0
2O3l4X1yTua8oMMCtazkyo,The Happiest Days of Our Lives,Pink Floyd,The Wall,Rust,12358,psych-rock,59,0.231,0.74,0.249,0.546,1.85,0
0auq2Wzn9jg2uK1kKFbNkR,Every Time the Sun Comes Up,Sharon Van Etten,Are We There,easy,12359,j-rock,60,0.522,0.663,0.197,0.301,4.38,0
4iLqG9SeJSnt0cSPICSjxv,Attention,Charlie Puth,Attention,???,12360,dance,83,0.613,0.775,0.134,0.797,3.52,0
3zHq9ouUJQFQRf3cm1rRLu,"Love Me Like You Do - From ""Fifty Shades Of Grey""",Ellie Goulding,Delirium,Ellie Goulding,12361,dance,79,0.606,0.262,0.125,0.275,4.21,0
2bRXehD283NioREYxlohc4,Lights - Single Version,Ellie Goulding,Bright Lights,Ellie Goulding,12361,dance,0,0.802,0.681,0.127,0.791,3.51,0
6sKAs2tdtTVTO2U0IgJAur,Emergency,Icona Pop,Emergency,spring break,12363,synth-pop,56,0.969,0.834,0.0635,0.928,2.83,0
7HNpXPaTcX5CoNBjTAEWBr,Down By The River,Milky Chance,Sadnecessary,spring break,12363,german,66,0.695,0.687,0.109,0.453,4.02,0
5mpLcXEsk3jjzLFGuNKk5I,Flashed Junk Mind,Milky Chance,Sadnecessary,spring break,12363,german,66,0.84,0.84,0.114,0.904,4.37,0
2DpCdPMg1BADE4HDnxt3Rd,"Sit Still, Look Pretty",Daya,"Sit Still, Look Pretty",spring break,12363,dance,63,0.787,0.655,0.178,0.554,3.37,0
5hvegt2rnsuCMhDOXkPffC,Spitfire,The Prodigy,"Always Outnumbered, Never Outgunned",Tech,12364,breakbeat,53,0.924,0.563,0.0352,0.26,5.14,0
5dZu9qegz7rPiSWcMpygT6,Interloper,Carbon Based Lifeforms,Interloper,Tech,12364,ambient,43,0.462,0.522,0.11,0.104,6.45,0
0DIekYoiwwr1kkTUGmQlSL,Strobe - Radio Edit,deadmau5,Strobe,Tech,12364,electronic,53,0.706,0.649,0.163,0.0736,3.53,0
0YchKPFRbVwwO4dH5hKrRi,Strobe,deadmau5,For Lack of a Better Name,Tech,12364,electronic,45,0.524,0.436,0.114,0.0365,10.62,0
5xKVYMxOHB2XRLCUafFrz6,Dream Is Collapsing,Hans Zimmer,Inception,Tech,12364,german,56,0.433,0.518,0.42,0.0892,2.4,0
5yuXdw2gb5bV4MXngcfvN6,Why Do We Fall?,Hans Zimmer,The Dark Knight Rises,Tech,12364,german,55,0.419,0.248,0.284,0.0349,2.05,0
6wH5EKnvBwwi0TkrdY1qfc,Gotham's Reckoning,Hans Zimmer,The Dark Knight Rises,Tech,12364,german,49,0.379,0.582,0.146,0.0661,4.12,0
56fZFRtOSMIMyVh0ZIF0AT,Knee Socks,Arctic Monkeys,AM,sad vibes,12365,garage,76,0.542,0.665,0.342,0.587,4.29,0
2tznHmp70DxMyr2XhWLOW0,Cigarette Daydreams,Cage The Elephant,Melophobia,sad vibes,12365,blues,79,0.676,0.636,0.0831,0.273,3.48,0
1ILohAFQXEIWBqOg9ibCDI,Keep Breathing,Ingrid Michaelson,Be OK,sleep,12366,acoustic,54,0.308,0.52,0.115,0.187,3.43,0
0UgmLwOrTeOCUNwV07a5AD,Breathe Again,Sara Bareilles,Kaleidoscope Heart,sleep,12366,acoustic,51,0.482,0.366,0.117,0.278,4.97,0
5ghIJDpPoe3CfHMGu71E6T,Smells Like Teen Spirit,Nirvana,Nevermind,alt,12367,alt-rock,83,0.912,0.502,0.106,0.72,5.03,0
29tzJGvqJPTAFs6LXmsHoA,R U Mine?,Arctic Monkeys,AM,alt,12367,garage,83,0.758,0.288,0.303,0.619,3.36,0
48q0vSHcJdhK3IiXH8C5WJ,Why'd You Only Call Me When You're High?,Arctic Monkeys,AM,alt,12367,garage,88,0.631,0.691,0.104,0.8,2.69,0
3rq5w4bQGigXOfdN30ATJt,Do I Wanna Know?,Arctic Monkeys,AM,alt,12367,garage,88,0.532,0.548,0.217,0.405,4.54,0
7oK9VyNzrYvRFo7nQEYkWN,Mr. Brightside,The Killers,Hot Fuss,alt,12367,alt-rock,2,0.931,0.344,0.0903,0.251,3.71,0
7HGTkn2aX7MNdKs7nV2xBt,Somebody Told Me,The Killers,Hot Fuss,alt,12367,alt-rock,0,0.981,0.508,0.0555,0.746,3.29,0
6TfBA04WJ3X1d1wXhaCFVT,"You're Gonna Go Far, Kid",The Offspring,"Rise And Fall, Rage And Grace",alt,12367,alt-rock,81,0.917,0.55,0.197,0.601,2.96,1
3Z9PJ6xiEGmcqo2hESEB5n,Bitter Sweet Symphony,The Verve,Urban Hymns,alt,12367,alt-rock,80,0.917,0.356,0.406,0.518,5.95,0
4EnkwZd0UJAuHpNMMemQaA,Closing Time,Semisonic,Feeling Strangely Fine,alt,12367,alt-rock,0,0.854,0.478,0.115,0.274,4.56,0
4kbj5MwxO1bq9wjT5g9HaA,Shut Up and Dance,WALK THE MOON,TALKING IS HARD,alt,12367,alt-rock,83,0.866,0.578,0.257,0.619,3.32,0
7lGKEWMXVWWTt3X71Bv44I,Unsteady,X Ambassadors,VHS,alt,12367,alt-rock,74,0.665,0.389,0.116,0.199,3.23,0
28IEbk5a7twNTbUEvWslUb,Paralyzer,Finger Eleven,Them Vs. You Vs. Me,alt,12367,grunge,75,0.939,0.644,0.233,0.861,3.47,0
2ihCaVdNZmnHZWt0fvAM7B,Little Talks,Of Monsters and Men,My Head Is An Animal,alt,12367,folk,0,0.76,0.446,0.319,0.346,4.44,0
5g7rJvWYVrloJZwKiShqlS,Dirty Paws,Of Monsters and Men,My Head Is An Animal,alt,12367,folk,70,0.649,0.359,0.0555,0.133,4.64,0
1jdNcAD8Ir58RlsdGjJJdx,Ho Hey,The Lumineers,The Lumineers,alt,12367,folk,79,0.471,0.682,0.0908,0.421,2.69,0
1jNOi6m3Hn8nLEeHCp5Msr,Seven Nation Army,The White Stripes,Elephant,alt,12367,alt-rock,84,0.446,0.743,0.337,0.278,3.86,0
5QldjuXcxplhjjUqLrzl6H,Kids,MGMT,Oracular Spectacular/Congratulations,alt,12367,alt-rock,78,0.931,0.451,0.361,0.172,5.05,0
2TfSHkHiFO4gRztVIkggkE,"Sugar, We're Goin Down",Fall Out Boy,From Under The Cork Tree,alt,12367,emo,2,0.887,0.5,0.114,0.631,3.82,0
6ihL9TjfRjadfEePzXXyVF,Gives You Hell,The All-American Rejects,When The World Comes Down,alt,12367,punk-rock,0,0.675,0.725,0.0537,0.595,3.55,0
1j8z4TTjJ1YOdoFEDwJTQa,Ain't It Fun,Paramore,Paramore,alt,12367,emo,1,0.893,0.606,0.021,0.671,4.94,0
2iUmqdfGZcHIhS3b9E9EWq,Everybody Talks,Neon Trees,Picture Show,alt,12367,alt-rock,80,0.924,0.471,0.313,0.725,2.95,0
6ZOBP3NvffbU4SZcrnt1k6,Kryptonite,3 Doors Down,The Better Life,alt,12367,alt-rock,0,0.848,0.544,0.134,0.489,3.9,0
48UPSzbZjgc449aqz8bxox,Californication,Red Hot Chili Peppers,Californication,alt,12367,alt-rock,2,0.765,0.592,0.127,0.327,5.5,0
64BbK9SFKH2jk86U3dGj2P,Otherside,Red Hot Chili Peppers,Californication,alt,12367,alt-rock,80,0.795,0.458,0.0756,0.513,4.26,0
3ZOEytgrvLwQaqXreDs2Jx,Can't Stop,Red Hot Chili Peppers,By The Way,alt,12367,alt-rock,82,0.938,0.618,0.167,0.875,4.48,0
6EsBn1Md8C5YdbCzvwvZq8,Self Esteem,The Offspring,Greatest Hits,alt,12367,punk-rock,77,0.862,0.488,0.359,0.706,4.3,1
1eyzqe2QqGZUmfcPZtrIyt,Midnight City,M83,"Hurry Up, We're Dreaming",alt,12367,french,76,0.729,0.507,0.0658,0.272,4.02,0
5tVA6TkbaAH9QMITTQRrNv,Free Fallin',Tom Petty,Full Moon Fever,alt,12367,folk,0,0.504,0.619,0.06,0.568,4.27,0
4dyx5SzxPPaD8xQIid5Wjj,Young Folks,Peter Bjorn and John,Writer's Block,alt,12367,alt-rock,76,0.812,0.699,0.105,0.662,4.61,0
7rqyZM53JpYj86avtfmyeg,My Type,Saint Motel,My Type,alt,12367,alt-rock,70,0.896,0.595,0.0748,0.567,3.44,0
7BHPGtpuuWWsvE7cCaMuEU,Naive,The Kooks,Inside In / Inside Out,alt,12367,indie,1,0.818,0.564,0.0402,0.712,3.39,0
6ZYS6QQxTLsQ6IFXdVx1r4,Ophelia,The Lumineers,Cleopatra,alt,12367,folk,79,0.573,0.664,0.0857,0.566,2.67,0
7kzKAuUzOITUauHAhoMoxA,Last Nite,The Strokes,Is This It,alt,12367,alt-rock,74,0.91,0.624,0.0789,0.767,3.23,0
2MLHyLy5z5l5YRp7momlgw,Island In The Sun,Weezer,Weezer (Green Album),alt,12367,alt-rock,1,0.794,0.654,0.165,0.678,3.34,0
6b5rA9rthDbZDOQp9UbOgl,Little Lion Man,Mumford & Sons,Sigh No More,alt,12367,folk,68,0.492,0.517,0.0873,0.455,4.09,0
46GGxd8TVRt6FjUBfCavVT,Renegades,X Ambassadors,VHS,alt,12367,alt-rock,76,0.862,0.526,0.229,0.528,3.25,0
7j56HrjR9cGzvekvZY3Faz,HandClap,Fitz and The Tantrums,Fitz and The Tantrums,alt,12367,alt-rock,0,0.836,0.634,0.0828,0.715,3.22,0
70wYA8oYHoMzhRRkARoMhU,When You Were Young,The Killers,Sam's Town,alt,12367,alt-rock,5,0.976,0.441,0.298,0.248,3.67,0
2GiJYvgVaD2HtM8GqD9EgQ,Electric Love,BØRNS,Dopamine,alt,12367,rock,82,0.797,0.611,0.26,0.518,3.64,0
3PvzvltQZLIKk9YgoMP3Yq,The Mother We Share,CHVRCHES,The Bones Of What You Believe,alt,12367,synth-pop,51,0.722,0.462,0.127,0.327,3.17,0
2QjOHCTQ1Jl3zawyYOpxh6,Sweater Weather,The Neighbourhood,I Love You.,alt,12367,alt-rock,93,0.807,0.612,0.101,0.398,4.01,0
2l57cfmCnOkwNX1tky02n1,Move Along,The All-American Rejects,Move Along,alt,12367,punk-rock,61,0.92,0.526,0.371,0.615,3.98,0
2YodwKJnbPyNKe8XXSE9V7,Lithium,Nirvana,Nevermind,alt,12367,alt-rock,73,0.656,0.678,0.0631,0.485,4.28,0
08mG3Y1vljYA6bvDt4Wqkj,Back In Black,AC/DC,Back In Black,alt,12367,hard-rock,85,0.7,0.31,0.0828,0.763,4.26,0
2tznHmp70DxMyr2XhWLOW0,Cigarette Daydreams,Cage The Elephant,Melophobia,alt,12367,blues,79,0.676,0.636,0.0831,0.273,3.48,0
0UeYCHOETPfai02uskjJ3x,Shooting Stars,Bag Raiders,Bag Raiders,alt,12367,disco,67,0.72,0.636,0.0868,0.425,3.93,0
0RUXHlYhA057fCOe2vqIqu,Ships In The Night,Mat Kearney,Young Love,alt,12367,acoustic,44,0.885,0.448,0.0476,0.134,4.26,0
2H6dHxAxGq5oQ9EiinNpXT,Spirits,The Strumbellas,Hope,alt,12367,folk,63,0.657,0.556,0.113,0.79,3.39,0
7GJClzimvMSghjcrKxuf1M,Budapest,George Ezra,Wanted On Voyage,alt,12367,folk,79,0.455,0.717,0.11,0.389,3.35,0
2jdAk8ATWIL3dwT47XpRfu,Slow Dancing in a Burning Room,John Mayer,Continuum,alt,12367,singer-songwriter,74,0.361,0.667,0.0805,0.29,4.03,0
2ZWlPOoWh0626oTaHrnl2a,Ivy,Frank Ocean,Blonde,Ivy,12368,soul,81,0.386,0.575,0.229,0.466,4.15,1
3xKsf9qdS1CyvXSMEid6g8,Pink + White,Frank Ocean,Blonde,Ivy,12368,soul,85,0.545,0.545,0.417,0.549,3.08,0
2LMkwUfqC6S6s6qDVlEuzV,White Ferrari,Frank Ocean,Blonde,Ivy,12368,soul,79,0.0958,0.501,0.298,0.204,4.15,0
7LX4aXtvImhdgUHQBlo8Kp,K.,Cigarettes After Sex,Cigarettes After Sex,Ivy,12368,ambient,78,0.4,0.454,0.137,0.327,5.33,0
4YZbVct8l9MnAVIROnLQdx,Forrest Gump,Frank Ocean,channel ORANGE,Ivy,12368,soul,69,0.417,0.701,0.375,0.186,3.25,0
7DfFc7a6Rwfi3YQMRbDMau,Thinkin Bout You,Frank Ocean,channel ORANGE,Ivy,12368,soul,78,0.339,0.721,0.0973,0.2,3.35,0
19YKaevk2bce4odJkP5L22,Nikes,Frank Ocean,Blonde,Ivy,12368,soul,72,0.395,0.633,0.108,0.123,5.23,0
1QWxddJmOhQb1vDdyTipMR,BTS Cypher 4,BTS,Wings,KPOP,12370,k-pop,66,0.797,0.817,0.0551,0.361,4.91,0
5RGf8qn1TBWVplLyyKUsuV,Blood Sweat & Tears,BTS,Wings,KPOP,12370,k-pop,75,0.885,0.584,0.357,0.605,3.62,0
2Kspa0jD2MSkaEdonf4Cnb,We Are Bulletproof Pt.2,BTS,2 Cool 4 Skool,KPOP,12370,k-pop,63,0.95,0.753,0.134,0.868,3.76,0
1yEzWCIc2MUt9Fw1p25YUo,Outro: Wings,BTS,You Never Walk Alone,KPOP,12370,k-pop,66,0.903,0.651,0.0875,0.658,3.76,0
4hrpoqJMVE7FxBu1YWx0eQ,Not Today,BTS,You Never Walk Alone,KPOP,12370,k-pop,71,0.945,0.593,0.923,0.674,3.86,0
0WNGsQ1oAuHzNTk8jivBKW,Spring Day,BTS,You Never Walk Alone,KPOP,12370,k-pop,76,0.846,0.539,0.13,0.462,4.57,0
6KQSeSPqBa15gMWLO1fdkk,Begin,BTS,Wings,KPOP,12370,k-pop,66,0.842,0.566,0.141,0.308,3.83,0
626lrZfNIlthgrUfjvRYrh,Stigma,BTS,Wings,KPOP,12370,k-pop,67,0.475,0.566,0.139,0.335,3.6,0
4vsikz3bK2s1u7EuWWyErY,Silver Spoon,BTS,The Most Beautiful Moment In Life Pt.2,KPOP,12370,k-pop,71,0.879,0.65,0.0483,0.536,3.89,0
6njl4FfPUwVmoIR1RKLq05,Danger,BTS,Dark & Wild,KPOP,12370,k-pop,66,0.868,0.738,0.275,0.377,4.09,0
1hehPTlSVIhHEvCkVoe4HX,N.O,BTS,"O!RUL8,2?",KPOP,12370,k-pop,62,0.909,0.597,0.374,0.564,3.5,0
5EzitieoPnjyKHAq0gfRMa,Ko Ko Bop,EXO,THE WAR - The 4th Album,KPOP,12370,k-pop,65,0.85,0.749,0.0678,0.672,3.17,0
6Upu6yjkdi0DVI8E3IBZEU,Don't Wanna Cry,SEVENTEEN,SEVENTEEN 4th Mini Album Al1,KPOP,12370,k-pop,71,0.683,0.781,0.16,0.722,3.39,0
1Rrj7KyS2R6SP9CQMDJW1w,VERY NICE,SEVENTEEN,Love&Letter repackage album,KPOP,12370,k-pop,73,0.898,0.746,0.0858,0.879,3.2,0
2PsuktMveOXllYMbAy5dEj,Hello Bitches,CL,Hello Bitches,KPOP,12370,k-pop,66,0.884,0.714,0.439,0.584,2.97,0
4BHzQ9C00ceJxfG16AlNWb,Send My Love (To Your New Lover),Adele,25,vibes,12371,british,72,0.533,0.688,0.172,0.567,3.72,0
5mpLcXEsk3jjzLFGuNKk5I,Flashed Junk Mind,Milky Chance,Sadnecessary,vibes,12371,german,66,0.84,0.84,0.114,0.904,4.37,0
1TGimSbipZ3XZ7q3eszBRV,Angel Of Small Death & The Codeine Scene,Hozier,Hozier,vibes,12371,singer-songwriter,62,0.638,0.377,0.12,0.369,3.65,0
0j6YwWZVHsIFKr5FDEu68o,Jackie And Wilson,Hozier,Hozier,vibes,12371,singer-songwriter,60,0.712,0.566,0.124,0.753,3.72,0
4T8FoNHY3UZSYgOV76ueVU,Ancient Light,Allman Brown,1000 Years,vibes,12371,acoustic,41,0.208,0.435,0.147,0.189,4.08,0
33SfII0eODY8JCxUhnt4T2,Sedated,Hozier,Hozier,vibes,12371,singer-songwriter,55,0.61,0.66,0.105,0.29,3.46,0
6QHGyXR0m3PDStlyHN8dYK,Stay Alive,José González,Stay Alive,vibes,12371,folk,0,0.306,0.714,0.0924,0.314,4.45,0
5tz0Zo36q6SJcQk7xaeJLJ,Arsonist's Lullabye,Hozier,Hozier,vibes,12371,singer-songwriter,60,0.426,0.281,0.124,0.181,4.44,0
1mia2jUSO5ea1Pe7xmsLV0,Indian Summer,Jai Wolf,Indian Summer,vibes,12371,edm,58,0.825,0.435,0.0845,0.0425,4.14,0
3xMSaDC9TU6AQJIsxQB7MK,All You Need Is Love - Remastered 2009,The Beatles,Magical Mystery Tour,oldies,12372,british,65,0.48,0.4,0.155,0.653,3.84,0
1fDsrQ23eTAVFElUMaf38X,American Pie,Don McLean,American Pie,oldies,12372,folk,0,0.563,0.461,0.302,0.477,8.61,0
1AhDOtG9vPSOmsWgNW0BEY,Bohemian Rhapsody - Remastered 2011,Queen,A Night At The Opera,oldies,12372,rock,82,0.404,0.414,0.3,0.224,5.91,0
3yrSvpt2l1xhsV9Em88Pul,Brown Eyed Girl,Van Morrison,Blowin' Your Mind!,oldies,12372,folk,80,0.583,0.491,0.406,0.908,3.06,0
1ynmMEK1fkyiZ6Z6F3ThEt,Centerfold,The J. Geils Band,Freeze Frame,oldies,12372,blues,74,0.677,0.653,0.403,0.888,3.61,0
4EnkwZd0UJAuHpNMMemQaA,Closing Time,Semisonic,Feeling Strangely Fine,oldies,12372,alt-rock,0,0.854,0.478,0.115,0.274,4.56,0
0EMmVUYs9ZZRHtlADB88uz,Come On Eileen,Dexys Midnight Runners,Too Rye Ay,oldies,12372,ska,2,0.769,0.45,0.306,0.604,4.79,0
4aWn4NHlELpOehxsBaQeoe,Don't You (Forget About Me),Simple Minds,Once Upon A Time,oldies,12372,synth-pop,2,0.858,0.638,0.333,0.743,4.38,0
6QewNVIDKdSl8Y3ycuHIei,Even Flow,Pearl Jam,Ten,oldies,12372,alt-rock,76,0.944,0.394,0.298,0.265,4.88,1
1qRA5BS78u3gME0loMl9AA,For What It's Worth,Buffalo Springfield,Buffalo Springfield,oldies,12372,blues,78,0.519,0.653,0.101,0.822,2.56,0
4BP3uh0hFLFRb5cjsgLqDh,Fortunate Son,Creedence Clearwater Revival,Willy And The Poor Boys,oldies,12372,country,0,0.663,0.64,0.152,0.665,2.35,0
4QlzkaRHtU8gAdwqjWmO8n,Friday I'm In Love,The Cure,Wish,oldies,12372,punk-rock,1,0.946,0.552,0.368,0.458,3.59,0
1dv3ePjze9tPq2pk8eWJdR,Gimme Shelter,The Rolling Stones,Let It Bleed,oldies,12372,british,0,0.63,0.634,0.169,0.489,4.51,0
4y1LsJpmMti1PfRQV9AWWe,Girls Just Want to Have Fun,Cyndi Lauper,She's So Unusual,oldies,12372,disco,79,0.799,0.71,0.349,0.725,3.97,0
3H7sv3Krffn15BufUuXzf3,Hey Jude - Remastered 2015,The Beatles,1,oldies,12372,british,74,0.607,0.386,0.088,0.532,7.09,0
3v9xlH6BpmRbqL7hgNJhfT,I Get Around (Mono),The Beach Boys,All Summer Long,oldies,12372,psych-rock,66,0.625,0.39,0.0663,0.514,2.24,0
5w04WICRyhBS42eotpIKWk,I Started A Joke,Bee Gees,Idea,oldies,12372,disco,67,0.464,0.31,0.132,0.431,3.14,0
4DRBaZ760gyk7LWnaJFqsJ,I Want To Hold Your Hand - Remastered 2015,The Beatles,1,oldies,12372,british,72,0.715,0.49,0.311,0.866,2.43,0
7rSERmjAT38lC5QhJ8hnQc,I'm Shipping Up To Boston,Dropkick Murphys,The Warrior's Code,oldies,12372,punk-rock,70,0.928,0.452,0.226,0.6,2.56,0
2wVXSc0IrQVodHESUxVUJA,Losing My Religion,R.E.M.,Out Of Time,oldies,12372,alt-rock,0,0.854,0.666,0.0986,0.803,4.47,0
1QEEqeFIZktqIpPI4jSVSF,More Than a Feeling,Boston,Boston,oldies,12372,country,79,0.681,0.377,0.0504,0.285,4.75,0
6awTbDHgM907tGecNQYPaV,My Generation - Stereo Version,The Who,My Generation,oldies,12372,british,65,0.782,0.412,0.0775,0.705,3.31,0
6RrXd9Hph4hYR4bf3dbM6H,My Girl,The Temptations,The Temptations Sing Smokey,oldies,12372,funk,79,0.418,0.572,0.0961,0.694,2.75,0
78WVLOP9pN0G3gRLFy1rAa,Piano Man,Billy Joel,Piano Man,oldies,12372,folk,77,0.55,0.331,0.192,0.429,5.6,0
4osg3vT6sXv6wNxm9Z6ucQ,Rehab,Amy Winehouse,Back To Black,oldies,12372,british,73,0.558,0.407,0.34,0.777,3.56,0
6L7CjMm9gJNn8Ze62bRk3g,Sugar Sugar,The Archies,Absolutely the Best of the Archies,oldies,12372,r-n-b,69,0.725,0.757,0.108,0.965,2.79,0
7o2CTH4ctstm8TNelqjb51,Sweet Child O' Mine,Guns N' Roses,Appetite For Destruction,oldies,12372,hard-rock,84,0.91,0.454,0.116,0.629,5.93,0
4CJVkjo5WpmUAKp3R44LNb,Sweet Home Alabama,Lynyrd Skynyrd,Second Helping,oldies,12372,blues,2,0.724,0.614,0.146,0.902,4.69,0
2WfaOiMkCvy7F5fcp2zZ8L,Take On Me,a-ha,Hunting High And Low,oldies,12372,synth-pop,0,0.931,0.524,0.0588,0.811,3.75,0
4Z1fbYp0HuxLBje4MOZcSD,Twist And Shout - Remastered 2009,The Beatles,Please Please Me,oldies,12372,british,75,0.849,0.482,0.0414,0.937,2.59,0
2dCmGcEOQrMQhMMS8Vj7Ca,Super Freak,Rick James,Street Songs,oldies,12372,disco,3,0.796,0.857,0.0503,0.944,3.42,0
7o7E1nrHWncYY7PY94gCiX,Video Killed The Radio Star,The Buggles,The Age Of Plastic,oldies,12372,synth-pop,72,0.678,0.68,0.204,0.251,4.23,0
0wJoRiX5K5BxlqZTolB2LD,Purple Haze,Jimi Hendrix,Are You Experienced,oldies,12372,blues,71,0.905,0.533,0.0698,0.486,2.85,0
6ZOPiKQeibCn7fP8dncucL,Blue Ain't Your Color,Keith Urban,Ripcord,Country,12373,country,53,0.416,0.69,0.102,0.479,3.84,0
5kNe7PE09d6Kvw5pAsx23n,Die A Happy Man,Thomas Rhett,Tangled Up,Country,12373,country,1,0.389,0.59,0.117,0.389,3.79,0
03fT3OHB9KyMtGMt2zwqCT,Play It Again,Luke Bryan,Crash My Party,Country,12373,country,75,0.886,0.506,0.0734,0.595,3.78,0
1WzAeadSKJhqykZFbJNmQv,Your Man,Josh Turner,Your Man,Country,12373,country,73,0.637,0.744,0.0696,0.785,3.53,0
7mldq42yDuxiUNn08nvzHO,Body Like A Back Road,Sam Hunt,Body Like A Back Road,Country,12373,country,0,0.458,0.732,0.136,0.661,2.76,0
2Q2Gu7Bv8iLenuygtBgDUw,From Me To You - Mono / Remastered,The Beatles,1,??????,12374,british,58,0.821,0.581,0.108,0.968,1.94,0
5b9iBVhfYxDF4JJcHrNIx5,Gooey,Glass Animals,ZABA,??????,12374,indie-pop,71,0.369,0.487,0.0925,0.106,4.82,1
6FZTAXHzXjkZxhfiHeLG6n,Lost & Found,Lianne La Havas,Is Your Love Big Enough?,??????,12374,british,0,0.349,0.517,0.123,0.142,4.46,0
6bZBHeQVOVGLvAwnQKb6rC,Should Have Known Better,Sufjan Stevens,Carrie & Lowell,??????,12374,singer-songwriter,65,0.171,0.493,0.126,0.296,5.09,0
1NZs6n6hl8UuMaX0UC0YTz,Brooklyn Baby,Lana Del Rey,Ultraviolence,??????,12374,pop,0,0.664,0.378,0.11,0.0941,5.86,0
4q1LP4YcHOIUy8XSqpR8HH,Promise,Ben Howard,Every Kingdom,??????,12374,british,64,0.189,0.367,0.364,0.177,6.4,0
0auq2Wzn9jg2uK1kKFbNkR,Every Time the Sun Comes Up,Sharon Van Etten,Are We There,??????,12374,j-rock,60,0.522,0.663,0.197,0.301,4.38,0
4XYxBgTd33PjJeiXnwVLwL,Amor Fati,Washed Out,Within and Without,Electronica,12375,synth-pop,42,0.857,0.508,0.0738,0.531,4.43,0
4i13Vno2UPtn6kp2Ge9N2J,New Theory,Washed Out,Life Of Leisure,Electronica,12375,synth-pop,53,0.865,0.549,0.147,0.355,2.81,0
6IE47jpPeatF2Iay7GZtEc,Feel It All Around,Washed Out,Life Of Leisure,Electronica,12375,synth-pop,63,0.737,0.34,0.0699,0.499,3.2,0
0ytw2owVvegkIS87txqV1O,Swim Good,Frank Ocean,Swim Good,Electronica,12375,soul,69,0.668,0.653,0.0731,0.711,4.29,0
2wEHxTBxLJk3vYzyW6dsAU,Glory Box - Live,Portishead,Roseland NYC Live,Electronica,12375,trip-hop,46,0.705,0.43,0.838,0.182,5.62,0
5kNbpvJ5b6R9Zqfm6c9sIX,Strict Machine,Goldfrapp,Black Cherry,Electronica,12375,synth-pop,12,0.59,0.634,0.112,0.45,3.86,0
6ic8OlLUNEATToEFU3xmaH,Gimme More,Britney Spears,Blackout,Electronica,12375,dance,79,0.844,0.788,0.0723,0.382,4.19,1
2BndJYJQ17UcEeUFJP5JmY,Paradise Circus,Massive Attack,Heligoland,Electronica,12375,electronic,62,0.591,0.81,0.072,0.297,4.96,0
7DfFc7a6Rwfi3YQMRbDMau,Thinkin Bout You,Frank Ocean,channel ORANGE,Electronica,12375,soul,78,0.339,0.721,0.0973,0.2,3.35,0
18hTbh3xszreJlzMmi0Kbi,Sad Machine,Porter Robinson,Worlds,Electronica,12375,dub,60,0.706,0.47,0.0726,0.327,5.84,0
3ZMv9EzGoteNi5Qnx0KpEO,Skinny Love,Bon Iver,"For Emma, Forever Ago",feel good,12376,folk,73,0.263,0.592,0.127,0.109,3.87,0
1eyzqe2QqGZUmfcPZtrIyt,Midnight City,M83,"Hurry Up, We're Dreaming",feel good,12376,french,76,0.729,0.507,0.0658,0.272,4.02,0
5QldjuXcxplhjjUqLrzl6H,Kids,MGMT,Oracular Spectacular/Congratulations,feel good,12376,alt-rock,78,0.931,0.451,0.361,0.172,5.05,0
1Zqy9bervYUomy12Pbm3rP,Time to Pretend,MGMT,Oracular Spectacular/Congratulations,feel good,12376,alt-rock,72,0.94,0.438,0.3,0.421,4.35,0
0ByKWq0hsuYriK5avSMJ5r,Crosses,José González,Veneer,feel good,12376,goth,55,0.369,0.666,0.102,0.318,2.72,0
6GIrIt2M39wEGwjCQjGChX,The Great Escape,Boys Like Girls,Boys Like Girls,feel good,12376,punk-rock,55,0.94,0.423,0.178,0.505,3.44,0
6ihL9TjfRjadfEePzXXyVF,Gives You Hell,The All-American Rejects,When The World Comes Down,feel good,12376,punk-rock,0,0.675,0.725,0.0537,0.595,3.55,0
1FMHNVeJ9s1x1l1WlaRs2I,It Ends Tonight,The All-American Rejects,Move Along,feel good,12376,punk-rock,58,0.631,0.454,0.177,0.313,4.08,0
7JcB1XSpmlULBSvnEis6Fc,With Me,Sum 41,Underclass Hero,feel good,12376,punk,64,0.851,0.167,0.172,0.11,4.86,1
6hqt1z34Oz0OZtSfy62OFD,The Hell Song,Sum 41,Does This Look Infected?,feel good,12376,punk,66,0.935,0.359,0.351,0.658,3.31,1
5mhUPDWQH3s544WCsa0r9w,Human,The Killers,Day & Age,feel good,12376,alt-rock,75,0.8,0.557,0.0906,0.582,4.09,0
2QjOHCTQ1Jl3zawyYOpxh6,Sweater Weather,The Neighbourhood,I Love You.,feel good,12376,alt-rock,93,0.807,0.612,0.101,0.398,4.01,0
1JO1xLtVc8mWhIoE3YaCL0,Happy Together,The Turtles,Happy Together,feel good,12376,folk,76,0.367,0.584,0.0818,0.588,2.94,0
4VrWlk8IQxevMvERoX08iC,Chandelier,Sia,1000 Forms Of Fear,feel good,12376,dance,80,0.787,0.399,0.0685,0.572,3.6,0
4Ouhoi2lAhrLJKFzUqEzwl,Born To Die,Lana Del Rey,Born To Die - The Paradise Edition,feel good,12376,pop,6,0.636,0.206,0.217,0.394,4.76,0
1NZs6n6hl8UuMaX0UC0YTz,Brooklyn Baby,Lana Del Rey,Ultraviolence,feel good,12376,pop,0,0.664,0.378,0.11,0.0941,5.86,0
1AhDOtG9vPSOmsWgNW0BEY,Bohemian Rhapsody - Remastered 2011,Queen,A Night At The Opera,feel good,12376,rock,82,0.404,0.414,0.3,0.224,5.91,0
0VgkVdmE4gld66l8iyGjgx,Mask Off,Future,FUTURE,jams,12378,hip-hop,83,0.434,0.833,0.165,0.281,3.41,0
6gBFPUFcJLzWGx4lenP6h2,goosebumps,Travis Scott,Birds In The Trap Sing McKnight,jams,12378,hip-hop,84,0.728,0.841,0.149,0.43,4.06,0
4iOoHmJJiqyTxsXSa5uELv,Like I Can,Sam Smith,In The Lonely Hour,Graduation,12379,dance,0,0.683,0.628,0.176,0.462,2.78,0
4osg3vT6sXv6wNxm9Z6ucQ,Rehab,Amy Winehouse,Back To Black,Graduation,12379,british,73,0.558,0.407,0.34,0.777,3.56,0
5P5cGNzqh6A353N3ShDK6Y,Bad Romance,Lady Gaga,The Fame Monster,Graduation,12379,dance,0,0.921,0.695,0.0842,0.714,4.91,0
6pvdo2tv6KAcbOeEofiWBP,Dance In The Dark,Lady Gaga,The Fame Monster,Graduation,12379,dance,0,0.751,0.639,0.163,0.14,4.82,0
1QV6tiMFM6fSOKOGLMHYYg,Poker Face,Lady Gaga,The Fame,Graduation,12379,dance,3,0.818,0.851,0.0945,0.808,3.95,0
1j8z4TTjJ1YOdoFEDwJTQa,Ain't It Fun,Paramore,Paramore,Graduation,12379,emo,1,0.893,0.606,0.021,0.671,4.94,0
0OtovVdc89BsVG82ppVvjJ,Illuminati,Madonna,Rebel Heart,Graduation,12379,dance,1,0.617,0.793,0.165,0.418,3.74,0
6Dv6PhsMXOXW1ATcXKy5kd,Tres Disparos,Edwin Luna y La Trakalosa de Monterrey,La Banda Grande de la Sultana del Norte,banda mix,12380,r-n-b,45,0.447,0.505,0.114,0.678,3.43,0
1D3J1dvlS60ZX3YbNJe9J6,Me Voy De Ti,Fidel Rueda,Todo Gracias A Ti,banda mix,12380,r-n-b,46,0.447,0.737,0.085,0.963,2.74,0
4fINc8dnfcz7AdhFYVA4i7,It Girl,Jason Derulo,Future History,All Time Classics,12382,dance,0,0.718,0.667,0.104,0.345,3.2,0
7yvxnSAfrtFBtbyauKU8PO,All My Days,Alexi Murdoch,Time Without Consequence,Cody,12383,british,57,0.319,0.438,0.106,0.529,4.96,0
6QHGyXR0m3PDStlyHN8dYK,Stay Alive,José González,Stay Alive,Cody,12383,folk,0,0.306,0.714,0.0924,0.314,4.45,0
1jNOi6m3Hn8nLEeHCp5Msr,Seven Nation Army,The White Stripes,Elephant,Cody,12383,alt-rock,84,0.446,0.743,0.337,0.278,3.86,0
2nzlgHTbUDzuRtTFoX3qfJ,Glycerine - Remastered,Bush,Sixteen Stone,Cody,12383,grunge,63,0.335,0.421,0.0944,0.0889,4.44,0
0iEEDY73hQFa6Ms5KWFQqM,Just Breathe,Pearl Jam,Backspacer,Cody,12383,grunge,69,0.348,0.473,0.0823,0.283,3.6,0
2MLHyLy5z5l5YRp7momlgw,Island In The Sun,Weezer,Weezer (Green Album),Cody,12383,alt-rock,1,0.794,0.654,0.165,0.678,3.34,0
0W7AbEauB7cP4pidLclApe,Hunger Strike,Temple Of The Dog,Temple Of The Dog,Cody,12383,grunge,69,0.567,0.373,0.0916,0.298,4.1,0
6mcxQ1Y3uQRU0IHsvdNLH1,Where Is My Mind?,Pixies,Surfer Rosa (Remastered),Cody,12383,alt-rock,77,0.442,0.513,0.0878,0.243,3.95,0
1XWOrz0Da7a0m9T7COlVY3,Blue Orchid,The White Stripes,Get Behind Me Satan,Cody,12383,blues,66,0.645,0.481,0.332,0.612,2.63,0
1yKu2MhpwzDXXH2tzG6xoa,Beverly Hills,Weezer,Make Believe,Cody,12383,power-pop,71,0.823,0.693,0.328,0.741,3.27,0
6FxbwB6o1MKOy0dHvxNr2W,Undone - The Sweater Song,Weezer,Weezer,Cody,12383,power-pop,72,0.618,0.457,0.0679,0.579,5.08,0
6wZI4mdT8JwXgkGURnBQiq,Say,John Mayer,Say,Cody,12383,singer-songwriter,61,0.723,0.485,0.075,0.541,3.84,0
6NxsCnLeLd8Ai1TrgGxzIx,Bad Moon Rising,Creedence Clearwater Revival,Green River,Cody,12383,country,1,0.769,0.508,0.063,0.939,2.36,0
4fxF8ljwryMZX5c9EKrLFE,Boombastic,Shaggy,Boombastic,Cody,12383,reggae,1,0.887,0.852,0.311,0.788,4.17,0
5kNe7PE09d6Kvw5pAsx23n,Die A Happy Man,Thomas Rhett,Tangled Up,New Country,12384,country,1,0.389,0.59,0.117,0.389,3.79,0
0Utg7sirTPqrs6Cx0FbriQ,Chillin' It,Cole Swindell,Cole Swindell,New Country,12384,country,1,0.849,0.576,0.109,0.666,3.28,0
1LM5zQv5pBKPyO7rm7Uz6U,My Church,Maren Morris,HERO (Deluxe Edition),New Country,12384,country,69,0.743,0.517,0.107,0.664,3.3,0
0BCy325UZyR9z0t0uxwn2N,H.O.L.Y.,Florida Georgia Line,Dig Your Roots,New Country,12384,country,71,0.666,0.523,0.0728,0.564,3.24,0
5HNCy40Ni5BZJFw1TKzRsC,Comfortably Numb,Pink Floyd,The Wall,classic,12385,psych-rock,74,0.366,0.472,0.0837,0.171,6.37,0
3CmHvyZQQAGkKkTjTBFWN6,Have a Cigar,Pink Floyd,Wish You Were Here,classic,12385,psych-rock,66,0.65,0.454,0.589,0.72,5.13,0
5tVA6TkbaAH9QMITTQRrNv,Free Fallin',Tom Petty,Full Moon Fever,classic,12385,folk,0,0.504,0.619,0.06,0.568,4.27,0
1bp2IO61zbQrbWNmKKxg3f,The Joker,Steve Miller Band,The Joker,classic,12385,blues,0,0.448,0.596,0.207,0.796,4.41,0
24NwBd5vZ2CK8VOQVnqdxr,Sweet Emotion,Aerosmith,Toys In The Attic,classic,12385,hard-rock,74,0.76,0.38,0.104,0.491,4.57,0
5SZ6zX4rOrEQferfFC2MfP,Walk This Way,Aerosmith,Toys In The Attic,classic,12385,hard-rock,75,0.73,0.653,0.0754,0.894,3.67,0
4BP3uh0hFLFRb5cjsgLqDh,Fortunate Son,Creedence Clearwater Revival,Willy And The Poor Boys,classic,12385,country,0,0.663,0.64,0.152,0.665,2.35,0
1gcESexgftSuLuML57Y69q,All Right Now,Free,Fire And Water,classic,12385,blues,0,0.481,0.785,0.122,0.77,5.51,0
6NxsCnLeLd8Ai1TrgGxzIx,Bad Moon Rising,Creedence Clearwater Revival,Green River,classic,12385,country,1,0.769,0.508,0.063,0.939,2.36,0
1AhDOtG9vPSOmsWgNW0BEY,Bohemian Rhapsody - Remastered 2011,Queen,A Night At The Opera,classic,12385,rock,82,0.404,0.414,0.3,0.224,5.91,0
3YBZIN3rekqsKxbJc9FZko,Paradise City,Guns N' Roses,Appetite For Destruction,classic,12385,hard-rock,79,0.952,0.273,0.142,0.472,6.82,0
5X76oXHcR5uCXali0gOyX5,White Room,Cream,Wheels Of Fire,classic,12385,blues,70,0.576,0.553,0.0365,0.457,5.05,0
3FmAUR4SPWa3P1KyDf21Fu,Roxanne - Remastered 2003,The Police,Outlandos D'Amour,classic,12385,rock,2,0.752,0.615,0.0479,0.66,3.19,0
4YMQXzscifAREG0a7KNGhB,Black Magic Woman,Santana,Santana's Greatest Hits,classic,12385,blues,62,0.552,0.497,0.089,0.633,3.28,0
43DeSV93pJPT4lCZaWZ6b1,The Boys Are Back In Town,Thin Lizzy,Jailbreak,classic,12385,blues,0,0.87,0.457,0.117,0.694,4.45,0
3zByVQLvdXUaDTubfWkpCk,Sweet Caroline,Neil Diamond,Sweet Caroline,classic,12385,folk,78,0.127,0.529,0.237,0.578,3.39,0
5aYVqxyetmT5OYmvZCA90X,Slow Ride,Foghat,Fool For The City,classic,12385,blues,69,0.586,0.493,0.102,0.656,8.24,0
4lt3cXW4RkvkHRG4x3K3P4,Kickstart My Heart,Mötley Crüe,Dr. Feel Good,classic,12385,hard-rock,36,0.982,0.363,0.284,0.275,4.71,0
54Eo3yEOIsqcR9vzNVmvay,"Girls, Girls, Girls",Mötley Crüe,"Girls, Girls, Girls",classic,12385,hard-rock,26,0.922,0.599,0.356,0.514,4.51,0
4uGIJG1jYFonGc4LGp5uQL,Somebody to Love,Jefferson Airplane,Surrealistic Pillow,classic,12385,blues,70,0.578,0.504,0.321,0.654,2.91,0
5lXcSvHRVjQJ3LB2rLKQog,Superstition - Single Version,Stevie Wonder,Song Review: A Greatest Hits Collection,classic,12385,funk,0,0.745,0.637,0.0372,0.859,3.99,0
3H7sv3Krffn15BufUuXzf3,Hey Jude - Remastered 2015,The Beatles,1,classic,12385,british,74,0.607,0.386,0.088,0.532,7.09,0
6RrXd9Hph4hYR4bf3dbM6H,My Girl,The Temptations,The Temptations Sing Smokey,classic,12385,funk,79,0.418,0.572,0.0961,0.694,2.75,0
6pyzBTIjcO2AMkKE6x2Otb,Stayin' Alive,Bee Gees,Greatest,classic,12385,disco,77,0.535,0.707,0.0884,0.641,4.76,0
3b0EOvScbZUc0qJx0E1L2z,I Want You Back,The Jackson 5,Diana Ross Presents The Jackson 5,classic,12385,soul,77,0.538,0.469,0.37,0.886,2.94,0
6cb0HzFQPN4BGADOmSzPCw,ABC,The Jackson 5,ABC,classic,12385,soul,0,0.869,0.53,0.233,0.935,2.91,0
4CJVkjo5WpmUAKp3R44LNb,Sweet Home Alabama,Lynyrd Skynyrd,Second Helping,classic,12385,blues,2,0.724,0.614,0.146,0.902,4.69,0
2udGjDmpK1dH9VGyw7nrei,Cocaine,Eric Clapton,Slowhand 35th Anniversary,classic,12385,blues,69,0.502,0.699,0.317,0.676,3.69,0
6rQvEE7Jvkdwnn8RroMs15,I Forget Where We Were,Ben Howard,I Forget Where We Were,jamz,12386,british,60,0.462,0.305,0.0916,0.181,4.69,0
3kYLXiKj14M0YkX32YqqWs,Looking Too Closely,Fink,Hard Believer,jamz,12386,folk,62,0.519,0.477,0.0949,0.102,5.18,0
6DpFDr9jWUan60x5Vk5HdX,Small Things,Ben Howard,I Forget Where We Were,jamz,12386,british,54,0.595,0.393,0.115,0.165,5.73,0
5N1itNLaYtifU8YVbg9SBQ,She Treats Me Well,Ben Howard,I Forget Where We Were,jamz,12386,british,58,0.494,0.625,0.0713,0.596,5.3,0
4cbuJTJ4XP6dkkskYh3Ss1,In Dreams,Ben Howard,I Forget Where We Were,jamz,12386,british,57,0.592,0.49,0.136,0.28,3.56,0
3PvzvltQZLIKk9YgoMP3Yq,The Mother We Share,CHVRCHES,The Bones Of What You Believe,jamz,12386,synth-pop,51,0.722,0.462,0.127,0.327,3.17,0
03RENvqJKYdvWUhbuZwJY3,Jubel,Klingande,Ultra Deep House,jamz,12386,deep-house,58,0.476,0.698,0.0542,0.181,4.3,0
3iVAyrTlbWGBq0laeQ18z2,Walking On A Dream,Empire of the Sun,Walking On A Dream,jamz,12386,alt-rock,79,0.701,0.871,0.0589,0.716,3.31,0
0IqKeD8ZSP72KbGYyzEcAs,Take Me To Church,Hozier,Hozier,jamz,12386,singer-songwriter,83,0.664,0.566,0.116,0.437,4.03,0
1YQWosTIljIvxAgHWTp7KP,Take Five,The Dave Brubeck Quartet,Time Out,Jazz,12387,jazz,66,0.26,0.454,0.0675,0.598,5.4,0
5lRtoB4Gg2gpT1EjAWOui7,Girls Chase Boys,Ingrid Michaelson,Lights Out,west coast,12388,acoustic,56,0.828,0.518,0.0456,0.69,3.69,0
0jllH0usRFD4LJkJnGK9Lf,Complicated,Olivia O'Brien,Complicated,downloads,12389,electro,71,0.355,0.657,0.123,0.0808,3.15,0
3xKsf9qdS1CyvXSMEid6g8,Pink + White,Frank Ocean,Blonde,downloads,12389,soul,85,0.545,0.545,0.417,0.549,3.08,0
5uCax9HTNlzGybIStD3vDh,Say You Won't Let Go,James Arthur,Back from the Edge,downloads,12389,pop,85,0.557,0.358,0.0902,0.494,3.52,0
7j56HrjR9cGzvekvZY3Faz,HandClap,Fitz and The Tantrums,Fitz and The Tantrums,downloads,12389,alt-rock,0,0.836,0.634,0.0828,0.715,3.22,0
4Hf7WnR761jpxPr5D46Bcd,Treat You Better,Shawn Mendes,Illuminate,vball,12390,dance,84,0.819,0.444,0.107,0.747,3.13,0
3hB5DgAiMAQ4DzYbsMq1IT,Love Yourself,Justin Bieber,Purpose,vball,12390,pop,84,0.378,0.609,0.28,0.515,3.9,0
6eDApnV9Jdb1nYahOlbbUh,One Time,Justin Bieber,My World,vball,12390,pop,3,0.856,0.69,0.0761,0.74,3.6,0
32W1K50AaXGXoRBn3Zyax4,Mathematics,Mos Def,Black On Both Sides,My hip hop,12391,hardcore,62,0.749,0.753,0.0845,0.832,4.11,0
1RjU7UhRICmdFPKxCucLgq,Hell on Earth (Front Lines),Mobb Deep,Hell On Earth (Explicit),My hip hop,12391,hardcore,66,0.658,0.875,0.122,0.661,4.57,0
48ZUwXrEOhaXLCxvmRYhZv,Don't Sweat The Technique,Eric B. & Rakim,Don't Sweat The Technique,My hip hop,12391,hardcore,61,0.89,0.737,0.0801,0.809,4.38,0
5zwz05jkQVT68CjUpPwFZe,N.Y. State of Mind,Nas,Illmatic XX,My hip hop,12391,hardcore,72,0.91,0.665,0.227,0.887,4.9,0
33ZXjLCpiINn8eQIDYEPTD,"Shook Ones, Pt. II",Mobb Deep,The Infamous,My hip hop,12391,hardcore,76,0.786,0.763,0.0817,0.504,5.43,0
3Ti0GdlrotgwsAVBBugv0I,Can I Kick It?,A Tribe Called Quest,People's Instinctive Travels and the Paths of Rhythm (25th Anniversary Edition),My hip hop,12391,hardcore,70,0.666,0.848,0.129,0.744,4.19,0
3ssX20QT5c3nA9wk78V1LQ,Ambitionz Az A Ridah,2Pac,All Eyez On Me,My hip hop,12391,funk,79,0.91,0.801,0.0737,0.805,4.64,0
2OsGdZYDdTK4pxDMsK0Blv,Ms. Fat Booty,Mos Def,Black On Both Sides,My hip hop,12391,hardcore,71,0.589,0.782,0.164,0.869,3.73,0
2p9sprAX27D6U5cuSE9NsM,When I B On Tha Mic,Rakim,The Master,My hip hop,12391,hardcore,65,0.484,0.836,0.0557,0.839,3.72,0
4P2q1rzZ0XVb2vs3KSUXNF,Simon Says,Pharoahe Monch,Straight Outta Old Skool,My hip hop,12391,alternative,64,0.916,0.664,0.164,0.559,2.89,0
7nk7oS0G6qG3ofHUAKbg9F,Da Joint,EPMD,Back In Business,My hip hop,12391,hardcore,61,0.466,0.734,0.106,0.788,3.47,0
4OhkKmvhjl3yk7JF422GWB,Still Not a Player (Remix) - Radio Version,Big Pun,Capital Punishment,My hip hop,12391,hardcore,40,0.574,0.9,0.0857,0.881,3.95,0
6FxbwB6o1MKOy0dHvxNr2W,Undone - The Sweater Song,Weezer,Weezer,bug,12392,power-pop,72,0.618,0.457,0.0679,0.579,5.08,0
4dtP86vkhzwNXCFpCtizce,Secret Door,Arctic Monkeys,Humbug,bug,12392,garage,64,0.806,0.323,0.181,0.548,3.72,0
3Kj2EWpIBnvETsYq4cq0IH,Big Black Car,Gregory Alan Isakov,This Empty Northern Hemisphere,bug,12392,folk,72,0.186,0.6,0.104,0.468,3.62,0
3lW0Otqzm4vCc4DF0OPi34,haunt me (x 3),Teen Suicide,dc snuff film / waste yrself,bug,12392,emo,72,0.613,0.566,0.0848,0.219,2.76,0
2qH2scqyN6z1OB8dK0Y95y,Fireside,Arctic Monkeys,AM,bug,12392,garage,69,0.953,0.538,0.113,0.74,3.02,0
4dyx5SzxPPaD8xQIid5Wjj,Young Folks,Peter Bjorn and John,Writer's Block,bug,12392,alt-rock,76,0.812,0.699,0.105,0.662,4.61,0
5yyRH93h4Pm6tXXYTxt7ea,The Blower's Daughter,Damien Rice,O,bug,12392,singer-songwriter,0,0.2,0.343,0.341,0.074,4.76,0
29tzJGvqJPTAFs6LXmsHoA,R U Mine?,Arctic Monkeys,AM,bug,12392,garage,83,0.758,0.288,0.303,0.619,3.36,0
2qOm7ukLyHUXWyR4ZWLwxA,It Was A Good Day,Ice Cube,The Predator,jam$,12393,funk,82,0.744,0.798,0.292,0.794,4.33,0
19CkkPInDRDIOlqfrz1mVn,Ascension,Mac Miller,GO:OD AM,jam$,12393,hip-hop,5,0.53,0.763,0.154,0.296,4.87,0
1G391cbiT3v3Cywg8T7DM1,Scar Tissue,Red Hot Chili Peppers,Californication,jam$,12393,alt-rock,79,0.717,0.595,0.108,0.547,3.6,0
3rq5w4bQGigXOfdN30ATJt,Do I Wanna Know?,Arctic Monkeys,AM,jam$,12393,garage,88,0.532,0.548,0.217,0.405,4.54,0
7DfFc7a6Rwfi3YQMRbDMau,Thinkin Bout You,Frank Ocean,channel ORANGE,jam$,12393,soul,78,0.339,0.721,0.0973,0.2,3.35,0
2ZWlPOoWh0626oTaHrnl2a,Ivy,Frank Ocean,Blonde,jam$,12393,soul,81,0.386,0.575,0.229,0.466,4.15,1
6g1NlCpW7fgqDnWbCCDrHl,Wake Me Up - Radio Edit,Avicii,True,Drive,12394,dance,1,0.807,0.524,0.212,0.62,4.12,0
6Z8R6UsFuGXGtiIxiD8ISb,Safe And Sound,Capital Cities,In A Tidal Wave Of Mystery,Drive,12394,rock,83,0.819,0.655,0.104,0.766,3.21,0
7di4QTqNCZjX4JUFKhWQsr,Overpowered,Róisín Murphy,Overpowered,Drive,12394,electronic,0,0.818,0.74,0.267,0.889,5.15,0
6vECYJHxYmm3Ydt3fF01pE,Stolen Dance,Milky Chance,Sadnecessary,Drive,12394,german,80,0.581,0.884,0.0759,0.728,5.23,0
0OwX5aROoW1Iip8FV51Efg,Alarm,Anne-Marie,Alarm,stoney ,12395,dance,0,0.589,0.756,0.176,0.811,3.43,0
60lwJa695S26FsYbhCVFVa,Hurts So Good,Astrid S,Astrid S,stoney ,12395,dance,69,0.609,0.675,0.0957,0.378,3.48,0
19YKaevk2bce4odJkP5L22,Nikes,Frank Ocean,Blonde,stoney ,12395,soul,72,0.395,0.633,0.108,0.123,5.23,0
3eDk8vNTpDnoso8D2qmYFi,Make You Feel Good,Fetty Wap,Make You Feel Good,stoney ,12395,j-dance,44,0.626,0.658,0.682,0.738,2.35,0
5N8nNuTmIzkZOfcxXlygUw,Ginza,J Balvin,Energía,Despacito,12396,latin,0,0.815,0.749,0.0838,0.866,2.85,0
5J1c3M4EldCfNxXwrwt8mT,Traicionera,Sebastian Yatra,Traicionera,Despacito,12396,reggae,4,0.675,0.779,0.105,0.63,3.81,0
6qDF4wWL49CAVbgT7yuHl8,Sigo Extrañándote,J Balvin,Energía,Despacito,12396,latin,0,0.859,0.896,0.212,0.938,3.35,0
3toP91RkMRQw7M0bScJ4F9,Ay Vamos,J Balvin,La Familia B Sides,Despacito,12396,latino,69,0.711,0.718,0.1,0.92,3.77,0
41IrY9OFcaWVnEojXftyVh,Hipnotízame,Wisin & Yandel,Líderes,Despacito,12396,electro,7,0.828,0.775,0.434,0.571,4.06,0
3umS4y3uQDkqekNjVpiRUs,El Amante,Nicky Jam,Fénix,Despacito,12396,latino,69,0.691,0.683,0.14,0.732,3.66,0
5Fim1gaXBgsiFfsQAfQSDS,Hasta el Amanecer,Nicky Jam,Fénix,Despacito,12396,latino,71,0.608,0.832,0.0761,0.589,3.31,0
3AEZUABDXNtecAOSC1qTfo,Reggaetón Lento (Bailemos),CNCO,Primera Cita,Despacito,12396,reggae,73,0.838,0.761,0.176,0.71,3.71,0
0qYTZCo5Bwh1nsUFGZP3zn,Felices los 4,Maluma,Felices los 4,Despacito,12396,latino,74,0.756,0.766,0.349,0.716,3.83,0
2d4e45fmUnguxh6yqC7gNT,Dirty Deeds Done Dirt Cheap,AC/DC,Dirty Deeds Done Dirt Cheap,Classic Rock,12397,hard-rock,74,0.906,0.668,0.135,0.507,3.87,0
6ZOBP3NvffbU4SZcrnt1k6,Kryptonite,3 Doors Down,The Better Life,Classic Rock,12397,alt-rock,0,0.848,0.544,0.134,0.489,3.9,0
5jzma6gCzYtKB1DbEwFZKH,London Calling - Remastered,The Clash,London Calling,Classic Rock,12397,punk-rock,72,0.801,0.651,0.0825,0.776,3.34,0
39shmbIHICJ2Wxnk1fPSdz,Should I Stay or Should I Go - Remastered,The Clash,Combat Rock,Classic Rock,12397,punk-rock,80,0.836,0.743,0.384,0.82,3.15,0
4ebcE2SmkG7nplvzFAWRu7,What I Like About You,The Romantics,The Romantics,Classic Rock,12397,power-pop,69,0.942,0.514,0.17,0.912,2.92,0
3bN4tg6rnNPy9GCkGhym4T,Message In A Bottle - Remastered 2003,The Police,Reggatta De Blanc,Classic Rock,12397,rock,3,0.808,0.568,0.218,0.849,4.84,0
4TIJ7zSBNejpoIPaWpWRKc,Rebel Yell,Billy Idol,Rebel Yell,Classic Rock,12397,hard-rock,1,0.864,0.531,0.354,0.485,4.81,0
1gzIbdFnGJ226LTl0Cn2SX,White Wedding - Pt. 1,Billy Idol,Billy Idol,Classic Rock,12397,hard-rock,71,0.814,0.673,0.343,0.728,4.2,0
69QHm3pustz01CJRwdo20z,Hells Bells,AC/DC,Back In Black,Classic Rock,12397,hard-rock,74,0.873,0.389,0.273,0.303,5.2,0
7LRMbd3LEoV5wZJvXT1Lwb,T.N.T.,AC/DC,High Voltage,Classic Rock,12397,hard-rock,78,0.759,0.754,0.101,0.435,3.58,0
2zYzyRzz6pRmhPzyfMEC8s,Highway to Hell,AC/DC,Highway to Hell,Classic Rock,12397,hard-rock,85,0.913,0.574,0.156,0.423,3.47,0
08mG3Y1vljYA6bvDt4Wqkj,Back In Black,AC/DC,Back In Black,Classic Rock,12397,hard-rock,85,0.7,0.31,0.0828,0.763,4.26,0
6zeE5tKyr8Nu882DQhhSQI,Dust in the Wind,Kansas,Point Of Know Return,Classic Rock,12397,hard-rock,78,0.322,0.475,0.11,0.387,3.44,0
4DMKwE2E2iYDKY01C335Uw,Carry on Wayward Son,Kansas,Leftoverture,Classic Rock,12397,hard-rock,76,0.786,0.482,0.446,0.793,5.38,0
4BGJSbB5rAcg4pNzD4gfxU,Tiny Dancer,Elton John,Madman Across The Water,Classic Rock,12397,piano,78,0.428,0.414,0.148,0.282,6.28,0
5EWPGh7jbTNO2wakv8LjUI,Free Bird,Lynyrd Skynyrd,Pronounced' Leh-'Nerd 'Skin-'Nerd,Classic Rock,12397,blues,77,0.834,0.249,0.0924,0.338,9.12,0
4CJVkjo5WpmUAKp3R44LNb,Sweet Home Alabama,Lynyrd Skynyrd,Second Helping,Classic Rock,12397,blues,2,0.724,0.614,0.146,0.902,4.69,0
3utq2FgD1pkmIoaWfjXWAU,Scenes from an Italian Restaurant,Billy Joel,The Stranger (30th Anniversary Legacy Edition),Classic Rock,12397,piano,62,0.931,0.415,0.114,0.339,7.61,0
7gMOe0gXYcELUoVugfMmHP,You May Be Right,Billy Joel,Glass Houses,Classic Rock,12397,piano,65,0.945,0.567,0.35,0.961,4.22,0
78WVLOP9pN0G3gRLFy1rAa,Piano Man,Billy Joel,Piano Man,Classic Rock,12397,folk,77,0.55,0.331,0.192,0.429,5.6,0
5SZ6zX4rOrEQferfFC2MfP,Walk This Way,Aerosmith,Toys In The Attic,Classic Rock,12397,hard-rock,75,0.73,0.653,0.0754,0.894,3.67,0
1zGk1kgAxCpg6PHjGuLe4J,Pinball Wizard,The Who,Tommy,Classic Rock,12397,blues,68,0.715,0.543,0.256,0.468,3.02,0
6awTbDHgM907tGecNQYPaV,My Generation - Stereo Version,The Who,My Generation,Classic Rock,12397,british,65,0.782,0.412,0.0775,0.705,3.31,0
3x2bXiU0o4WbsPkawXlfDA,Who Are You,The Who,Who Are You,Classic Rock,12397,blues,65,0.648,0.651,0.0655,0.49,6.31,0
2KmEgiY8fQs0G6WNxtzQKr,Baba O'Riley,The Who,Who's Next,Classic Rock,12397,blues,76,0.724,0.489,0.287,0.15,5.01,0
3Dpyn5Cu7BdURzo2ov4dku,I Want It All - Remastered 2011,Queen,The Miracle,Classic Rock,12397,rock,5,0.835,0.402,0.385,0.43,4.67,0
1AhDOtG9vPSOmsWgNW0BEY,Bohemian Rhapsody - Remastered 2011,Queen,A Night At The Opera,Classic Rock,12397,rock,82,0.404,0.414,0.3,0.224,5.91,0
4gMgiXfqyzZLMhsksGmbQV,"Another Brick in the Wall, Pt. 2",Pink Floyd,The Wall,Classic Rock,12397,psych-rock,76,0.394,0.693,0.247,0.721,3.98,0
5HNCy40Ni5BZJFw1TKzRsC,Comfortably Numb,Pink Floyd,The Wall,Classic Rock,12397,psych-rock,74,0.366,0.472,0.0837,0.171,6.37,0
4ECNtOnqzxutZkXP4TE3n3,Separate Ways (Worlds Apart),Journey,Frontiers,Classic Rock,12397,hard-rock,74,0.962,0.451,0.277,0.377,5.4,0
71SvEDmsOwIWw1IozsZoMA,Any Way You Want It,Journey,Departure,Classic Rock,12397,hard-rock,73,0.932,0.529,0.136,0.571,3.36,0
4bHsxqR3GMrXTxEPLuK5ue,Don't Stop Believin',Journey,Escape,Classic Rock,12397,hard-rock,83,0.748,0.5,0.447,0.514,4.18,0
567EwOGPAXg7Y9DQZTEFEE,Here I Go Again,Whitesnake,Saint's and Sinners [Remastered],Classic Rock,12397,british,58,0.877,0.484,0.14,0.687,5.14,0
0lIoY4ZQsdn5QzhraM9o9u,Because the Night,Patti Smith,Easter,Classic Rock,12397,punk-rock,69,0.763,0.466,0.119,0.473,3.41,0
0MYNeFsKpzBHwrJGfWZysV,Locomotive Breath,Jethro Tull,Aqualung,Classic Rock,12397,psych-rock,60,0.53,0.68,0.0559,0.352,4.48,0
17lu4tymfnhmcIDlzBbtAb,For Those About to Rock (We Salute You),AC/DC,For Those About to Rock (We Salute You),Classic Rock,12397,hard-rock,67,0.919,0.37,0.49,0.471,5.74,0
3BGbqEDio3ocx1v4egIYr6,Walk Like an Egyptian,The Bangles,Different Light,Classic Rock,12397,disco,63,0.891,0.724,0.3,0.818,3.41,0
6BD1X1PeV5UzYUdiVaD2yL,Show Me The Way,Peter Frampton,Frampton,Classic Rock,12397,blues,0,0.726,0.7,0.0914,0.64,4.05,0
1ynmMEK1fkyiZ6Z6F3ThEt,Centerfold,The J. Geils Band,Freeze Frame,Classic Rock,12397,blues,74,0.677,0.653,0.403,0.888,3.61,0
2jdAk8ATWIL3dwT47XpRfu,Slow Dancing in a Burning Room,John Mayer,Continuum,moody,12398,singer-songwriter,74,0.361,0.667,0.0805,0.29,4.03,0
7y9iMe8SOB6z3NoHE2OfXl,Bad At Love,Halsey,hopeless fountain kingdom,moody,12398,electro,74,0.751,0.675,0.0893,0.612,3.02,0
51PIvodunv6NmX5250zxAh,The Cure,Lady Gaga,The Cure,moody,12398,dance,0,0.506,0.696,0.0893,0.516,3.52,0
3UfCFlGruX0DRPCpD1V3pU,Work Song,Hozier,Hozier,moody,12398,singer-songwriter,63,0.388,0.432,0.112,0.256,3.83,0
44f2AVSNQ3xVs1EI0S0bjl,Like Real People Do,Hozier,Hozier,moody,12398,singer-songwriter,68,0.183,0.569,0.106,0.13,3.3,0
1ivHxaGL5ld9VS1zsYc4YN,Cherry Wine - Live,Hozier,Hozier,moody,12398,singer-songwriter,67,0.111,0.418,0.0982,0.228,4.0,0
2ZWlPOoWh0626oTaHrnl2a,Ivy,Frank Ocean,Blonde,moody,12398,soul,81,0.386,0.575,0.229,0.466,4.15,1
7j3nbSiaWphYU2cFgyQXd9,Everything Is Embarrassing,Sky Ferreira,"Night Time, My Time",moody,12398,synth-pop,55,0.783,0.667,0.0418,0.564,4.17,0
73jVPicY2G9YHmzgjk69ae,Robbers,The 1975,The 1975,moody,12398,alt-rock,71,0.692,0.621,0.335,0.381,4.24,0
3tJjZMHLqhD8DaGgdBICnc,Saturn,Sleeping At Last,Atlas: Year One,moody,12398,ambient,68,0.237,0.263,0.109,0.0461,4.83,0
3OMh7VdOoWgtKhJimQQywz,ocean eyes,Billie Eilish,dont smile at me,moody,12398,electro,80,0.363,0.511,0.084,0.169,3.34,0
4hEl2wrneFEJbJ6SDYWd2f,Not Afraid,Eminem,Recovery,Rap,12399,hip-hop,81,0.954,0.855,0.205,0.668,4.14,1
3yfqSUWxFvZELEM4PmlwIR,The Real Slim Shady,Eminem,The Marshall Mathers LP,Rap,12399,hip-hop,87,0.661,0.949,0.0454,0.76,4.74,1
6sDQ4uiWw9OdVrCXFLSlZt,Rap God,Eminem,The Marshall Mathers LP2,Rap,12399,hip-hop,78,0.843,0.708,0.799,0.625,6.06,1
6y1RGprDkyl8a9AutebaQp,Enjoy the Ride,Krewella,Get Wet,Rap,12399,dub,49,0.873,0.556,0.078,0.485,3.53,0
3pfXxHoydFRfD7IBGJTQAN,Pony,Ginuwine,R&B: From Doo-Wop To Hip-Hop,Rap,12399,soul,73,0.605,0.749,0.115,0.966,4.2,0
7F25roCtYi55JouckaayPC,Judas,Lady Gaga,Born This Way,ladies,12400,dance,10,0.937,0.661,0.355,0.535,4.15,0
2gxHiPW79a1zO5sWOtza3g,Teeth,Lady Gaga,The Fame Monster,ladies,12400,dance,3,0.833,0.713,0.0868,0.552,3.68,0
0jDWRUbxSn8zQlwFbeLHwo,Evacuate The Dancefloor,Cascada,Evacuate The Dancefloor,ladies,12400,techno,63,0.702,0.762,0.314,0.898,3.45,0
6MjljecHzHelUDismyKkba,Everytime We Touch - Radio Edit,Cascada,Everytime We Touch,ladies,12400,german,63,0.977,0.64,0.371,0.493,3.32,0
4W38RXuQNuoTSwVsQA1OGC,Nothin' Like You,Dan + Shay,Where It All Began,Country,12402,country,0,0.704,0.586,0.067,0.442,3.1,0
63thx7OANplv4I4BQsanHk,You Should Be Here,Cole Swindell,You Should Be Here,Country,12402,country,0,0.641,0.491,0.0857,0.299,3.17,0
1XazlqB4YAtvouCmJPWXlM,Wanna Be That Song,Brett Eldredge,Illinois,Country,12402,country,0,0.686,0.518,0.114,0.337,3.94,0
7mldq42yDuxiUNn08nvzHO,Body Like A Back Road,Sam Hunt,Body Like A Back Road,Country,12402,country,0,0.458,0.732,0.136,0.661,2.76,0
10M2Ex445zw585Ducldzkw,In Case You Didn't Know,Brett Young,Brett Young,Country,12402,country,75,0.536,0.607,0.102,0.434,3.75,0
1RNZLo1oCpUsdZ14BoSv4I,Get to You,Michael Ray,Get to You,Country,12402,country,0,0.562,0.481,0.106,0.212,3.21,0
1HehGmky06OZLM9Vz2PRZL,Singles You Up,Jordan Davis,Singles You Up,Country,12402,country,0,0.903,0.634,0.255,0.559,3.04,0
6ZYS6QQxTLsQ6IFXdVx1r4,Ophelia,The Lumineers,Cleopatra,alternative,12403,folk,79,0.573,0.664,0.0857,0.566,2.67,0
5WObuDOxPHlQaoYUf2W4lh,Flowers In Your Hair,The Lumineers,The Lumineers,alternative,12403,folk,64,0.609,0.676,0.209,0.557,1.84,0
1jdNcAD8Ir58RlsdGjJJdx,Ho Hey,The Lumineers,The Lumineers,alternative,12403,folk,79,0.471,0.682,0.0908,0.421,2.69,0
2ihCaVdNZmnHZWt0fvAM7B,Little Talks,Of Monsters and Men,My Head Is An Animal,alternative,12403,folk,0,0.76,0.446,0.319,0.346,4.44,0
15twB7zTglmu0Bg8gW4Mrm,Stubborn Love,The Lumineers,The Lumineers,alternative,12403,folk,68,0.544,0.596,0.262,0.262,4.62,0
2d9totnSVmmczPtHFl8Ys6,Sleep On The Floor,The Lumineers,Cleopatra,alternative,12403,folk,70,0.431,0.389,0.13,0.275,3.53,0
7CEV9VwA8XO9wwxTXgYKvY,I And Love And You,The Avett Brothers,I And Love And You,alternative,12403,bluegrass,62,0.264,0.424,0.0763,0.169,5.01,0
3pLTOP0G0etiWUknFoRpsr,The Cave,Mumford & Sons,Sigh No More,alternative,12403,folk,62,0.499,0.592,0.113,0.346,3.63,0
3ZMv9EzGoteNi5Qnx0KpEO,Skinny Love,Bon Iver,"For Emma, Forever Ago",alternative,12403,folk,73,0.263,0.592,0.127,0.109,3.87,0
1XazlqB4YAtvouCmJPWXlM,Wanna Be That Song,Brett Eldredge,Illinois,Our Wedding,12405,country,0,0.686,0.518,0.114,0.337,3.94,0
75p6fgACKYIyIhsoG411SZ,Hey Pretty Girl,Kip Moore,Up All Night,Our Wedding,12405,country,0,0.373,0.431,0.259,0.0884,3.6,0
5kNe7PE09d6Kvw5pAsx23n,Die A Happy Man,Thomas Rhett,Tangled Up,Our Wedding,12405,country,1,0.389,0.59,0.117,0.389,3.79,0
1JO1xLtVc8mWhIoE3YaCL0,Happy Together,The Turtles,Happy Together,Our Wedding,12405,folk,76,0.367,0.584,0.0818,0.588,2.94,0
5rX6C5QVvvZB7XckETNych,All Summer Long,Kid Rock,Rock N Roll Jesus,Our Wedding,12405,alternative,0,0.865,0.701,0.0956,0.88,4.96,0
305WCRhhS10XUcH6AEwZk6,Are You Gonna Be My Girl,Jet,Get Born,Our Wedding,12405,alt-rock,1,0.95,0.598,0.154,0.577,3.56,0
6s0NHplywwr1IjnQpUpWJk,Bad To The Bone,George Thorogood & The Destroyers,BAD TO THE BONE,Our Wedding,12405,blues,71,0.727,0.459,0.384,0.955,4.87,0
0KMzyApR43L4JH9ZMHS1Km,Boot Scootin' Boogie,Brooks & Dunn,The Essential Brooks & Dunn,Our Wedding,12405,country,71,0.817,0.656,0.304,0.862,3.3,0
0yD66650JxhqKbW76C2qCo,Country Girl (Shake It For Me),Luke Bryan,Tailgates & Tanlines,Our Wedding,12405,country,2,0.904,0.644,0.0834,0.672,3.76,0
3weNRklVDqb4Rr5MhKBR3D,Nuvole Bianche,Ludovico Einaudi,Una Mattina,sleep. ,12406,ambient,73,0.0582,0.191,0.0941,0.0454,5.96,0
32RC7EvEAUUn9aoQZlWT2e,All Through the Night,Sleeping At Last,"Covers, Vol. 1",sleep. ,12406,ambient,52,0.204,0.309,0.127,0.289,3.3,0
0Wv9Ckm088qsVkMKPH170C,Shiver,Lucy Rose,Like I Used To,sleep. ,12406,ambient,54,0.192,0.463,0.105,0.135,3.88,0
5Iy1wdO0tMaHwKnfFYtlel,Cursive,Billie Marten,As Long As - EP,sleep. ,12406,british,58,0.267,0.494,0.128,0.166,4.01,0
7HQCXYyaBmhugyRDvy4V7m,North,Sleeping At Last,Atlas: Year One,sleep. ,12406,ambient,52,0.139,0.367,0.111,0.323,4.32,0
7lq08zctLOESidAM58kjq6,Almost Idyllic,Sleeping At Last,Many Beautiful Things (Original Motion Picture Soundtrack),sleep. ,12406,ambient,52,0.11,0.239,0.11,0.111,2.26,0
1XQnZTR0ER8y5fGO17uX1R,Holocene,Bon Iver,Bon Iver,sleep. ,12406,folk,66,0.304,0.374,0.126,0.147,5.61,0
0q6LuUqGLUiCPP1cbdwFs3,On Melancholy Hill,Gorillaz,Plastic Beach,spring,12407,alternative,78,0.739,0.689,0.064,0.578,3.9,0
6ZT3coOj97F6CVvruPtnox,Your Soul,Hippie Sabotage,The Sunny Album (Deluxe Edition),spring,12407,electronic,61,0.68,0.487,0.144,0.0752,5.41,0
1W7zkKgRv9mrLbfdQ8XyH3,Gangsta,Kehlani,Suicide Squad: The Album,spring,12407,dance,60,0.356,0.447,0.318,0.174,2.95,1
7DfFc7a6Rwfi3YQMRbDMau,Thinkin Bout You,Frank Ocean,channel ORANGE,spring,12407,soul,78,0.339,0.721,0.0973,0.2,3.35,0
2LBqCSwhJGcFQeTHMVGwy3,Die For You,The Weeknd,Starboy,spring,12407,pop,88,0.525,0.582,0.134,0.51,4.34,0
25khomWgBVamSdKw7hzm3l,The Hills,The Weeknd,Beauty Behind The Madness,spring,12407,pop,3,0.551,0.565,0.139,0.125,4.04,0
39shmbIHICJ2Wxnk1fPSdz,Should I Stay or Should I Go - Remastered,The Clash,Combat Rock,spring,12407,punk-rock,80,0.836,0.743,0.384,0.82,3.15,0
0bVtevEgtDIeRjCJbK3Lmv,Welcome To The Jungle,Guns N' Roses,Appetite For Destruction,spring,12407,hard-rock,80,0.954,0.447,0.298,0.331,4.57,0
5WSL7UTa38jMWoBzObD4BD,I Can't Stop,Flux Pavilion,I Can't Stop,spring,12407,dub,56,0.775,0.513,0.409,0.205,5.1,0
5v7kaZNsnyByrSJOfO8gKq,Skrt,Kodak Black,Skrt,spring,12407,hip-hop,0,0.352,0.901,0.122,0.199,3.75,0
4YZbVct8l9MnAVIROnLQdx,Forrest Gump,Frank Ocean,channel ORANGE,spring,12407,soul,69,0.417,0.701,0.375,0.186,3.25,0
0rRjGruFonCGOt0S5zAJNQ,The Other Side Of Paradise,Glass Animals,How To Be A Human Being,spring,12407,indie-pop,72,0.338,0.689,0.0649,0.568,5.34,1
5b9iBVhfYxDF4JJcHrNIx5,Gooey,Glass Animals,ZABA,spring,12407,indie-pop,71,0.369,0.487,0.0925,0.106,4.82,1
7yMiX7n9SBvadzox8T5jzT,Clint Eastwood,Gorillaz,Gorillaz,spring,12407,alternative,3,0.694,0.663,0.0698,0.525,5.68,0
5VarZFY00sO54HErJ3TPCI,So Good At Being in Trouble,Unknown Mortal Orchestra,II,spring,12407,chill,67,0.435,0.829,0.119,0.594,3.84,0
6MDijuuArPJv1vbp7K1x3f,Genghis Khan,Miike Snow,iii,spring,12407,swedish,62,0.847,0.688,0.598,0.453,3.54,0
0GO8y8jQk1PkHzS31d699N,Tongue Tied,Grouplove,Never Trust A Happy Song,spring,12407,alt-rock,79,0.936,0.56,0.161,0.371,3.63,0
1UqhkbzB1kuFwt2iy4h29Q,Cough Syrup,Young the Giant,Young the Giant,spring,12407,alt-rock,0,0.721,0.533,0.115,0.225,4.16,0
6IE47jpPeatF2Iay7GZtEc,Feel It All Around,Washed Out,Life Of Leisure,spring,12407,synth-pop,63,0.737,0.34,0.0699,0.499,3.2,0
2QVmiA93GVhWNTWQctyY1K,Outro,M83,"Hurry Up, We're Dreaming",spring,12407,french,65,0.256,0.162,0.0621,0.0784,4.12,0
7KXjTSCq5nL1LoYtL7XAwS,HUMBLE.,Kendrick Lamar,DAMN.,spring,12407,hip-hop,84,0.621,0.908,0.0958,0.421,2.95,1
7qiZfU4dY1lWllzX7mPBI3,Shape of You,Ed Sheeran,÷,spring,12407,pop,86,0.652,0.825,0.0931,0.931,3.9,0
4YPhn26bIFm2KUkL1VLzQG,Say It Ain't So,Weezer,Weezer,spring,12407,alt-rock,1,0.551,0.635,0.07,0.451,4.28,0
3omXshBamrREltcf24gYDC,First,Cold War Kids,Hold My Home,spring,12407,blues,67,0.692,0.468,0.523,0.561,3.34,0
7rqyZM53JpYj86avtfmyeg,My Type,Saint Motel,My Type,spring,12407,alt-rock,70,0.896,0.595,0.0748,0.567,3.44,0
5Az8KU81g2aLBbJN67F2CI,Mind Over Matter,Young the Giant,Mind Over Matter,spring,12407,alt-rock,71,0.763,0.466,0.0973,0.293,4.08,0
0Cvjlph1WGbwZY1PlMEtJY,Come Away With Me,Norah Jones,Come Away With Me,Romance,12408,j-pop,0,0.126,0.354,0.151,0.17,3.3,0
3ZHfX6kbiY7JVsB63lLOLu,The Only Exception,Paramore,brand new eyes,Romance,12408,emo,74,0.563,0.452,0.143,0.209,4.46,0
53QF56cjZA9RTuuMZDrSA6,I Won't Give Up,Jason Mraz,Love Is A Four Letter Word,Romance,12408,acoustic,69,0.303,0.483,0.115,0.139,4.0,0
3S0OXQeoh0w6AY8WQVckRW,I'm Yours,Jason Mraz,We Sing. We Dance. We Steal Things.,Romance,12408,acoustic,80,0.444,0.703,0.0973,0.712,4.04,0
5u0YB9bpmgEPS2bPhwfRFV,arms,Christina Perri,lovestrong.,Romance,12408,rock,0,0.755,0.463,0.103,0.252,4.35,0
1SKPmfSYaPsETbRHaiA18G,Somewhere Only We Know,Keane,Hopes And Fears,Romance,12408,piano,85,0.665,0.448,0.0828,0.304,3.95,0
7tmRpTD2fwL3z7W9NGGPpz,Never Let Me Go,Florence + The Machine,Ceremonials,Romance,12408,alternative,66,0.736,0.452,0.381,0.24,4.52,0
1FGvbfMafLBdymgrtGAZYh,Stand By Me,Florence + The Machine,Songs From Final Fantasy XV,Romance,12408,alternative,3,0.335,0.598,0.194,0.245,4.1,0
0ZPfDxZn5O0L84wvPSN2iG,How Long Will I Love You - Bonus Track,Ellie Goulding,Halcyon Days,Romance,12408,indie-pop,66,0.304,0.512,0.118,0.172,2.57,0
3XVBdLihbNbxUwZosxcGuJ,If I Ain't Got You,Alicia Keys,The Diary Of Alicia Keys,Romance,12408,soul,80,0.444,0.609,0.104,0.166,3.81,0
4yMUywwLJwsWd1v9zow2MH,I Remember,Tristam,"Monstercat - Best of Electronic Music, Vol. 1",Party,12409,dub,53,0.641,0.559,0.0519,0.0376,3.95,0
4lKWSv9JLE8B1YINRFv42O,The 1975,The 1975,The 1975,Party,12409,alt-rock,71,0.433,0.542,0.101,0.495,1.33,0
5Zc3XI1rq7opdZUwFUdKCj,If I Lose Myself,OneRepublic,Native,Party,12409,piano,61,0.688,0.491,0.111,0.279,4.03,0
6g1NlCpW7fgqDnWbCCDrHl,Wake Me Up - Radio Edit,Avicii,True,Party,12409,dance,1,0.807,0.524,0.212,0.62,4.12,0
7wMq5n8mYSKlQIGECKUgTX,Hall of Fame,The Script,#3 Deluxe Version,Party,12409,rock,60,0.872,0.511,0.0975,0.511,3.38,0
015IsLQFXbEm0f541N2qoX,Red Lights,Tiësto,A Town Called Paradise,Party,12409,trance,66,0.83,0.654,0.121,0.548,4.37,0
1j8z4TTjJ1YOdoFEDwJTQa,Ain't It Fun,Paramore,Paramore,Party,12409,emo,1,0.893,0.606,0.021,0.671,4.94,0
1Vk6binioVDRup8aSqS53T,Lightning In A Bottle,The Summer Set,Legendary,Party,12409,piano,53,0.865,0.656,0.298,0.772,4.09,0
7EOYLyD4pP4YJVgoVeKUQ1,Feel So Close - Radio Edit,Calvin Harris,18 Months,Party,12409,electro,80,0.924,0.707,0.204,0.919,3.44,0
4A7qcJp2Sg867JST1pSPJz,Promises,NERO,Welcome Reality,Party,12409,drum-and-bass,56,0.943,0.484,0.593,0.345,4.29,0
3iVAyrTlbWGBq0laeQ18z2,Walking On A Dream,Empire of the Sun,Walking On A Dream,Party,12409,alt-rock,79,0.701,0.871,0.0589,0.716,3.31,0
4dyx5SzxPPaD8xQIid5Wjj,Young Folks,Peter Bjorn and John,Writer's Block,Party,12409,alt-rock,76,0.812,0.699,0.105,0.662,4.61,0
1vQ92830bxiBcIhpUj4qrn,The Veldt - Radio Edit,deadmau5,The Veldt,Party,12409,electronic,54,0.759,0.736,0.0778,0.485,2.83,0
73jVPicY2G9YHmzgjk69ae,Robbers,The 1975,The 1975,Party,12409,alt-rock,71,0.692,0.621,0.335,0.381,4.24,0
0IqKeD8ZSP72KbGYyzEcAs,Take Me To Church,Hozier,Hozier,Party,12409,singer-songwriter,83,0.664,0.566,0.116,0.437,4.03,0
5NetSTs4dgiR6GLrZOQcwJ,Can't Stop Dancin',Becky G,Can't Stop Dancin',Party,12409,reggae,61,0.669,0.645,0.0997,0.568,3.31,0
2Kgjd9G808FhUDRhS2gidG,Cecilia And The Satellite,Andrew McMahon in the Wilderness,Andrew McMahon In The Wilderness,Party,12409,piano,61,0.844,0.381,0.318,0.239,3.73,0
7oGZAicScQt96OAW4AruYy,Want to Want Me,Jason Derulo,Everything Is 4,Party,12409,dance,1,0.643,0.772,0.0705,0.669,3.46,0
0j55p8YRAPG8yajtNyjt6A,Hold You - Hold Yuh,Gyptian,Hold You,jamzzz,12410,dancehall,67,0.621,0.69,0.0884,0.497,3.89,0
7Fonib360m2FN6kJSTpxnO,Wine Slow,Gyptian,Wine Slow,jamzzz,12410,dancehall,52,0.568,0.608,0.191,0.47,2.58,0
2aULMaE3NgcnVluZCvxFmT,Summer Tiime,Vybz Kartel,The Gaza Don,jamzzz,12410,j-dance,54,0.798,0.857,0.316,0.353,2.78,0
3WU2blK7YBcugEEU9CATvF,No Games,Serani,No Games,jamzzz,12410,dancehall,64,0.79,0.741,0.0345,0.806,3.14,0
0XRbYXQUymj9SJkrr8YK5B,Keep Ya Head Up,2Pac,Strictly 4 My N.I.G.G.A.Z...,jamzzz,12410,funk,71,0.732,0.598,0.508,0.595,4.38,0
6tDxrq4FxEL2q15y37tXT9,Dear Mama,2Pac,Me Against The World,jamzzz,12410,funk,72,0.54,0.773,0.131,0.322,4.67,0
1kusepF3AacIEtUTYrw4GV,Paper Planes,M.I.A.,Kala,jamzzz,12410,indie-pop,77,0.848,0.447,0.65,0.485,3.4,0
7CEV9VwA8XO9wwxTXgYKvY,I And Love And You,The Avett Brothers,I And Love And You,jamzzz,12410,bluegrass,62,0.264,0.424,0.0763,0.169,5.01,0
0fioLzGM8ngbD1w6fMmm45,I'm Not The Only One,Sam Smith,In The Lonely Hour,jamzzz,12410,dance,1,0.487,0.684,0.0821,0.456,3.99,0
4SXHCsxjOfoYPpO2zLQEpw,Mi Mujer,Nicolas Jaar,Electro Shock,jamzzz,12410,electronic,56,0.635,0.816,0.105,0.307,6.52,0
3fnL2JDgy4QD04araOl0eY,Androgynous,The Replacements,Let It Be [Expanded Edition],jamzzz,12410,power-pop,51,0.361,0.476,0.0817,0.389,3.18,0
1vY9snyzHUPBuFrjrL8o7n,Rise,Eddie Vedder,Into The Wild,jamzzz,12410,acoustic,60,0.58,0.401,0.134,0.526,2.61,0
4bSWx86yHmy6OOMsQPU60F,I'm On Fire,Bruce Springsteen,Born In The U.S.A.,jamzzz,12410,singer-songwriter,74,0.446,0.62,0.0727,0.868,2.57,0
2FZuUP0YFFISIgePvqCj93,Beach Baby,Bon Iver,Blood Bank,jamzzz,12410,folk,72,0.0809,0.669,0.114,0.0922,2.62,0
5b9iBVhfYxDF4JJcHrNIx5,Gooey,Glass Animals,ZABA,jamzzz,12410,indie-pop,71,0.369,0.487,0.0925,0.106,4.82,1
1XQnZTR0ER8y5fGO17uX1R,Holocene,Bon Iver,Bon Iver,jamzzz,12410,folk,66,0.304,0.374,0.126,0.147,5.61,0
3UfCFlGruX0DRPCpD1V3pU,Work Song,Hozier,Hozier,jamzzz,12410,singer-songwriter,63,0.388,0.432,0.112,0.256,3.83,0
2LMkwUfqC6S6s6qDVlEuzV,White Ferrari,Frank Ocean,Blonde,jamzzz,12410,soul,79,0.0958,0.501,0.298,0.204,4.15,0
2JUqYobT8NvARdPmc4ES2x,Good Guy,Frank Ocean,Blonde,jamzzz,12410,soul,64,0.131,0.525,0.12,0.811,1.11,0
6PXQNoF204nhELDHsPDCu0,She's Royal,Tarrus Riley,Parables,jamzzz,12410,dancehall,58,0.459,0.754,0.0742,0.829,4.18,0
414J8tKHbtF16XOiHGBEso,Tezeta (Nostalgia),Mulatu Astatke,"Ethiopiques, Vol. 4: Ethio Jazz 1969-1974",jamzzz,12410,afrobeat,52,0.356,0.547,0.0891,0.504,6.28,0
4fzyvSu73BhGvi96p2zwjL,Christmas Lights,Coldplay,Christmas Lights,christmas,12412,pop,1,0.418,0.315,0.0836,0.237,4.04,0
7hK9jnESeCfc5fIHH76jKh,Skating,Vince Guaraldi Trio,A Charlie Brown Christmas,christmas,12412,jazz,0,0.297,0.473,0.129,0.551,2.43,0
35lAjvsvS9k9HHuP1fjDT8,Human Nature,Michael Jackson,Thriller 25 Super Deluxe Edition,1980's,12413,soul,66,0.511,0.638,0.26,0.68,4.09,0
54X78diSLoUDI3joC2bjMz,Purple Rain,Prince,Purple Rain,1980's,12413,funk,75,0.452,0.367,0.689,0.189,8.68,0
0bVtevEgtDIeRjCJbK3Lmv,Welcome To The Jungle,Guns N' Roses,Appetite For Destruction,1980's,12413,hard-rock,80,0.954,0.447,0.298,0.331,4.57,0
2vNw57KPaYDzkyPxXYUORX,Nightrain,Guns N' Roses,Appetite For Destruction,1980's,12413,hard-rock,64,0.992,0.4,0.179,0.243,4.46,0
3YBZIN3rekqsKxbJc9FZko,Paradise City,Guns N' Roses,Appetite For Destruction,1980's,12413,hard-rock,79,0.952,0.273,0.142,0.472,6.82,0
7o2CTH4ctstm8TNelqjb51,Sweet Child O' Mine,Guns N' Roses,Appetite For Destruction,1980's,12413,hard-rock,84,0.91,0.454,0.116,0.629,5.93,0
6v5VsfCYKdrkQBTMhAlkDr,Rocket Queen,Guns N' Roses,Appetite For Destruction,1980's,12413,hard-rock,61,0.945,0.448,0.0254,0.437,6.24,0
6KIKRz9eSTXdNsGUnomdtW,Straight Outta Compton,N.W.A.,Straight Outta Compton,1980's,12413,hardcore,72,0.878,0.834,0.334,0.418,4.31,0
5n8Aro6j1bEGIy7Tpo7FV7,Fuck Tha Police,N.W.A.,Straight Outta Compton,1980's,12413,hardcore,71,0.75,0.859,0.0538,0.857,5.76,0
1pOIpxfrQ8AszXZdKR3aH3,Gangsta Gangsta,N.W.A.,Straight Outta Compton,1980's,12413,hardcore,64,0.698,0.894,0.329,0.695,5.62,0
59HBsP5zIuEzDsrY9bB2NQ,La Que Me Gusta,Los Amigos Invisibles,Repeat After Me,Rock en español,12414,afrobeat,71,0.833,0.721,0.135,0.549,3.99,0
7DhYjNLksXZhbRQeheAums,Caraluna,Bacilos,Caraluna,Rock en español,12414,latin,0,0.773,0.759,0.1,0.895,4.44,0
7kpeL1x9j7uKgPx6rVz7D7,Can I Kick It?,A Tribe Called Quest,The Anthology,00s,12415,hardcore,70,0.666,0.848,0.129,0.744,4.42,0
0COqiPhxzoWICwFCS4eZcp,Bring Me To Life,Evanescence,Fallen,00s,12415,alternative,0,0.943,0.318,0.242,0.298,3.93,0
36IkR2i4HaV3SRsSHzje6v,Right Here,Staind,Chapter V,00s,12415,grunge,46,0.627,0.487,0.109,0.219,4.18,0
4fxF8ljwryMZX5c9EKrLFE,Boombastic,Shaggy,Boombastic,00s,12415,reggae,1,0.887,0.852,0.311,0.788,4.17,0
0wqOReZDnrefefEsrIGeR4,Hanging By A Moment,Lifehouse,No Name Face,00s,12415,grunge,63,0.858,0.537,0.0812,0.502,3.6,0
7EOYLyD4pP4YJVgoVeKUQ1,Feel So Close - Radio Edit,Calvin Harris,18 Months,00s,12415,electro,80,0.924,0.707,0.204,0.919,3.44,0
4wH4dJgrsxONID6KS2tDQM,Maneater,Nelly Furtado,Loose,00s,12415,latin,1,0.721,0.799,0.335,0.66,4.31,0
20I6sIOMTCkB6w7ryavxtO,Call Me Maybe,Carly Rae Jepsen,Kiss,00s,12415,electro,80,0.58,0.783,0.108,0.66,3.22,0
01XFgRZfZI7oBagNf1Loml,Harlem Shake,Baauer,Harlem Shake,00s,12415,electronic,58,0.794,0.452,0.416,0.282,3.28,0
4fIWvT19w9PR0VVBuPYpWA,Haven't Met You Yet,Michael Bublé,Crazy Love,00s,12415,j-pop,72,0.733,0.615,0.109,0.796,4.08,0
5edBgVtRD0fvWk140Sl21T,Counting Stars,OneRepublic,Native,00s,12415,piano,83,0.705,0.664,0.118,0.477,4.29,0
4osg3vT6sXv6wNxm9Z6ucQ,Rehab,Amy Winehouse,Back To Black,00s,12415,british,73,0.558,0.407,0.34,0.777,3.56,0
3NLrRZoMF0Lx6zTlYqeIo4,Here Without You,3 Doors Down,Away From The Sun,00s,12415,alt-rock,0,0.545,0.556,0.124,0.193,3.98,0
305WCRhhS10XUcH6AEwZk6,Are You Gonna Be My Girl,Jet,Get Born,00s,12415,alt-rock,1,0.95,0.598,0.154,0.577,3.56,0
44IeABaLLsnFVb7rjzNTzS,The Story,Brandi Carlile,The Story & Cover Stories,00s,12415,acoustic,66,0.5,0.544,0.109,0.177,3.97,0
53QF56cjZA9RTuuMZDrSA6,I Won't Give Up,Jason Mraz,Love Is A Four Letter Word,00s,12415,acoustic,69,0.303,0.483,0.115,0.139,4.0,0
1CkvWZme3pRgbzaxZnTl5X,Rolling in the Deep,Adele,21,00s,12415,british,81,0.769,0.73,0.0473,0.507,3.8,0
4VrWlk8IQxevMvERoX08iC,Chandelier,Sia,1000 Forms Of Fear,00s,12415,dance,80,0.787,0.399,0.0685,0.572,3.6,0
0qcr5FMsEO85NAQjrlDRKo,"Let It Go - From ""Frozen""/Soundtrack Version",Idina Menzel,Frozen,00s,12415,show-tunes,75,0.485,0.543,0.12,0.371,3.73,0
7bJwvubZZaoGE1AGEfu8Fi,One Last Time,Ariana Grande,My Everything,00s,12415,dance,83,0.593,0.628,0.096,0.104,3.29,0
0IqKeD8ZSP72KbGYyzEcAs,Take Me To Church,Hozier,Hozier,00s,12415,singer-songwriter,83,0.664,0.566,0.116,0.437,4.03,0
4sPmO7WMQUAf45kwMOtONw,Hello,Adele,25,00s,12415,british,74,0.43,0.578,0.0854,0.288,4.92,0
5J4FiKDJIdJ8AKx2gaWMt4,Your Number,Ayo Jay,Your Number,new,12416,dancehall,60,0.61,0.588,0.303,0.645,3.4,0
0VgkVdmE4gld66l8iyGjgx,Mask Off,Future,FUTURE,new,12416,hip-hop,83,0.434,0.833,0.165,0.281,3.41,0
7fQ3PYTYdu208fQ3JEm2U7,Ain't That A Kick In The Head,Dean Martin,"Dean Martin: The Capitol Recordings, Vol. 11 (1960-1961)",swoon,12417,jazz,0,0.252,0.647,0.3,0.72,2.45,0
3QyPsavxL681NX7SPVGd5T,Sway (Quien Sera),Dean Martin,"Dean Martin: The Capitol Recordings, Vol. 5 (1954)",swoon,12417,jazz,59,0.239,0.601,0.0748,0.569,2.75,0
78VG6M1i7JQXBdygmWFwye,Everybody Loves Somebody,Dean Martin,The Reprise Years,swoon,12417,jazz,68,0.391,0.366,0.352,0.461,2.69,0
7IWkJwX9C0J7tHurTD7ViL,When We Were Young,Adele,25,eagles,12418,british,79,0.595,0.376,0.095,0.265,4.85,0
5nP6bZZpeT9hbtvePmy9ko,Moody Blue,Elvis Presley,Moody Blue,eagles,12418,rock-n-roll,62,0.729,0.643,0.173,0.963,2.89,0
1fDsrQ23eTAVFElUMaf38X,American Pie,Don McLean,American Pie,eagles,12418,folk,0,0.563,0.461,0.302,0.477,8.61,0
1AhDOtG9vPSOmsWgNW0BEY,Bohemian Rhapsody - Remastered 2011,Queen,A Night At The Opera,eagles,12418,rock,82,0.404,0.414,0.3,0.224,5.91,0
2xYlyywNgefLCRDG8hlxZq,"Take Me Home, Country Roads",John Denver,"The John Denver Collection, Vol. 1: Take Me Home Country Roads",eagles,12418,country,73,0.395,0.462,0.121,0.625,3.3,0
7qiZfU4dY1lWllzX7mPBI3,Shape of You,Ed Sheeran,÷,eagles,12418,pop,86,0.652,0.825,0.0931,0.931,3.9,0
3hB5DgAiMAQ4DzYbsMq1IT,Love Yourself,Justin Bieber,Purpose,eagles,12418,pop,84,0.378,0.609,0.28,0.515,3.9,0
76N7FdzCI9OsiUnzJVLY2m,Rumour Has It,Adele,21,eagles,12418,british,67,0.749,0.612,0.167,0.574,3.69,0
5O6yk6U8L3rTbFsIwuqe8H,Turning Tables,Adele,21,eagles,12418,british,68,0.446,0.353,0.132,0.211,4.17,0
0PjyOURxQ6wiHaBYXf53G2,Healing Begins,Tenth Avenue North,The Light Meets The Dark,Christian,12419,world-music,44,0.583,0.541,0.102,0.276,3.95,0
5quIK3oXwunG35RI8HSQDi,What Love Really Means,JJ Heller,When I'm With You,Christian,12419,acoustic,45,0.428,0.405,0.14,0.331,3.94,0
2LBqCSwhJGcFQeTHMVGwy3,Die For You,The Weeknd,Starboy,88,12420,pop,88,0.525,0.582,0.134,0.51,4.34,0
0KKkJNfGyhkQ5aFogxQAPU,That's What I Like,Bruno Mars,24K Magic,88,12420,dance,83,0.56,0.853,0.0944,0.86,3.44,0
7KXjTSCq5nL1LoYtL7XAwS,HUMBLE.,Kendrick Lamar,DAMN.,88,12420,hip-hop,84,0.621,0.908,0.0958,0.421,2.95,1
3fqwjXwUGN6vbzIwvyFMhx,Tennessee Whiskey,Chris Stapleton,Traveller,yes,12421,country,81,0.37,0.392,0.0821,0.512,4.89,0
3Nvh2G6LziUGKAGF7YBFfq,Hurtin',Cody Johnson,Cowboy Like Me,yes,12421,country,41,0.821,0.487,0.272,0.539,4.05,0
2MXE5cIWke4AVIrXpr9Fg5,Holes,Cody Johnson,Cowboy Like Me,yes,12421,country,42,0.572,0.47,0.0902,0.422,3.68,0
4TnUKixNWMfajncgdSwFoi,Amarillo By Morning,George Strait,Strait From The Heart,yes,12421,country,70,0.361,0.606,0.38,0.621,2.89,0
0HOqINudNgQFpg1le5Hnqe,Damn It Feels Good to Be a Gangsta,Geto Boys,Uncut Dope,Hiphop,12422,hardcore,61,0.793,0.785,0.124,0.655,5.18,0
2OsGdZYDdTK4pxDMsK0Blv,Ms. Fat Booty,Mos Def,Black On Both Sides,Hiphop,12422,hardcore,71,0.589,0.782,0.164,0.869,3.73,0
2eOpn0ix5JGf47vUBUqZnV,Unrequited,Yoga Lin,Fiction,??,12423,mandopop,48,0.349,0.46,0.108,0.199,5.12,0
03fT3OHB9KyMtGMt2zwqCT,Play It Again,Luke Bryan,Crash My Party,Country,12425,country,75,0.886,0.506,0.0734,0.595,3.78,0
0yD66650JxhqKbW76C2qCo,Country Girl (Shake It For Me),Luke Bryan,Tailgates & Tanlines,Country,12425,country,2,0.904,0.644,0.0834,0.672,3.76,0
6aNwDe5YH5YUPlpHkku52w,Sunshine & Whiskey,Frankie Ballard,Sunshine & Whiskey,Country,12425,country,0,0.737,0.67,0.325,0.753,3.04,0
5pD1qwHvnKFcQ2qjwsoKYF,Day Drinking,Little Big Town,Pain Killer,Country,12425,country,0,0.959,0.591,0.779,0.86,2.98,0
0Utg7sirTPqrs6Cx0FbriQ,Chillin' It,Cole Swindell,Cole Swindell,Country,12425,country,1,0.849,0.576,0.109,0.666,3.28,0
0IF0vGwaJQ8ZCh0QxhW6OV,Man! I Feel Like A Woman!,Shania Twain,Come On Over,Country,12425,country,3,0.889,0.654,0.297,0.73,3.88,0
4W38RXuQNuoTSwVsQA1OGC,Nothin' Like You,Dan + Shay,Where It All Began,Country,12425,country,0,0.704,0.586,0.067,0.442,3.1,0
4rOZRpsGz3eZxTYabaRLtn,Lily's Theme,Alexandre Desplat,Harry Potter - The Deathly Hallows Part II,Soundtracks,12426,french,61,0.048,0.179,0.0775,0.0278,2.48,0
50Cz3hN8iB9aDL0FL6e0mM,Courtyard Apocalypse,Alexandre Desplat,Harry Potter - The Deathly Hallows Part II,Soundtracks,12426,french,54,0.313,0.137,0.111,0.131,2.01,0
7hyAAjHZaDWSPDzlUYNUIa,Threnody,Goldmund,The Malady Of Elegance,Soundtracks,12426,ambient,57,0.00572,0.217,0.109,0.174,4.69,0
1TaFqhHJpgSuMD099JQpCi,We Had Today,Rachel Portman,One Day OST,Soundtracks,12426,british,47,0.135,0.079,0.0845,0.038,3.74,0
15WRWc3qqlyAzTne9q5tQK,Cornfield Chase,Hans Zimmer,Interstellar: Original Motion Picture Soundtrack (Deluxe Digital Version),Soundtracks,12426,german,74,0.226,0.18,0.0998,0.048,2.12,0
2TGTivEqpW9RUkfukL7vvA,A Game of Croquet,Jóhann Jóhannsson,The Theory of Everything (Original Motion Picture Soundtrack),Soundtracks,12426,ambient,62,0.043,0.22,0.062,0.11,2.76,0
0kbLBB45YGGWNu3AUL6FIL,The Theory of Everything,Jóhann Jóhannsson,The Theory of Everything (Original Motion Picture Soundtrack),Soundtracks,12426,ambient,64,0.118,0.421,0.115,0.175,1.14,0
7yC7bkNQBeESNoSa2K7h5z,Wayward Sisters,Abel Korzeniowski,Nocturnal Animals (Original Motion Picture Soundtrack),Soundtracks,12426,ambient,48,0.443,0.281,0.155,0.055,2.93,0
065JpMm3wBounTRtaoqVyS,Lamb of God,Vertical Worship,Church Songs,praise,12427,world-music,43,0.614,0.434,0.197,0.196,4.19,0
4xuToNvDiZHnDQVujjK49s,Spirit of the Living God,Vertical Worship,Church Songs,praise,12427,world-music,54,0.531,0.368,0.639,0.166,5.66,0
3QntQwzIBV704yqCHLLmyH,Sinking Deep,Hillsong Young & Free,This Is Living,praise,12427,world-music,54,0.25,0.538,0.109,0.1,4.12,0
3kIMF9JlABZJrxC0eA0757,This Feeling,Alabama Shakes,Sound & Color,Naptime,12428,blues,56,0.334,0.625,0.113,0.306,4.48,0
38YgZVHPWOWsKrsCXz6JyP,Come On Get Higher,Matt Nathanson,Some Mad Hope,Naptime,12428,acoustic,71,0.623,0.672,0.0848,0.617,3.59,0
1U1GtaJeYwGsPgqV9Me5bb,Hold You in My Arms,Ray LaMontagne,Trouble,Naptime,12428,acoustic,62,0.321,0.504,0.147,0.577,5.1,0
50ssiEHx556vul2XyUbxwU,"Bibbidi-Bobbidi-Boo - From ""Cinderella""",Verna Felton,Disney's Greatest Volume 1,disney,12429,disney,56,0.525,0.513,0.233,0.887,1.3,0
1OzSfjFW08DTD51XoNnog7,"That's How You Know - From ""Enchanted""/Soundtrack Version",Amy Adams,Enchanted,disney,12429,disney,31,0.638,0.48,0.133,0.535,3.82,0
7jjepkxo9Znkw5B4NNbFlv,"Immortals - From ""Big Hero 6",Fall Out Boy,Immortals,disney,12429,emo,53,0.871,0.702,0.367,0.774,3.22,0
1lOSxJNCLvWm2bYaTcTSmK,"Mother Knows Best - From ""Tangled""/Soundtrack Version",Donna Murphy,Tangled,disney,12429,disney,66,0.259,0.403,0.0451,0.473,3.17,0
53QF56cjZA9RTuuMZDrSA6,I Won't Give Up,Jason Mraz,Love Is A Four Letter Word,slep,12430,acoustic,69,0.303,0.483,0.115,0.139,4.0,0
5uCax9HTNlzGybIStD3vDh,Say You Won't Let Go,James Arthur,Back from the Edge,slep,12430,pop,85,0.557,0.358,0.0902,0.494,3.52,0
6mghCOaaSvrke0z1EUVUIf,"Hey, Soul Sister",Train,"Save Me, San Francisco (Golden Gate Edition)",slep,12430,rock,82,0.886,0.673,0.0826,0.795,3.61,0
0HZhYMZOcUzZKSFwPOti6m,Jar of Hearts,Christina Perri,lovestrong.,slep,12430,rock,0,0.348,0.373,0.12,0.0899,4.11,0
3S0OXQeoh0w6AY8WQVckRW,I'm Yours,Jason Mraz,We Sing. We Dance. We Steal Things.,slep,12430,acoustic,80,0.444,0.703,0.0973,0.712,4.04,0
4gxT7DX1NVig7cnQBhSmiM,Beautiful Soul,Boyce Avenue,"Cover Sessions, Vol. 2",slep,12430,acoustic,62,0.506,0.483,0.0946,0.705,3.61,0
1mXVgsBdtIVeCLJnSnmtdV,Too Good At Goodbyes,Sam Smith,The Thrill Of It All,slep,12430,dance,83,0.372,0.681,0.169,0.476,3.35,0
6gJdDnF2TzfA1WPMXuCa3x,Proud Mary,Tina Turner,What's Love Got To Do With It,Unsorted,12431,disco,67,0.499,0.397,0.111,0.367,5.46,0
1jdNcAD8Ir58RlsdGjJJdx,Ho Hey,The Lumineers,The Lumineers,Unsorted,12431,folk,79,0.471,0.682,0.0908,0.421,2.69,0
3TW48DvQ7ChwY1Yy1tkMaP,Runaway Train,Soul Asylum,Grave Dancers Union,Unsorted,12431,grunge,56,0.714,0.616,0.133,0.53,4.43,0
1AhDOtG9vPSOmsWgNW0BEY,Bohemian Rhapsody - Remastered 2011,Queen,A Night At The Opera,Unsorted,12431,rock,82,0.404,0.414,0.3,0.224,5.91,0
2wVXSc0IrQVodHESUxVUJA,Losing My Religion,R.E.M.,Out Of Time,Unsorted,12431,alt-rock,0,0.854,0.666,0.0986,0.803,4.47,0
5DiXcVovI0FcY2s0icWWUu,Mr. Jones,Counting Crows,August And Everything After,Unsorted,12431,alt-rock,0,0.836,0.571,0.182,0.73,4.54,0
0zYQ8aDlJQzBYjSTrgbRGV,Boom Shack-A-Lak,Apache Indian,The Best Of,Unsorted,12431,dancehall,49,0.701,0.764,0.825,0.901,4.56,0
6g1NlCpW7fgqDnWbCCDrHl,Wake Me Up - Radio Edit,Avicii,True,Unsorted,12431,dance,1,0.807,0.524,0.212,0.62,4.12,0
3cOO5IQtOYs7huq4Z6lYfr,Love Runs Out,OneRepublic,Native,Unsorted,12431,piano,64,0.931,0.715,0.0757,0.742,3.75,0
0u4htORODiTK9vHVA89MQX,Lovefool - Radio Edit,The Cardigans,First Band On The Moon,Unsorted,12431,swedish,0,0.686,0.645,0.143,0.941,3.23,0
0IqKeD8ZSP72KbGYyzEcAs,Take Me To Church,Hozier,Hozier,Unsorted,12431,singer-songwriter,83,0.664,0.566,0.116,0.437,4.03,0
2UKkLqST2xWpK8n1b0Xr5Z,Return To Innocence,Enigma,The Cross Of Changes,Unsorted,12431,new-age,66,0.584,0.476,0.274,0.417,4.26,0
1EFddFVisHbqCHah6oBlhD,Far Away,Nickelback,All The Right Reasons,Unsorted,12431,alt-rock,73,0.797,0.518,0.107,0.293,3.97,0
0wokCRaKD0zPNhMRXAgVsr,Ordinary World,Duran Duran,Duran Duran [The Wedding Album],Unsorted,12431,synth-pop,73,0.652,0.472,0.14,0.401,5.67,0
7cKLOenzViwzoHJWciMIrj,Bam Bam,Sister Nancy,One Two,Reggae,12432,dancehall,67,0.605,0.722,0.248,0.709,3.28,0
0j55p8YRAPG8yajtNyjt6A,Hold You - Hold Yuh,Gyptian,Hold You,Reggae,12432,dancehall,67,0.621,0.69,0.0884,0.497,3.89,0
3WU2blK7YBcugEEU9CATvF,No Games,Serani,No Games,Reggae,12432,dancehall,64,0.79,0.741,0.0345,0.806,3.14,0
6aNwDe5YH5YUPlpHkku52w,Sunshine & Whiskey,Frankie Ballard,Sunshine & Whiskey,2k14,12434,country,0,0.737,0.67,0.325,0.753,3.04,0
2kWowW0k4oFymhkr7LmvzO,Come with Me Now,KONGOS,Lunatic,2k14,12434,blues,67,0.726,0.654,0.0618,0.728,3.53,0
4VrWlk8IQxevMvERoX08iC,Chandelier,Sia,1000 Forms Of Fear,2k14,12434,dance,80,0.787,0.399,0.0685,0.572,3.6,0
3ouugfdFz6exFXUxu7wRvD,If You Can't Hang,Sleeping With Sirens,Let's Cheers To This,2k14,12434,emo,22,0.975,0.394,0.118,0.466,4.17,0
0fioLzGM8ngbD1w6fMmm45,I'm Not The Only One,Sam Smith,In The Lonely Hour,2k14,12434,dance,1,0.487,0.684,0.0821,0.456,3.99,0
35rdv7N27twjo4gnUzmnRZ,Polish Girl,Neon Indian,Era Extraña,pow,12435,synth-pop,47,0.886,0.63,0.125,0.454,4.4,0
3i0J9e00YhlrKO7AqgdO8Z,She Used to Be Mine,Jessie Mueller,She Used to Be Mine,musicals,12436,show-tunes,58,0.223,0.606,0.115,0.132,4.34,0
4ea69rZxGlnAYSaaR3fpVv,Velma's Revenge,Kristin Chenoweth,Hairspray LIVE! Original Soundtrack of the NBC Television Event,musicals,12436,show-tunes,23,0.583,0.478,0.114,0.675,1.0,0
733tju3KUeatsbjcTRQ04i,Yorktown (The World Turned Upside Down),Original Broadway Cast of Hamilton,Hamilton,musicals,12436,show-tunes,64,0.883,0.76,0.727,0.51,4.04,0
3D4J0o9w44QKFrBrYrSVJY,What Comes Next?,Jonathan Groff,Hamilton,musicals,12436,show-tunes,63,0.302,0.515,0.199,0.277,1.66,0
4eeN8erNIbW2osT0knz5vT,I Know Him,Jonathan Groff,Hamilton,musicals,12436,show-tunes,61,0.436,0.67,0.722,0.378,1.63,0
7EsSVPxaYoAZjQwhspJBs2,"Who Lives, Who Dies, Who Tells Your Story",Original Broadway Cast of Hamilton,Hamilton,musicals,12436,show-tunes,63,0.326,0.353,0.0904,0.156,3.62,0
0ZWW07BD8W85lUbgx2sn7E,For Forever,Ben Platt,Dear Evan Hansen (Original Broadway Cast Recording),musicals,12436,show-tunes,60,0.457,0.371,0.0882,0.166,5.02,0
1uT4Haj9BYmbjxvoF2omRc,Belle (Reprise),Emma Watson,Beauty and the Beast,musicals,12436,disney,52,0.32,0.395,0.194,0.228,1.26,0
6zMa6pq3Te0F9YrEocvgpW,How Does A Moment Last Forever (Montmartre),Emma Watson,Beauty and the Beast,musicals,12436,disney,55,0.118,0.224,0.3,0.0746,1.93,0
3Yn97I3qIj7Px0Bi4rkD2q,Evermore,Dan Stevens,Beauty and the Beast,musicals,12436,disney,64,0.396,0.285,0.102,0.219,3.24,0
2xt2piJx6jlFkjS77YiqpL,Like a Stone,Audioslave,Audioslave,Rock,12438,alt-rock,78,0.568,0.614,0.0997,0.516,4.9,0
5V3mdRI2yQxbSsJGDPc5lD,Chop Suey!,System Of A Down,Toxicity,Rock,12438,alternative,83,0.934,0.417,0.132,0.287,3.5,0
5eek2X5459T1HoYJk2CKXv,Last Resort,Papa Roach,Infest,Rock,12438,alt-rock,80,0.89,0.589,0.201,0.692,3.33,0
1bdXMstfxFWYSkEFTnJMoN,Enter Sandman,Metallica,Metallica,Rock,12438,hard-rock,81,0.828,0.577,0.0581,0.604,5.52,0
7MeXwzhSDGfqNfuFANgzVC,Toxicity,System Of A Down,Toxicity,Rock,12438,alternative,81,0.873,0.413,0.204,0.48,3.65,0
01a0J96fRD91VnjQQUCqMK,The Kids Aren't Alright,The Offspring,Americana,Rock,12438,alt-rock,81,0.943,0.523,0.0579,0.766,3.0,1
0bVtevEgtDIeRjCJbK3Lmv,Welcome To The Jungle,Guns N' Roses,Appetite For Destruction,Rock,12438,hard-rock,80,0.954,0.447,0.298,0.331,4.57,0
6ZOBP3NvffbU4SZcrnt1k6,Kryptonite,3 Doors Down,The Better Life,Rock,12438,alt-rock,0,0.848,0.544,0.134,0.489,3.9,0
01ICFoBoco3TaM5r3HthXy,Master Of Puppets,Metallica,Master Of Puppets,Rock,12438,hard-rock,81,0.836,0.543,0.153,0.56,8.59,0
64BbK9SFKH2jk86U3dGj2P,Otherside,Red Hot Chili Peppers,Californication,Rock,12438,alt-rock,80,0.795,0.458,0.0756,0.513,4.26,0
1G391cbiT3v3Cywg8T7DM1,Scar Tissue,Red Hot Chili Peppers,Californication,Rock,12438,alt-rock,79,0.717,0.595,0.108,0.547,3.6,0
1twBt7aZiy7HWPG025QGuP,Aerials,System Of A Down,Toxicity,Rock,12438,alternative,77,0.922,0.364,0.0697,0.227,3.93,0
4UEo1b0wWrtHMC8bVqPiH8,Nightmare,Avenged Sevenfold,Nightmare,Rock,12438,alternative,72,0.949,0.554,0.2,0.233,6.24,1
6RJdYpFQwLyNfDc5FbjkgV,Stricken,Disturbed,Ten Thousand Fists,Rock,12438,metal,72,0.969,0.402,0.225,0.262,4.09,0
3sHH7lklbfpcraDDvYnjo7,Bat Country,Avenged Sevenfold,City Of Evil,Rock,12438,metal,42,0.968,0.541,0.423,0.505,5.2,0
1gyee1JuFFiP476LQpRMYU,The Red,Chevelle,Wonder What's Next,Rock,12438,grunge,70,0.843,0.509,0.348,0.332,3.97,0
3YBZIN3rekqsKxbJc9FZko,Paradise City,Guns N' Roses,Appetite For Destruction,Rock,12438,hard-rock,79,0.952,0.273,0.142,0.472,6.82,0
3aELm5rswNgDDjwvfuqd9O,Jekyll and Hyde,Five Finger Death Punch,Got Your Six,Rock,12438,groove,65,0.964,0.537,0.0564,0.712,3.45,0
6p2liQLGoDaLXgND68bfVt,Coming Undone,Korn,See You On the Other Side,Rock,12438,metal,75,0.677,0.687,0.0564,0.545,3.33,0
2yXyz4NLTZx9CLdXfLTp5E,I Will Not Bow,Breaking Benjamin,Dear Agony,Rock,12438,grunge,41,0.953,0.538,0.365,0.646,3.61,0
1fQaoh3imrMunWVZh5kf90,Shepherd of Fire,Avenged Sevenfold,Hail to the King,Rock,12438,metal,70,0.906,0.576,0.0908,0.211,5.4,0
1AEYT6VxrxXPMoQUxsY0E4,Headstrong,Trapt,Trapt,Rock,12438,grunge,72,0.896,0.492,0.189,0.534,4.76,0
5GSxbKJDweJGarSEuob5T1,The Pride,Five Finger Death Punch,American Capitalist,Rock,12438,groove,55,0.987,0.492,0.231,0.354,3.4,0
4QEFQlNFerDnWvNU8NASiV,Dragula,Rob Zombie,Hellbilly Deluxe,Rock,12438,alt-rock,1,0.978,0.579,0.0955,0.558,3.71,0
6wqJeItl3Vc3az4ZicSQAB,Before I Forget,Slipknot,Vol. 3: The Subliminal Verses [Special Package],Rock,12438,alternative,77,0.974,0.291,0.886,0.348,4.64,0
4KRIN62LtUomHmyA1BFyvR,Under and Over It,Five Finger Death Punch,American Capitalist,Rock,12438,groove,57,0.996,0.468,0.26,0.094,3.64,0
2UDumaw7osnyjH7RZ2DLpB,I Am Machine,Three Days Grace,Human,Rock,12438,grunge,68,0.97,0.402,0.189,0.476,3.34,0
5pKCDm2fw4k6D6C5Rk646C,Tears Don't Fall,Bullet For My Valentine,The Poison,Rock,12438,alt-rock,65,0.931,0.214,0.0797,0.233,5.81,0
0EYOdF5FCkgOJJla8DI2Md,B.Y.O.B.,System Of A Down,Mezmerize,Rock,12438,alternative,77,0.981,0.538,0.219,0.711,4.26,0
6rmy8aPXRCvzO07qzTzbvd,Coming Down,Five Finger Death Punch,American Capitalist,Rock,12438,groove,54,0.991,0.31,0.11,0.187,4.02,0
25GC50HslaaruyrKjdu0lP,Your Betrayal,Bullet For My Valentine,Fever,Rock,12438,metal,68,0.883,0.569,0.0883,0.373,4.86,0
6zKF4293k44ItKWJJgrhXv,My Curse,Killswitch Engage,As Daylight Dies,Rock,12438,metal,68,0.956,0.197,0.261,0.209,4.08,0
0INUE1K7cEiE8VH63Rv5RJ,Happy?,Mudvayne,Lost and Found,Rock,12438,groove,69,0.97,0.546,0.275,0.383,3.6,0
2NImo2MajNai4CLk35wMut,This Means War,Avenged Sevenfold,Hail to the King,Rock,12438,metal,64,0.914,0.614,0.0371,0.439,6.15,0
1KCAEG6JcsTzi8ddZzs0nk,You Want a Battle? (Here's a War),Bullet For My Valentine,Venom (Deluxe Edition),Rock,12438,metal,62,0.98,0.295,0.359,0.283,4.24,0
2nUy0ifVE7UwtOK4rugFsP,The End of Heartache,Killswitch Engage,The End Of Heartache [Special Edition],Rock,12438,metalcore,62,0.976,0.469,0.0636,0.222,4.97,0
4BJyt25nburVwbnESDeIc7,So Cold - Remix,Breaking Benjamin,We Are Not Alone,Rock,12438,grunge,63,0.774,0.49,0.12,0.297,4.56,0
5tYqrn7cItYhDGDLHt8XuH,Throne,Bring Me The Horizon,That's The Spirit,Rock,12438,metal,74,0.888,0.426,0.306,0.387,3.18,0
5ynWvN3bQymHVThxutO4hG,Bad Girlfriend,Theory of a Deadman,Scars & Souvenirs,Rock,12438,grunge,66,0.957,0.504,0.187,0.676,3.43,0
2D9BrlpeyjXF0vli2dYQ5V,Angels Fall,Breaking Benjamin,Dark Before Dawn,Rock,12438,grunge,65,0.886,0.4,0.122,0.406,3.81,0
4Smc57rqnTjKvz56WJaunv,Happy Song,Bring Me The Horizon,That's The Spirit,Rock,12438,metal,67,0.924,0.295,0.377,0.219,3.99,0
5MuWGLrqeqYEcpqWMq5M1w,I Won't Give In,Asking Alexandria,The Black,Rock,12438,metalcore,60,0.914,0.428,0.309,0.494,3.83,0
0m5PQFyWWwclSA0T813jnU,Would You Still Be There,Of Mice & Men,Restoring Force,Rock,12438,metalcore,12,0.917,0.513,0.309,0.481,3.21,0
4ORXSxr4tV5H6gH5KHAiAh,The Black,Asking Alexandria,The Black,Rock,12438,metalcore,57,0.954,0.417,0.407,0.146,4.69,0
68osIGtVjM7QWVe6pazLHj,Shadow Moses,Bring Me The Horizon,Sempiternal (Deluxe),Rock,12438,metal,68,0.985,0.456,0.103,0.183,4.06,0
17C4oPQ3sTpF11pi9yvGcs,Not The American Average,Asking Alexandria,Stand Up And Scream,Rock,12438,metalcore,63,0.892,0.236,0.278,0.0685,4.65,0
0AvZoW6Jk97t79EPRvfV0P,Sleepwalking,Bring Me The Horizon,2004 - 2013,Rock,12438,metal,70,0.959,0.4,0.231,0.339,3.83,0
0CqCpm4LLQbHUX5ysizWJS,The Final Episode (Let's Change Channel),Asking Alexandria,Stand Up And Scream,Rock,12438,metalcore,61,0.957,0.213,0.394,0.157,4.03,0
3ouugfdFz6exFXUxu7wRvD,If You Can't Hang,Sleeping With Sirens,Let's Cheers To This,Rock,12438,emo,22,0.975,0.394,0.118,0.466,4.17,0
1PGrlexMIHKwInhS6eH08H,True Friends,Bring Me The Horizon,That's The Spirit,Rock,12438,metal,66,0.938,0.419,0.114,0.333,3.87,0
7oK9VyNzrYvRFo7nQEYkWN,Mr. Brightside,The Killers,Hot Fuss,Muse,12439,alt-rock,2,0.931,0.344,0.0903,0.251,3.71,0
7HGTkn2aX7MNdKs7nV2xBt,Somebody Told Me,The Killers,Hot Fuss,Muse,12439,alt-rock,0,0.981,0.508,0.0555,0.746,3.29,0
70wYA8oYHoMzhRRkARoMhU,When You Were Young,The Killers,Sam's Town,Muse,12439,alt-rock,5,0.976,0.441,0.298,0.248,3.67,0
5mhUPDWQH3s544WCsa0r9w,Human,The Killers,Day & Age,Muse,12439,alt-rock,75,0.8,0.557,0.0906,0.582,4.09,0
6mVD1SfTvlFAPVi7txFL5H,Machu Picchu,The Strokes,Angles,Muse,12439,garage,64,0.817,0.695,0.0601,0.874,3.49,0
6u0x5ad9ewHvs3z6u9Oe3c,Under Cover of Darkness,The Strokes,Angles,Muse,12439,garage,68,0.775,0.35,0.0676,0.588,3.93,0
6SdAztAqklk1zAmUHhU4N7,Taken for a Fool,The Strokes,Angles,Muse,12439,garage,58,0.89,0.569,0.226,0.885,3.39,0
1EsgUWQsxGBwnu3NATDjiU,The Modern Age,The Strokes,Is This It,Muse,12439,garage,57,0.89,0.53,0.143,0.868,3.47,0
4pXyK9GW7fuT645U0DLYYF,"Alone, Together",The Strokes,Is This It,Muse,12439,garage,52,0.855,0.511,0.0694,0.962,3.15,0
7kzKAuUzOITUauHAhoMoxA,Last Nite,The Strokes,Is This It,Muse,12439,alt-rock,74,0.91,0.624,0.0789,0.767,3.23,0
2LMloFiV7DHpBhITOaBSam,Hard To Explain,The Strokes,Is This It,Muse,12439,garage,63,0.682,0.406,0.0999,0.623,3.74,0
37cb7mzkQKksGm0noGDXeh,Trying Your Luck,The Strokes,Is This It,Muse,12439,garage,53,0.691,0.502,0.133,0.629,3.38,0
6ooluO7DiEhI1zmK94nRCM,Take Me Out,Franz Ferdinand,Franz Ferdinand,Muse,12439,alt-rock,79,0.663,0.277,0.136,0.527,3.95,0
5G1sTBGbZT5o4PNRc75RKI,Lonely Boy,The Black Keys,El Camino,Muse,12439,blues,73,0.872,0.356,0.0997,0.607,3.23,0
2kWowW0k4oFymhkr7LmvzO,Come with Me Now,KONGOS,Lunatic,Muse,12439,blues,67,0.726,0.654,0.0618,0.728,3.53,0
2QjOHCTQ1Jl3zawyYOpxh6,Sweater Weather,The Neighbourhood,I Love You.,Muse,12439,alt-rock,93,0.807,0.612,0.101,0.398,4.01,0
1jdNcAD8Ir58RlsdGjJJdx,Ho Hey,The Lumineers,The Lumineers,Muse,12439,folk,79,0.471,0.682,0.0908,0.421,2.69,0
3rq5w4bQGigXOfdN30ATJt,Do I Wanna Know?,Arctic Monkeys,AM,Muse,12439,garage,88,0.532,0.548,0.217,0.405,4.54,0
1JcGNoiwifg0MdJMVgJQYx,Get Free,The Vines,Highly Evolved,Muse,12439,garage,65,0.978,0.502,0.287,0.603,2.11,0
4sebUbjqbcgDSwG6PbSGI0,Come a Little Closer,Cage The Elephant,Melophobia,Muse,12439,blues,74,0.778,0.44,0.151,0.304,3.82,0
29tzJGvqJPTAFs6LXmsHoA,R U Mine?,Arctic Monkeys,AM,Muse,12439,garage,83,0.758,0.288,0.303,0.619,3.36,0
2tznHmp70DxMyr2XhWLOW0,Cigarette Daydreams,Cage The Elephant,Melophobia,Muse,12439,blues,79,0.676,0.636,0.0831,0.273,3.48,0
7GJClzimvMSghjcrKxuf1M,Budapest,George Ezra,Wanted On Voyage,Muse,12439,folk,79,0.455,0.717,0.11,0.389,3.35,0
3iVAyrTlbWGBq0laeQ18z2,Walking On A Dream,Empire of the Sun,Walking On A Dream,Muse,12439,alt-rock,79,0.701,0.871,0.0589,0.716,3.31,0
6ZYS6QQxTLsQ6IFXdVx1r4,Ophelia,The Lumineers,Cleopatra,Muse,12439,folk,79,0.573,0.664,0.0857,0.566,2.67,0
6vECYJHxYmm3Ydt3fF01pE,Stolen Dance,Milky Chance,Sadnecessary,Muse,12439,german,80,0.581,0.884,0.0759,0.728,5.23,0
48q0vSHcJdhK3IiXH8C5WJ,Why'd You Only Call Me When You're High?,Arctic Monkeys,AM,Muse,12439,garage,88,0.631,0.691,0.104,0.8,2.69,0
7e8utCy2JlSB8dRHKi49xM,Fluorescent Adolescent,Arctic Monkeys,Favourite Worst Nightmare,Muse,12439,garage,79,0.828,0.654,0.122,0.79,2.89,0
1eyzqe2QqGZUmfcPZtrIyt,Midnight City,M83,"Hurry Up, We're Dreaming",Muse,12439,french,76,0.729,0.507,0.0658,0.272,4.02,0
3m660poUr1chesgkkjQM7P,Sorry Not Sorry,Demi Lovato,Tell Me You Love Me,work out ,12441,dance,0,0.643,0.705,0.262,0.884,3.4,0
6FE2iI43OZnszFLuLtvvmg,Classic,MKTO,MKTO,work out ,12441,rock,82,0.791,0.72,0.157,0.756,2.92,0
0laYHRpNTS6i8FXdupHkJ4,Love You Like A Love Song,Selena Gomez & The Scene,When The Sun Goes Down,work out ,12441,dance,81,0.678,0.858,0.0741,0.922,3.14,0
6ZANrVuAMp2rpjhfbOuJly,Same Old Love,Selena Gomez,Revival,work out ,12441,dance,71,0.593,0.672,0.214,0.438,3.82,0
0KKkJNfGyhkQ5aFogxQAPU,That's What I Like,Bruno Mars,24K Magic,work out ,12441,dance,83,0.56,0.853,0.0944,0.86,3.44,0
62vpWI1CHwFy7tMIcSStl8,No Role Modelz,J. Cole,2014 Forest Hills Drive,work out ,12441,hip-hop,88,0.521,0.69,0.0534,0.494,4.88,0
7fQ3PYTYdu208fQ3JEm2U7,Ain't That A Kick In The Head,Dean Martin,"Dean Martin: The Capitol Recordings, Vol. 11 (1960-1961)",Dinner,12442,jazz,0,0.252,0.647,0.3,0.72,2.45,0
3QyPsavxL681NX7SPVGd5T,Sway (Quien Sera),Dean Martin,"Dean Martin: The Capitol Recordings, Vol. 5 (1954)",Dinner,12442,jazz,59,0.239,0.601,0.0748,0.569,2.75,0
67csrS6po7IyXfwds4azjr,It's Not Unusual,Tom Jones,Along Came Tom Jones,Dinner,12442,british,0,0.815,0.521,0.126,0.95,2.0,0
4RahLZhxnmyMkJHaDG8kSl,Delilah,Tom Jones,Delilah,Dinner,12442,british,61,0.482,0.528,0.549,0.788,3.44,0
4sPmO7WMQUAf45kwMOtONw,Hello,Adele,25,TRANQUI,12443,british,74,0.43,0.578,0.0854,0.288,4.92,0
3hB5DgAiMAQ4DzYbsMq1IT,Love Yourself,Justin Bieber,Purpose,TRANQUI,12443,pop,84,0.378,0.609,0.28,0.515,3.9,0
4sT5DYq2NolMi8i6tk5FtA,Love Me Like You Do,Boyce Avenue,"Cover Sessions, Vol. 2",TRANQUI,12443,acoustic,55,0.254,0.45,0.204,0.248,3.3,0
0PDUDa38GO8lMxLCRc4lL1,PILLOWTALK,ZAYN,Mind Of Mine (Deluxe Edition),TRANQUI,12443,dance,78,0.7,0.584,0.0939,0.438,3.38,1
6Fha6tXHkL3r9m9nNqQG8p,Georgia,Vance Joy,Dream Your Life Away,TRANQUI,12443,folk,62,0.66,0.388,0.0943,0.401,3.84,0
4BHzQ9C00ceJxfG16AlNWb,Send My Love (To Your New Lover),Adele,25,TRANQUI,12443,british,72,0.533,0.688,0.172,0.567,3.72,0
7IWkJwX9C0J7tHurTD7ViL,When We Were Young,Adele,25,TRANQUI,12443,british,79,0.595,0.376,0.095,0.265,4.85,0
72jbDTw1piOOj770jWNeaG,Paris,The Chainsmokers,Memories...Do Not Open,TRANQUI,12443,dance,74,0.658,0.653,0.0939,0.219,3.69,0
5uCax9HTNlzGybIStD3vDh,Say You Won't Let Go,James Arthur,Back from the Edge,TRANQUI,12443,pop,85,0.557,0.358,0.0902,0.494,3.52,0
7qiZfU4dY1lWllzX7mPBI3,Shape of You,Ed Sheeran,÷,TRANQUI,12443,pop,86,0.652,0.825,0.0931,0.931,3.9,0
6vSforRhuzsA0D0SO9fG1S,One Call Away,Charlie Puth,Nine Track Mind,TRANQUI,12443,dance,0,0.613,0.667,0.115,0.472,3.24,0
0prNGof3XqfTvNDxHonvdK,Scars To Your Beautiful,Alessia Cara,Know-It-All,TRANQUI,12443,dance,74,0.739,0.319,0.111,0.449,3.84,0
3UwT4FadEGWyMdaSwYcUBY,This Town,Niall Horan,Flicker,TRANQUI,12443,dance,80,0.401,0.677,0.116,0.195,3.88,0
0IqKeD8ZSP72KbGYyzEcAs,Take Me To Church,Hozier,Hozier,TRANQUI,12443,singer-songwriter,83,0.664,0.566,0.116,0.437,4.03,0
0HZhYMZOcUzZKSFwPOti6m,Jar of Hearts,Christina Perri,lovestrong.,TRANQUI,12443,rock,0,0.348,0.373,0.12,0.0899,4.11,0
48UPSzbZjgc449aqz8bxox,Californication,Red Hot Chili Peppers,Californication,TRANQUI,12443,alt-rock,2,0.765,0.592,0.127,0.327,5.5,0
1G391cbiT3v3Cywg8T7DM1,Scar Tissue,Red Hot Chili Peppers,Californication,TRANQUI,12443,alt-rock,79,0.717,0.595,0.108,0.547,3.6,0
4iLqG9SeJSnt0cSPICSjxv,Attention,Charlie Puth,Attention,TRANQUI,12443,dance,83,0.613,0.775,0.134,0.797,3.52,0
3v9xlH6BpmRbqL7hgNJhfT,I Get Around (Mono),The Beach Boys,All Summer Long,Beach,12444,psych-rock,66,0.625,0.39,0.0663,0.514,2.24,0
1H5IfYyIIAlgDX8zguUzns,Suspicious Minds,Elvis Presley,From Elvis in Memphis,Beach,12444,rock-n-roll,76,0.382,0.487,0.411,0.714,4.35,0
2Z2vOukzwOgqR4dkymRSWd,Santeria,Sublime,Sublime,Beach,12444,punk,1,0.751,0.665,0.121,0.58,3.04,0
2IWtloZYQDcP8Ashwx8QEF,Black Out Days,Phantogram,Voices,waves,12445,indie,77,0.795,0.542,0.0851,0.431,3.79,0
66A20vw98rh2yQM5P5EoIF,Cherry,Chromatics,Cherry,waves,12445,electronic,59,0.782,0.655,0.175,0.812,4.53,0
3RJuptH9QoeJWzHd4ZCI0u,Lullabies - Adventure Club Remix,Yuna,Lullabies,waves,12445,malay,52,0.698,0.403,0.256,0.0833,4.22,0
3QHMxEOAGD51PDlbFPHLyJ,Vivir Mi Vida,Marc Anthony,3,Shower Music,12446,salsa,76,0.877,0.656,0.349,0.894,4.21,0
4Hi9ZjMdPFx8Jb43YYOY4Q,Dream Machine - Downtempo Mix,Mark Farina,Hôtel Costes A Decade by Stéphane Pompougnac,Shower Music,12446,chicago-house,45,0.424,0.938,0.262,0.652,6.15,0
3m1JFLpKLYgMi1jf6Bu16P,Let Forever Be,The Chemical Brothers,Surrender,Shower Music,12446,breakbeat,56,0.872,0.252,0.109,0.399,3.94,0
3mcG2NI5G5vhrQtRda1YnA,The Middle,Jimmy Eat World,Bleed American,Shower Music,12446,alt-rock,0,0.848,0.644,0.0676,0.928,2.8,0
2Z4Y9Blv5wYNaWNW1gjucV,Sweet Tides,Thievery Corporation,Radio Retaliation,Shower Music,12446,trip-hop,56,0.606,0.415,0.15,0.148,4.82,0
35U4PXL3W3XIkAjEUdhr36,Harvest Moon,Poolside,Pacific Standard Time,Shower Music,12446,disco,64,0.622,0.782,0.58,0.921,6.15,0
3Z9PJ6xiEGmcqo2hESEB5n,Bitter Sweet Symphony,The Verve,Urban Hymns,Shower Music,12446,alt-rock,80,0.917,0.356,0.406,0.518,5.95,0
04a7TQAQPkXBosRi7IovlM,New Shoes,Paolo Nutini,These Streets,Shower Music,12446,british,67,0.735,0.748,0.0851,0.854,3.39,0
08mG3Y1vljYA6bvDt4Wqkj,Back In Black,AC/DC,Back In Black,my Rock,12447,hard-rock,85,0.7,0.31,0.0828,0.763,4.26,0
51T0RcBqLZvuriKjqgY3TS,Since You Been Gone,Rainbow,Finyl Vinyl,my Rock,12447,blues,68,0.726,0.733,0.471,0.915,3.79,0
2O3l4X1yTua8oMMCtazkyo,The Happiest Days of Our Lives,Pink Floyd,The Wall,my Rock,12447,psych-rock,59,0.231,0.74,0.249,0.546,1.85,0
0IXpUl1fn2QZcBavfuq0H4,Living After Midnight,Judas Priest,British Steel,my Rock,12447,hard-rock,64,0.824,0.61,0.0606,0.819,3.5,0
5ghIJDpPoe3CfHMGu71E6T,Smells Like Teen Spirit,Nirvana,Nevermind,my Rock,12447,alt-rock,83,0.912,0.502,0.106,0.72,5.03,0
1gzIbdFnGJ226LTl0Cn2SX,White Wedding - Pt. 1,Billy Idol,Billy Idol,my Rock,12447,hard-rock,71,0.814,0.673,0.343,0.728,4.2,0
1QEEqeFIZktqIpPI4jSVSF,More Than a Feeling,Boston,Boston,my Rock,12447,country,79,0.681,0.377,0.0504,0.285,4.75,0
1LHZMWefF9502NPfArRfvP,Lift Me Up (feat. Rob Halford of Judas Priest),Five Finger Death Punch,"The Wrong Side Of Heaven And The Righteous Side Of Hell, Volume 1",my Rock,12447,groove,62,0.988,0.508,0.209,0.174,4.1,0
3vV3cr2TpPqFk07zxYUbla,Cum on Feel the Noize,Quiet Riot,Metal Health,my Rock,12447,hard-rock,72,0.92,0.409,0.0823,0.37,4.85,0
2WfaOiMkCvy7F5fcp2zZ8L,Take On Me,a-ha,Hunting High And Low,my Rock,12447,synth-pop,0,0.931,0.524,0.0588,0.811,3.75,0
2jz6rWGqVCYsymwxGoaON4,Detroit Rock City,KISS,Double Platinum,my Rock,12447,hard-rock,70,0.847,0.454,0.15,0.317,3.6,0
6wjSNO6uJYlgbbfauyWhiw,Wind Of Change,Scorpions,Crazy World,my Rock,12447,german,0,0.63,0.429,0.104,0.211,5.22,0
4gMgiXfqyzZLMhsksGmbQV,"Another Brick in the Wall, Pt. 2",Pink Floyd,The Wall,my Rock,12447,psych-rock,76,0.394,0.693,0.247,0.721,3.98,0
5HNCy40Ni5BZJFw1TKzRsC,Comfortably Numb,Pink Floyd,The Wall,my Rock,12447,psych-rock,74,0.366,0.472,0.0837,0.171,6.37,0
2E2ZVy2fxslpAUgbb4zu84,Abracadabra,Steve Miller Band,Abracadabra,my Rock,12447,blues,2,0.534,0.791,0.156,0.963,5.14,0
0OBwxFLu6Yj61s2OagYbgY,Gimme All Your Lovin',ZZ Top,Eliminator,my Rock,12447,blues,71,0.788,0.63,0.0883,0.63,4.02,0
7o2CTH4ctstm8TNelqjb51,Sweet Child O' Mine,Guns N' Roses,Appetite For Destruction,my Rock,12447,hard-rock,84,0.91,0.454,0.116,0.629,5.93,0
2wVXSc0IrQVodHESUxVUJA,Losing My Religion,R.E.M.,Out Of Time,my Rock,12447,alt-rock,0,0.854,0.666,0.0986,0.803,4.47,0
4fXGWiVhlOLdhwRDP6pIFG,Lemon Tree,Fools Garden,Dish Of The Day,my Rock,12447,german,39,0.477,0.663,0.122,0.643,3.18,0
5EfAd9p6NrIt4czimm4dY2,The Day That Never Comes,Metallica,Death Magnetic,my Rock,12447,hard-rock,65,0.982,0.334,0.106,0.501,7.94,0
72hpTHMLFrO4ErhSQl2FhZ,Can't Stop Lovin' You,Van Halen,Balance,my Rock,12447,hard-rock,63,0.898,0.592,0.229,0.537,4.12,0
1eyzqe2QqGZUmfcPZtrIyt,Midnight City,M83,"Hurry Up, We're Dreaming",Lake ,12448,french,76,0.729,0.507,0.0658,0.272,4.02,0
0HOqINudNgQFpg1le5Hnqe,Damn It Feels Good to Be a Gangsta,Geto Boys,Uncut Dope,Lake ,12448,hardcore,61,0.793,0.785,0.124,0.655,5.18,0
1vvNmPOiUuyCbgWmtc6yfm,My Way,Calvin Harris,My Way,13,12449,electro,76,0.913,0.818,0.161,0.536,3.65,0
7oOOI85fVQvVnK5ynNMdW7,Rock with You - Single Version,Michael Jackson,Off the Wall,13,12449,soul,75,0.535,0.808,0.158,0.848,3.68,0
5hYTyyh2odQKphUbMqc5gN,"How Far I'll Go - From ""Moana""",Alessia Cara,How Far I'll Go,13,12449,electro,66,0.544,0.309,0.0727,0.16,2.93,0
4F8xzq2XQ82zMBypnQ3gvB,Clap Snap,Icona Pop,Emergency EP,13,12449,synth-pop,57,0.794,0.897,0.0482,0.569,2.74,0
2TRFIQpTqq12xGpFJEr0Ft,Worth It,Fifth Harmony,Reflection,13,12449,dance,64,0.78,0.858,0.133,0.602,3.74,0
1XQnZTR0ER8y5fGO17uX1R,Holocene,Bon Iver,Bon Iver,Chill Jams,12450,folk,66,0.304,0.374,0.126,0.147,5.61,0
3kIMF9JlABZJrxC0eA0757,This Feeling,Alabama Shakes,Sound & Color,Chill Jams,12450,blues,56,0.334,0.625,0.113,0.306,4.48,0
2tznHmp70DxMyr2XhWLOW0,Cigarette Daydreams,Cage The Elephant,Melophobia,Alt/Rock,12451,blues,79,0.676,0.636,0.0831,0.273,3.48,0
4sebUbjqbcgDSwG6PbSGI0,Come a Little Closer,Cage The Elephant,Melophobia,Alt/Rock,12451,blues,74,0.778,0.44,0.151,0.304,3.82,0
3rq5w4bQGigXOfdN30ATJt,Do I Wanna Know?,Arctic Monkeys,AM,Alt/Rock,12451,garage,88,0.532,0.548,0.217,0.405,4.54,0
7DVNEcKN7bE50N6xQ74mh2,Snap Out Of It,Arctic Monkeys,AM,Alt/Rock,12451,garage,80,0.638,0.728,0.116,0.872,3.22,0
29tzJGvqJPTAFs6LXmsHoA,R U Mine?,Arctic Monkeys,AM,Alt/Rock,12451,garage,83,0.758,0.288,0.303,0.619,3.36,0
6ooluO7DiEhI1zmK94nRCM,Take Me Out,Franz Ferdinand,Franz Ferdinand,Alt/Rock,12451,alt-rock,79,0.663,0.277,0.136,0.527,3.95,0
7e8utCy2JlSB8dRHKi49xM,Fluorescent Adolescent,Arctic Monkeys,Favourite Worst Nightmare,Alt/Rock,12451,garage,79,0.828,0.654,0.122,0.79,2.89,0
3zjjzKg16tczCMwckGKGuH,Happy Pills,Weathers,Happy Pills,Alt/Rock,12451,alt-rock,71,0.885,0.521,0.324,0.344,3.38,0
2MLHyLy5z5l5YRp7momlgw,Island In The Sun,Weezer,Weezer (Green Album),Alt/Rock,12451,alt-rock,1,0.794,0.654,0.165,0.678,3.34,0
2Z2vOukzwOgqR4dkymRSWd,Santeria,Sublime,Sublime,Alt/Rock,12451,punk,1,0.751,0.665,0.121,0.58,3.04,0
56fZFRtOSMIMyVh0ZIF0AT,Knee Socks,Arctic Monkeys,AM,Alt/Rock,12451,garage,76,0.542,0.665,0.342,0.587,4.29,0
3g2gQMeeQAEPztiQKMlGSl,El Scorcho,Weezer,Pinkerton,Alt/Rock,12451,power-pop,56,0.707,0.479,0.0932,0.661,4.06,0
1bCmvezFg5MRcENzCGG1Cy,Chelsea Dagger,The Fratellis,Costello Music,Alt/Rock,12451,garage,26,0.738,0.498,0.0791,0.589,3.59,0
37EJtTS7jT5WUyXGZzrwnI,Santa Monica,Everclear,Sparkle And Fade,Alt/Rock,12451,alt-rock,0,0.942,0.491,0.367,0.398,3.19,0
19YmvsVCetCBeVj6O2mljR,Still Breathing,Green Day,Revolution Radio,Alt/Rock,12451,punk,61,0.902,0.54,0.0756,0.692,3.75,0
10Nmj3JCNoMeBQ87uw5j8k,Dani California,Red Hot Chili Peppers,Stadium Arcadium,Alt/Rock,12451,alt-rock,78,0.913,0.556,0.346,0.73,4.72,0
6ZYS6QQxTLsQ6IFXdVx1r4,Ophelia,The Lumineers,Cleopatra,Alt/Rock,12451,folk,79,0.573,0.664,0.0857,0.566,2.67,0
7kzKAuUzOITUauHAhoMoxA,Last Nite,The Strokes,Is This It,Alt/Rock,12451,alt-rock,74,0.91,0.624,0.0789,0.767,3.23,0
2jz1bw1p0WQj0PDnVDP0uY,Feels Like Summer,Weezer,Pacific Daydream,Alt/Rock,12451,power-pop,54,0.867,0.53,0.737,0.74,3.26,0
6WkSUgo1VdpzgtiXKlFPcY,Dammit,blink-182,Dude Ranch,Alt/Rock,12451,punk-rock,68,0.974,0.429,0.164,0.33,2.76,0
7yoBjKO6cCnK3zV8gr1k4e,Lydia,Highly Suspect,Mister Asylum,Alt/Rock,12451,grunge,65,0.706,0.417,0.474,0.512,4.04,0
42et6fnHCw1HIPSrdPprMl,Semi-Charmed Life,Third Eye Blind,Third Eye Blind,Alt/Rock,12451,grunge,75,0.864,0.64,0.123,0.701,4.47,0
1uiwlmWedlNpzAxDSRGqdK,Lost in You,Three Days Grace,Life Starts Now,Alt/Rock,12451,grunge,58,0.868,0.434,0.162,0.366,3.88,0
5wTMQjEx9LWeFwLjolPCUy,What's My Age Again?,blink-182,Blink 182 (Sound and Vision Q4 2007),Alt/Rock,12451,punk-rock,4,0.951,0.391,0.0878,0.468,2.48,0
1UqhkbzB1kuFwt2iy4h29Q,Cough Syrup,Young the Giant,Young the Giant,Alt/Rock,12451,alt-rock,0,0.721,0.533,0.115,0.225,4.16,0
6y20BV5L33R8YXM0YuI38N,No One Knows,Queens of the Stone Age,Songs For The Deaf,Alt/Rock,12451,blues,72,0.584,0.509,0.384,0.685,4.65,0
1euszbbvkUzQzIhZUWFmXG,My Name Is Human,Highly Suspect,The Boy Who Died Wolf,Alt/Rock,12451,grunge,64,0.698,0.515,0.0827,0.194,4.31,0
3kdMzXOcrDIdSWLdONHNK5,The Sky Is A Neighborhood,Foo Fighters,Concrete and Gold,Alt/Rock,12451,grunge,65,0.549,0.357,0.22,0.531,4.08,0
2hmibAtdObO8F4tnhLENuQ,Reptilia,The Strokes,Room On Fire,Alt/Rock,12451,alt-rock,75,0.649,0.489,0.101,0.77,3.66,0
7oK9VyNzrYvRFo7nQEYkWN,Mr. Brightside,The Killers,Hot Fuss,Alt/Rock,12451,alt-rock,2,0.931,0.344,0.0903,0.251,3.71,0
3yfqSUWxFvZELEM4PmlwIR,The Real Slim Shady,Eminem,The Marshall Mathers LP,road trippin,12452,hip-hop,87,0.661,0.949,0.0454,0.76,4.74,1
0IebF3yDXM6KJX1xhMkdoe,Chelsea Smile,Bring Me The Horizon,Suicide Season Cut Up!,road trippin,12452,metalcore,52,0.891,0.407,0.328,0.22,5.04,0
0AvZoW6Jk97t79EPRvfV0P,Sleepwalking,Bring Me The Horizon,2004 - 2013,road trippin,12452,metal,70,0.959,0.4,0.231,0.339,3.83,0
68osIGtVjM7QWVe6pazLHj,Shadow Moses,Bring Me The Horizon,Sempiternal (Deluxe),road trippin,12452,metal,68,0.985,0.456,0.103,0.183,4.06,0
4Smc57rqnTjKvz56WJaunv,Happy Song,Bring Me The Horizon,That's The Spirit,road trippin,12452,metal,67,0.924,0.295,0.377,0.219,3.99,0
59WN2psjkt1tyaxjspN8fp,Killing In The Name,Rage Against The Machine,Rage Against The Machine - XX (20th Anniversary Special Edition),road trippin,12452,alt-rock,80,0.833,0.466,0.0327,0.661,5.23,0
45Ia1U4KtIjAPPU7Wv1Sea,Are You Gonna Go My Way,Lenny Kravitz,Are You Gonna Go My Way,road trippin,12452,rock,1,0.826,0.611,0.33,0.719,3.53,0
4QlzkaRHtU8gAdwqjWmO8n,Friday I'm In Love,The Cure,Wish,road trippin,12452,punk-rock,1,0.946,0.552,0.368,0.458,3.59,0
4P5KoWXOxwuobLmHXLMobV,Come As You Are,Nirvana,Nevermind,road trippin,12452,alt-rock,79,0.824,0.5,0.0916,0.539,3.65,0
1ng36571Iyov4HBxUClySn,Pepper,Butthole Surfers,Electriclarryland,road trippin,12452,psych-rock,64,0.804,0.631,0.16,0.671,4.95,0
6WkSUgo1VdpzgtiXKlFPcY,Dammit,blink-182,Dude Ranch,road trippin,12452,punk-rock,68,0.974,0.429,0.164,0.33,2.76,0
5kr3j5Clb9rjEposoMyLVt,Welcome to Paradise,Green Day,Dookie,road trippin,12452,punk,69,0.96,0.37,0.0563,0.717,3.74,0
24CRDgNOgA72JLL7PHFjgB,Anthem Part Two,blink-182,Take Off Your Pants And Jacket,road trippin,12452,punk-rock,68,0.932,0.552,0.119,0.518,3.79,0
0jqK7sGTLsHPkQrrcrGuKD,Still Waiting,Sum 41,Does This Look Infected?,road trippin,12452,punk,71,0.95,0.431,0.272,0.56,2.65,1
7lRlq939cDG4SzWOF4VAnd,I'm Not Okay (I Promise),My Chemical Romance,Three Cheers For Sweet Revenge,road trippin,12452,emo,77,0.94,0.21,0.269,0.255,3.11,0
3asFGFY3uLjMDmML1p0tYm,Savior,Rise Against,Appeal To Reason,road trippin,12452,hardcore,75,0.932,0.554,0.425,0.478,4.04,0
68pN2UQYhwQgPy7VrCFKuV,In Too Deep,Sum 41,"All Killer, No Filler",road trippin,12452,punk,76,0.844,0.568,0.0607,0.766,3.45,1
01a0J96fRD91VnjQQUCqMK,The Kids Aren't Alright,The Offspring,Americana,road trippin,12452,alt-rock,81,0.943,0.523,0.0579,0.766,3.0,1
4dzOxPZFYX77xpMwv4EhnO,Fat Lip,Sum 41,"All Killer, No Filler",road trippin,12452,punk,74,0.914,0.402,0.065,0.626,2.97,1
27L8sESb3KR79asDUBu8nW,Stacy's Mom,Fountains Of Wayne,Welcome Interstate Managers,road trippin,12452,alt-rock,76,0.75,0.774,0.0808,0.927,3.3,0
5oQcOu1omDykbIPSdSQQNJ,1985,Bowling For Soup,A Hangover You Don't Deserve,road trippin,12452,punk-rock,71,0.887,0.606,0.337,0.903,3.22,0
0Ti2dlF2xLjXblvdU5fCxM,Miss Murder,AFI,DECEMBERUNDERGROUND,road trippin,12452,emo,72,0.873,0.308,0.0974,0.686,3.44,0
0uukw2CgEIApv4IWAjXrBC,Dead!,My Chemical Romance,The Black Parade,road trippin,12452,emo,70,0.973,0.481,0.325,0.362,3.26,0
7j31rVgGX9Q2blT92VBEA0,Teenagers,My Chemical Romance,The Black Parade,road trippin,12452,emo,2,0.858,0.459,0.184,0.855,2.7,0
2s4BsyV3KhhrtsdtNfzoqb,Back To Black,Amy Winehouse,Back To Black,road trippin,12452,british,81,0.422,0.403,0.0861,0.378,4.01,0
2WfaOiMkCvy7F5fcp2zZ8L,Take On Me,a-ha,Hunting High And Low,road trippin,12452,synth-pop,0,0.931,0.524,0.0588,0.811,3.75,0
0EMmVUYs9ZZRHtlADB88uz,Come On Eileen,Dexys Midnight Runners,Too Rye Ay,road trippin,12452,ska,2,0.769,0.45,0.306,0.604,4.79,0
3cfOd4CMv2snFaKAnMdnvK,All Star,Smash Mouth,Astro Lounge,road trippin,12452,alt-rock,0,0.867,0.731,0.0861,0.776,3.34,0
7GptbanebPZYkLPvjNfd6m,Buddy Holly,Weezer,Weezer,road trippin,12452,alt-rock,0,0.921,0.555,0.117,0.775,2.66,0
0J69x3mqm7U6tBPKsjpsWR,"Dear Maria, Count Me In",All Time Low,"So Wrong, It's Right",road trippin,12452,punk-rock,77,0.895,0.459,0.206,0.572,3.05,0
7o7E1nrHWncYY7PY94gCiX,Video Killed The Radio Star,The Buggles,The Age Of Plastic,road trippin,12452,synth-pop,72,0.678,0.68,0.204,0.251,4.23,0
1ot6jEe4w4hYnsOPjd3xKQ,I'm So Excited,The Pointer Sisters,So Excited! (Expanded Edition),road trippin,12452,disco,72,0.868,0.59,0.442,0.798,3.84,0
4BP3uh0hFLFRb5cjsgLqDh,Fortunate Son,Creedence Clearwater Revival,Willy And The Poor Boys,road trippin,12452,country,0,0.663,0.64,0.152,0.665,2.35,0
7b4yGtR0rujvLi5EBfKKJ2,Take Me Home Tonight,Eddie Money,Can'T Hold Back,road trippin,12452,hard-rock,70,0.768,0.608,0.0942,0.748,3.52,0
39shmbIHICJ2Wxnk1fPSdz,Should I Stay or Should I Go - Remastered,The Clash,Combat Rock,road trippin,12452,punk-rock,80,0.836,0.743,0.384,0.82,3.15,0
4gvea7UlDkAvsJBPZAd4oB,The Boys Of Summer,Don Henley,Building The Perfect Beast,road trippin,12452,country,1,0.775,0.516,0.21,0.858,4.81,0
6RrXd9Hph4hYR4bf3dbM6H,My Girl,The Temptations,The Temptations Sing Smokey,road trippin,12452,funk,79,0.418,0.572,0.0961,0.694,2.75,0
48i055G1OT5KxGGftwFxWy,"Oh, Pretty Woman",Roy Orbison,"Oh, Pretty Woman",road trippin,12452,r-n-b,73,0.603,0.619,0.0721,0.958,2.98,0
49fzPkBb3aOUWYRKaTWVhm,Hit the Road Jack,Ray Charles,Georgia On My Mind,road trippin,12452,blues,70,0.571,0.598,0.513,0.962,1.97,0
4gphxUgq0JSFv2BCLhNDiE,Jailhouse Rock,Elvis Presley,Elvis' Golden Records,road trippin,12452,rock-n-roll,72,0.537,0.623,0.0963,0.905,2.44,0
1DndHckdH9m5rp6gYP086b,Runaround Sue,Dion,Runaround Sue,road trippin,12452,rock-n-roll,67,0.607,0.364,0.251,0.598,2.86,0
4Ul2q7TUVGkHIFyMABAgk6,Come Go With Me,The Del-Vikings,Come Go With Me: The Best Of The Del-Vikings,road trippin,12452,rockabilly,61,0.534,0.566,0.0883,0.582,2.7,0
1HOMkjp0nHMaTnfAkslCQj,My Sharona,The Knack,Get The Knack,road trippin,12452,power-pop,75,0.7,0.586,0.0318,0.897,4.92,0
1gzIbdFnGJ226LTl0Cn2SX,White Wedding - Pt. 1,Billy Idol,Billy Idol,road trippin,12452,hard-rock,71,0.814,0.673,0.343,0.728,4.2,0
5jzma6gCzYtKB1DbEwFZKH,London Calling - Remastered,The Clash,London Calling,road trippin,12452,punk-rock,72,0.801,0.651,0.0825,0.776,3.34,0
5moTxUGPZXgGmosl4rIELm,Anarchy In The UK,Sex Pistols,"Never Mind The Bollocks, Heres The Sex Pistols",road trippin,12452,punk-rock,62,0.949,0.359,0.236,0.212,3.54,0
2DNyZP4Py6f4zMASLBnIu6,La Playa,La Oreja de Van Gogh,El Viaje de Copperpot,La Oreja de Van Gogh ,12454,spanish,74,0.552,0.589,0.106,0.311,4.13,0
3LTMnFa0hhwisyq6ILahyj,Sultans Of Swing,Dire Straits,Dire Straits,Hi,12455,rock,81,0.794,0.733,0.33,0.931,5.81,0
6cuKJ1bFFy4OjfkCI9YBqc,I'm Not In Love,10cc,The Original Soundtrack,Cruise,12456,blues,71,0.523,0.404,0.282,0.164,6.11,0
3b0EOvScbZUc0qJx0E1L2z,I Want You Back,The Jackson 5,Diana Ross Presents The Jackson 5,Cruise,12456,soul,77,0.538,0.469,0.37,0.886,2.94,0
2hE5Lm5XOHR4t3xlhIFauP,Fooled Around And Fell In Love,Elvin Bishop,Struttin' My Stuff,Cruise,12456,blues,57,0.585,0.634,0.0953,0.61,4.6,0
3iVAyrTlbWGBq0laeQ18z2,Walking On A Dream,Empire of the Sun,Walking On A Dream,Cruise,12456,alt-rock,79,0.701,0.871,0.0589,0.716,3.31,0
75GQIYnRaBg7ndHxhfYuQy,Go All The Way,Raspberries,Raspberries,Cruise,12456,j-rock,62,0.849,0.305,0.0995,0.555,3.42,0
4c4jJJoaiY21t2TyRZgdWS,Magic Carpet Ride,Steppenwolf,The Second,Cruise,12456,psych-rock,69,0.651,0.64,0.0341,0.801,4.53,0
7oOOI85fVQvVnK5ynNMdW7,Rock with You - Single Version,Michael Jackson,Off the Wall,Wedding Playlist,12457,soul,75,0.535,0.808,0.158,0.848,3.68,0
0fQlm2MUzqGDBPkuqq4U1Y,Hear You Me,Jimmy Eat World,Bleed American,Wedding Playlist,12457,emo,64,0.517,0.465,0.209,0.137,4.74,0
1XQnZTR0ER8y5fGO17uX1R,Holocene,Bon Iver,Bon Iver,Wedding Playlist,12457,folk,66,0.304,0.374,0.126,0.147,5.61,0
4bHsxqR3GMrXTxEPLuK5ue,Don't Stop Believin',Journey,Escape,Wedding Playlist,12457,hard-rock,83,0.748,0.5,0.447,0.514,4.18,0
1eyzqe2QqGZUmfcPZtrIyt,Midnight City,M83,"Hurry Up, We're Dreaming",Wedding Playlist,12457,french,76,0.729,0.507,0.0658,0.272,4.02,0
1Co1RNm1i1RL9v1VeShNO3,Dancing On My Own,Robyn,Body Talk Pt. 1,Wedding Playlist,12457,swedish,64,0.857,0.674,0.0942,0.278,4.81,0
1HL3yEnYq8LEyFQ3QegA5V,Crash into Me,Dave Matthews Band,Crash,Jams ,12458,j-rock,55,0.677,0.541,0.0938,0.555,5.27,0
5DiXcVovI0FcY2s0icWWUu,Mr. Jones,Counting Crows,August And Everything After,Jams ,12458,alt-rock,0,0.836,0.571,0.182,0.73,4.54,0
6NxsCnLeLd8Ai1TrgGxzIx,Bad Moon Rising,Creedence Clearwater Revival,Green River,Jams ,12458,country,1,0.769,0.508,0.063,0.939,2.36,0
3zByVQLvdXUaDTubfWkpCk,Sweet Caroline,Neil Diamond,Sweet Caroline,Jams ,12458,folk,78,0.127,0.529,0.237,0.578,3.39,0
5tVA6TkbaAH9QMITTQRrNv,Free Fallin',Tom Petty,Full Moon Fever,Jams ,12458,folk,0,0.504,0.619,0.06,0.568,4.27,0
7gSQv1OHpkIoAdUiRLdmI6,I Won't Back Down,Tom Petty,Full Moon Fever,Jams ,12458,rock,1,0.63,0.765,0.223,0.963,2.97,0
5Wj1rJnCLpMHdLaxsFtJLs,Bennie And The Jets - Remastered 2014,Elton John,Goodbye Yellow Brick Road,Jams ,12458,piano,74,0.673,0.665,0.497,0.779,5.38,0
5QTxFnGygVM4jFQiBovmRo,(Don't Fear) The Reaper,Blue Öyster Cult,Agents Of Fortune,Jams ,12458,blues,76,0.927,0.333,0.297,0.385,5.14,0
1ZhrREyOOeFV6TxDOyiPwu,Take The Money And Run,Steve Miller Band,Fly Like An Eagle,Jams ,12458,psych-rock,68,0.645,0.565,0.151,0.836,2.84,0
1orVKbp6vqtfAPOmvRofVq,Rock'n Me,Steve Miller Band,Fly Like An Eagle,Jams ,12458,psych-rock,67,0.582,0.695,0.123,0.892,3.12,0
4BGJSbB5rAcg4pNzD4gfxU,Tiny Dancer,Elton John,Madman Across The Water,Jams ,12458,piano,78,0.428,0.414,0.148,0.282,6.28,0
7b4yGtR0rujvLi5EBfKKJ2,Take Me Home Tonight,Eddie Money,Can'T Hold Back,Jams ,12458,hard-rock,70,0.768,0.608,0.0942,0.748,3.52,0
78WVLOP9pN0G3gRLFy1rAa,Piano Man,Billy Joel,Piano Man,Jams ,12458,folk,77,0.55,0.331,0.192,0.429,5.6,0
5EWPGh7jbTNO2wakv8LjUI,Free Bird,Lynyrd Skynyrd,Pronounced' Leh-'Nerd 'Skin-'Nerd,Jams ,12458,blues,77,0.834,0.249,0.0924,0.338,9.12,0
3fkPMWQ6cBNBLuFcPyMS8s,Burnin' for You,Blue Öyster Cult,Fire of Unknown Origin,Jams ,12458,blues,67,0.728,0.532,0.0849,0.69,4.52,0
4c4jJJoaiY21t2TyRZgdWS,Magic Carpet Ride,Steppenwolf,The Second,Jams ,12458,psych-rock,69,0.651,0.64,0.0341,0.801,4.53,0
4alHo6RGd0D3OUbTPExTHN,Just What I Needed,The Cars,The Cars,Jams ,12458,hard-rock,0,0.627,0.64,0.0764,0.793,3.76,0
1fDsrQ23eTAVFElUMaf38X,American Pie,Don McLean,American Pie,Jams ,12458,folk,0,0.563,0.461,0.302,0.477,8.61,0
1I7zHEdDx8Ny5RxzYPqsU2,Reelin' In The Years,Steely Dan,Can't Buy A Thrill,Jams ,12458,country,0,0.758,0.52,0.109,0.706,4.62,0
4hq0S6wznq7SHDyMOFXL9i,Tumbling Dice,The Rolling Stones,Exile On Main Street,Jams ,12458,british,64,0.91,0.615,0.281,0.77,3.77,0
1dv3ePjze9tPq2pk8eWJdR,Gimme Shelter,The Rolling Stones,Let It Bleed,Jams ,12458,british,0,0.63,0.634,0.169,0.489,4.51,0
7MRyJPksH3G2cXHN8UKYzP,American Girl,Tom Petty and the Heartbreakers,Tom Petty & The Heartbreakers,Jams ,12458,folk,0,0.823,0.552,0.366,0.775,3.58,0
3e0FzZjTXOUtiJGSClOBrI,Fly Like An Eagle,Steve Miller Band,Fly Like An Eagle,Jams ,12458,psych-rock,67,0.754,0.561,0.328,0.642,4.71,0
4nXkbcTj3nyww1cHkw5RAP,Long Train Runnin',The Doobie Brothers,The Captain And Me,Jams ,12458,blues,72,0.912,0.575,0.0562,0.843,3.45,0
4BP3uh0hFLFRb5cjsgLqDh,Fortunate Son,Creedence Clearwater Revival,Willy And The Poor Boys,Jams ,12458,country,0,0.663,0.64,0.152,0.665,2.35,0
3LQuPOvQvNVQaE0YzoiymV,Feelin' Alright,Joe Cocker,With A Little Help From My Friends,Jams ,12458,blues,0,0.796,0.48,0.37,0.906,4.18,0
1bp2IO61zbQrbWNmKKxg3f,The Joker,Steve Miller Band,The Joker,Jams ,12458,blues,0,0.448,0.596,0.207,0.796,4.41,0
5wTMQjEx9LWeFwLjolPCUy,What's My Age Again?,blink-182,Blink 182 (Sound and Vision Q4 2007),Jams ,12458,punk-rock,4,0.951,0.391,0.0878,0.468,2.48,0
4YMQXzscifAREG0a7KNGhB,Black Magic Woman,Santana,Santana's Greatest Hits,Jams ,12458,blues,62,0.552,0.497,0.089,0.633,3.28,0
6L89mwZXSOwYl76YXfX13s,Basket Case,Green Day,Dookie,Jams ,12458,punk,2,0.943,0.441,0.091,0.781,3.03,0
2LpirOWiA4eslLRuPpQT7V,Maggie May,Rod Stewart,Every Picture Tells A Story,Jams ,12458,rock,1,0.719,0.594,0.124,0.494,5.84,0
3FmAUR4SPWa3P1KyDf21Fu,Roxanne - Remastered 2003,The Police,Outlandos D'Amour,Jams ,12458,rock,2,0.752,0.615,0.0479,0.66,3.19,0
3k9i7UzeSUYWIfUZFeFDUd,Layla - 40th Anniversary Version / 2010 Remastered,Derek & The Dominos,Layla And Other Assorted Love Songs,Jams ,12458,blues,1,0.903,0.403,0.287,0.498,7.06,0
43DeSV93pJPT4lCZaWZ6b1,The Boys Are Back In Town,Thin Lizzy,Jailbreak,Jams ,12458,blues,0,0.87,0.457,0.117,0.694,4.45,0
3cfOd4CMv2snFaKAnMdnvK,All Star,Smash Mouth,Astro Lounge,Jams ,12458,alt-rock,0,0.867,0.731,0.0861,0.776,3.34,0
3G7tRC24Uh09Hmp1KZ7LQ2,I'm a Believer,The Monkees,More Of The Monkees (Deluxe Edition),Jams ,12458,psych-rock,57,0.772,0.502,0.199,0.935,2.79,0
1xOXXYh6lTW8laxlW7JP2J,Only the Good Die Young,Billy Joel,The Stranger (30th Anniversary Legacy Edition),Jams ,12458,piano,68,0.872,0.579,0.0935,0.761,3.93,0
5nkYHBWXu7KCgcdwP6jcB1,What I Got,Sublime,Sublime,Jams ,12458,punk,1,0.693,0.804,0.314,0.654,2.85,0
12qZHAeOyTf93YAWvGDTat,All The Small Things,blink-182,Enema Of The State,Jams ,12458,punk-rock,2,0.9,0.442,0.395,0.609,2.8,0
4YPhn26bIFm2KUkL1VLzQG,Say It Ain't So,Weezer,Weezer,Jams ,12458,alt-rock,1,0.551,0.635,0.07,0.451,4.28,0
6UBjSnyP1O5W5ndJoO9vUk,Night Moves,Bob Seger,Night Moves,Jams ,12458,hard-rock,72,0.743,0.705,0.103,0.374,5.41,0
37431qrKdYaPF0idZ7o1Zr,She Talks To Angels,The Black Crowes,Shake Your Money Maker,Jams ,12458,j-rock,67,0.521,0.584,0.22,0.317,5.49,0
2Z2vOukzwOgqR4dkymRSWd,Santeria,Sublime,Sublime,Jams ,12458,punk,1,0.751,0.665,0.121,0.58,3.04,0
5EOoMWIB9iK4ZpcSex9Ec7,Old Time Rock & Roll,Bob Seger,Stranger In Town,Jams ,12458,country,74,0.937,0.714,0.0731,0.964,3.24,0
3LTMnFa0hhwisyq6ILahyj,Sultans Of Swing,Dire Straits,Dire Straits,Jams ,12458,rock,81,0.794,0.733,0.33,0.931,5.81,0
4gvea7UlDkAvsJBPZAd4oB,The Boys Of Summer,Don Henley,Building The Perfect Beast,Jams ,12458,country,1,0.775,0.516,0.21,0.858,4.81,0
1DndHckdH9m5rp6gYP086b,Runaround Sue,Dion,Runaround Sue,Jams ,12458,rock-n-roll,67,0.607,0.364,0.251,0.598,2.86,0
0EMmVUYs9ZZRHtlADB88uz,Come On Eileen,Dexys Midnight Runners,Too Rye Ay,Jams ,12458,ska,2,0.769,0.45,0.306,0.604,4.79,0
3yrSvpt2l1xhsV9Em88Pul,Brown Eyed Girl,Van Morrison,Blowin' Your Mind!,Jams ,12458,folk,80,0.583,0.491,0.406,0.908,3.06,0
3v9xlH6BpmRbqL7hgNJhfT,I Get Around (Mono),The Beach Boys,All Summer Long,Jams ,12458,psych-rock,66,0.625,0.39,0.0663,0.514,2.24,0
3bN4tg6rnNPy9GCkGhym4T,Message In A Bottle - Remastered 2003,The Police,Reggatta De Blanc,Jams ,12458,rock,3,0.808,0.568,0.218,0.849,4.84,0
54eZmuggBFJbV7k248bTTt,A Horse with No Name,America,America,Jams ,12458,country,0,0.507,0.653,0.155,0.831,4.2,0
4CJVkjo5WpmUAKp3R44LNb,Sweet Home Alabama,Lynyrd Skynyrd,Second Helping,Jams ,12458,blues,2,0.724,0.614,0.146,0.902,4.69,0
6zeE5tKyr8Nu882DQhhSQI,Dust in the Wind,Kansas,Point Of Know Return,Jams ,12458,hard-rock,78,0.322,0.475,0.11,0.387,3.44,0
4Z1fbYp0HuxLBje4MOZcSD,Twist And Shout - Remastered 2009,The Beatles,Please Please Me,Jams ,12458,british,75,0.849,0.482,0.0414,0.937,2.59,0
2udGjDmpK1dH9VGyw7nrei,Cocaine,Eric Clapton,Slowhand 35th Anniversary,Jams ,12458,blues,69,0.502,0.699,0.317,0.676,3.69,0
0iA3xXSkSCiJywKyo1UKjQ,Louie Louie,The Kingsmen,The Best of The Kingsmen,Jams ,12458,garage,65,0.709,0.623,0.0967,0.948,2.76,0
3YBZIN3rekqsKxbJc9FZko,Paradise City,Guns N' Roses,Appetite For Destruction,Jams ,12458,hard-rock,79,0.952,0.273,0.142,0.472,6.82,0
2aoo2jlRnM3A0NyLQqMN2f,All Along the Watchtower,Jimi Hendrix,Electric Ladyland,Jams ,12458,blues,77,0.805,0.438,0.0842,0.564,4.01,0
4vO9dmzNRqDhFY3jD1a3P7,Mississippi Queen,Mountain,Climbing!,Jams ,12458,blues,71,0.624,0.581,0.0411,0.637,2.52,0
6nTiIhLmQ3FWhvrGafw2zj,American Idiot,Green Day,American Idiot,Jams ,12458,punk,79,0.988,0.38,0.368,0.769,2.94,0
10Nmj3JCNoMeBQ87uw5j8k,Dani California,Red Hot Chili Peppers,Stadium Arcadium,Jams ,12458,alt-rock,78,0.913,0.556,0.346,0.73,4.72,0
6Xs7OKt6i0Ddq8B4M5Dgvr,New Americana,Halsey,BADLANDS,Moosic,12459,electro,65,0.707,0.339,0.337,0.359,3.06,0
3Q3myFA7q4Op95DOpHplaY,do re mi,blackbear,digital druglord,Moosic,12459,electro,73,0.593,0.745,0.123,0.17,3.53,0
5wQnmLuC1W7ATsArWACrgW,Welcome to the Black Parade,My Chemical Romance,The Black Parade,Moosic,12459,emo,79,0.905,0.217,0.222,0.236,5.19,0
0GgN4MhR5GKn5IcKN0e0rG,Cancer,My Chemical Romance,The Black Parade,Moosic,12459,emo,69,0.515,0.457,0.278,0.222,2.38,0
7oK9VyNzrYvRFo7nQEYkWN,Mr. Brightside,The Killers,Hot Fuss,Moosic,12459,alt-rock,2,0.931,0.344,0.0903,0.251,3.71,0
6i0V12jOa3mr6uu4WYhUBr,Heathens,Twenty One Pilots,Heathens,Moosic,12459,rock,81,0.396,0.732,0.105,0.548,3.27,0
7BHPGtpuuWWsvE7cCaMuEU,Naive,The Kooks,Inside In / Inside Out,Playlist,12460,indie,1,0.818,0.564,0.0402,0.712,3.39,0
48q0vSHcJdhK3IiXH8C5WJ,Why'd You Only Call Me When You're High?,Arctic Monkeys,AM,Playlist,12460,garage,88,0.631,0.691,0.104,0.8,2.69,0
6TiUowwluPjwIusdZthgYv,"April 29, 1992 (Miami)",Sublime,Sublime,Playlist,12460,punk,40,0.683,0.758,0.159,0.738,3.89,0
4bHsxqR3GMrXTxEPLuK5ue,Don't Stop Believin',Journey,Escape,Wedding playlist,12461,hard-rock,83,0.748,0.5,0.447,0.514,4.18,0
4tc5UgZiIdz8LAISqEk1hP,Ritual Union,Little Dragon,Ritual Union,Monday,12462,trip-hop,59,0.738,0.7,0.22,0.796,3.52,0
7CEV9VwA8XO9wwxTXgYKvY,I And Love And You,The Avett Brothers,I And Love And You,Monday,12462,bluegrass,62,0.264,0.424,0.0763,0.169,5.01,0
2jdAk8ATWIL3dwT47XpRfu,Slow Dancing in a Burning Room,John Mayer,Continuum,Monday,12462,singer-songwriter,74,0.361,0.667,0.0805,0.29,4.03,0
4LxIGAVfcQIw0zAQRyFhU8,Motownphilly,Boyz II Men,Cooleyhighharmony,Monday,12462,r-n-b,1,0.92,0.752,0.116,0.744,3.92,0
4TnUKixNWMfajncgdSwFoi,Amarillo By Morning,George Strait,Strait From The Heart,oldies,12463,country,70,0.361,0.606,0.38,0.621,2.89,0
1VdHooAMVaGXPSty8pifv9,Honky Tonk Badonkadonk,Trace Adkins,Dangerous Man,oldies,12463,country,0,0.919,0.643,0.0555,0.823,4.0,0
2WQAknZHrJAEQOFXe0F44P,Austin,Blake Shelton,Blake Shelton,oldies,12463,country,0,0.609,0.603,0.0982,0.275,3.84,0
1WzAeadSKJhqykZFbJNmQv,Your Man,Josh Turner,Your Man,oldies,12463,country,73,0.637,0.744,0.0696,0.785,3.53,0
0KMzyApR43L4JH9ZMHS1Km,Boot Scootin' Boogie,Brooks & Dunn,The Essential Brooks & Dunn,oldies,12463,country,71,0.817,0.656,0.304,0.862,3.3,0
3fqwjXwUGN6vbzIwvyFMhx,Tennessee Whiskey,Chris Stapleton,Traveller,oldies,12463,country,81,0.37,0.392,0.0821,0.512,4.89,0
2xYlyywNgefLCRDG8hlxZq,"Take Me Home, Country Roads",John Denver,"The John Denver Collection, Vol. 1: Take Me Home Country Roads",oldies,12463,country,73,0.395,0.462,0.121,0.625,3.3,0
4OhkKmvhjl3yk7JF422GWB,Still Not a Player (Remix) - Radio Version,Big Pun,Capital Punishment,90s,12464,hardcore,40,0.574,0.9,0.0857,0.881,3.95,0
3ii5VBrIXJXKEVkjx1IAdP,Get It On Tonite,Montell Jordan,Get It On...Tonite,90s,12464,j-dance,60,0.491,0.813,0.0817,0.868,4.6,0
33ZXjLCpiINn8eQIDYEPTD,"Shook Ones, Pt. II",Mobb Deep,The Infamous,90s,12464,hardcore,76,0.786,0.763,0.0817,0.504,5.43,0
4iOoHmJJiqyTxsXSa5uELv,Like I Can,Sam Smith,In The Lonely Hour,random jams,12465,dance,0,0.683,0.628,0.176,0.462,2.78,0
7oGZAicScQt96OAW4AruYy,Want to Want Me,Jason Derulo,Everything Is 4,random jams,12465,dance,1,0.643,0.772,0.0705,0.669,3.46,0
7bJwvubZZaoGE1AGEfu8Fi,One Last Time,Ariana Grande,My Everything,random jams,12465,dance,83,0.593,0.628,0.096,0.104,3.29,0
4MflGTO2ZTcSQ12bWcyRgI,"Honey, I'm Good.",Andy Grammer,Magazines Or Novels,random jams,12465,rock,48,0.802,0.754,0.335,0.583,3.32,0
2TRFIQpTqq12xGpFJEr0Ft,Worth It,Fifth Harmony,Reflection,random jams,12465,dance,64,0.78,0.858,0.133,0.602,3.74,0
0EYOdF5FCkgOJJla8DI2Md,B.Y.O.B.,System Of A Down,Mezmerize,Rock songs,12466,alternative,77,0.981,0.538,0.219,0.711,4.26,0
2M5WTwqnkyz7bW6P1CiD6q,I'm Broken,Pantera,Far Beyond Driven,Rock songs,12466,groove,65,0.878,0.419,0.139,0.666,4.41,0
61mWefnWQOLf90gepjOCb3,Duality,Slipknot,Vol. 3: The Subliminal Verses [Special Package],Rock songs,12466,alternative,0,0.982,0.354,0.204,0.194,4.21,0
4Yx9Tw9dTgQ8eGCq3PRDyn,Raining Blood,Slayer,Reign In Blood,Rock songs,12466,death-metal,65,0.995,0.227,0.127,0.0363,4.25,0
0tZ3mElWcr74OOhKEiNz1x,Bulls On Parade,Rage Against The Machine,Evil Empire,Rock songs,12466,alt-rock,75,0.919,0.412,0.424,0.572,3.82,0
2vNw57KPaYDzkyPxXYUORX,Nightrain,Guns N' Roses,Appetite For Destruction,Rock songs,12466,hard-rock,64,0.992,0.4,0.179,0.243,4.46,0
5VnRYDDrqturQPvKg4puwu,Hardwired,Metallica,HardwiredTo Self-Destruct,Rock songs,12466,hard-rock,63,0.991,0.128,0.219,0.53,3.16,0
1euszbbvkUzQzIhZUWFmXG,My Name Is Human,Highly Suspect,The Boy Who Died Wolf,Rock songs,12466,grunge,64,0.698,0.515,0.0827,0.194,4.31,0
7nemcVsXVFZF01iqpIIo2Y,It's a Long Way to the Top (If You Wanna Rock 'N' Roll),AC/DC,High Voltage,Rock songs,12466,hard-rock,72,0.863,0.456,0.0553,0.532,5.02,0
2fY6tqgrlrg1ky9fgs0t5u,Wanted Dead Or Alive,Bon Jovi,Slippery When Wet,Rock songs,12466,metal,2,0.818,0.265,0.323,0.251,5.14,0
2j0zExWFB0PowLOeoZosjK,Touch Too Much,AC/DC,Highway to Hell,Rock songs,12466,hard-rock,63,0.906,0.524,0.309,0.605,4.44,0
6rvldt6EoZwzogApECUCwd,Who Made Who,AC/DC,Who Made Who,Rock songs,12466,hard-rock,66,0.825,0.514,0.607,0.655,3.45,0
7CI0VS6ETno5mgHi4PoCrY,Don't Follow,Alice In Chains,Jar Of Flies,Rock songs,12466,grunge,57,0.37,0.314,0.122,0.28,4.37,0
5pKCDm2fw4k6D6C5Rk646C,Tears Don't Fall,Bullet For My Valentine,The Poison,Rock songs,12466,alt-rock,65,0.931,0.214,0.0797,0.233,5.81,0
6v5VsfCYKdrkQBTMhAlkDr,Rocket Queen,Guns N' Roses,Appetite For Destruction,Rock songs,12466,hard-rock,61,0.945,0.448,0.0254,0.437,6.24,0
53968oKecrFxkErocab2Al,November Rain,Guns N' Roses,Use Your Illusion I,Rock songs,12466,hard-rock,81,0.641,0.294,0.112,0.226,8.96,0
1jdNcAD8Ir58RlsdGjJJdx,Ho Hey,The Lumineers,The Lumineers,Spring mix,12467,folk,79,0.471,0.682,0.0908,0.421,2.69,0
6u9RqxALwkjJ1ukB1y8vuP,You've Got The Love,Florence + The Machine,Lungs,Spring mix,12467,alternative,0,0.696,0.574,0.102,0.401,2.81,0
7oK9VyNzrYvRFo7nQEYkWN,Mr. Brightside,The Killers,Hot Fuss,Spring mix,12467,alt-rock,2,0.931,0.344,0.0903,0.251,3.71,0
3UfCFlGruX0DRPCpD1V3pU,Work Song,Hozier,Hozier,Spring mix,12467,singer-songwriter,63,0.388,0.432,0.112,0.256,3.83,0
2bvWBYEcNO7WU2OwyivjZe,Tell Her You Love Her - Acoustic,Echosmith,Talking Dreams,Spring mix,12467,indie-pop,0,0.195,0.465,0.119,0.235,4.33,0
7GJClzimvMSghjcrKxuf1M,Budapest,George Ezra,Wanted On Voyage,Spring mix,12467,folk,79,0.455,0.717,0.11,0.389,3.35,0
7BVwi9cIzSc6tpyxsp47vJ,Mess Is Mine,Vance Joy,Dream Your Life Away,Spring mix,12467,folk,64,0.723,0.595,0.0995,0.272,3.73,0
6Fha6tXHkL3r9m9nNqQG8p,Georgia,Vance Joy,Dream Your Life Away,Spring mix,12467,folk,62,0.66,0.388,0.0943,0.401,3.84,0
1XQnZTR0ER8y5fGO17uX1R,Holocene,Bon Iver,Bon Iver,Spring mix,12467,folk,66,0.304,0.374,0.126,0.147,5.61,0
2GiJYvgVaD2HtM8GqD9EgQ,Electric Love,BØRNS,Dopamine,Spring mix,12467,rock,82,0.797,0.611,0.26,0.518,3.64,0
3WKg25vrbjJlkhsgl2W4p3,Bright,Echosmith,Talking Dreams,Spring mix,12467,indie-pop,0,0.431,0.646,0.113,0.292,3.68,0
1ivHxaGL5ld9VS1zsYc4YN,Cherry Wine - Live,Hozier,Hozier,Spring mix,12467,singer-songwriter,67,0.111,0.418,0.0982,0.228,4.0,0
6mORGLOz79w6VsCRLWYYuK,The Night We Met,Lord Huron,Strange Trails,Spring mix,12467,folk,83,0.369,0.544,0.639,0.102,3.47,0
2tKOIBLJ2j384tnunmmKi7,From Eden,Hozier,From Eden EP,Spring mix,12467,singer-songwriter,63,0.676,0.395,0.117,0.315,3.71,0
46GGxd8TVRt6FjUBfCavVT,Renegades,X Ambassadors,VHS,Spring mix,12467,alt-rock,76,0.862,0.526,0.229,0.528,3.25,0
6ZYS6QQxTLsQ6IFXdVx1r4,Ophelia,The Lumineers,Cleopatra,Spring mix,12467,folk,79,0.573,0.664,0.0857,0.566,2.67,0
7qiZfU4dY1lWllzX7mPBI3,Shape of You,Ed Sheeran,÷,Spring Break 2017,12468,pop,86,0.652,0.825,0.0931,0.931,3.9,0
7mldq42yDuxiUNn08nvzHO,Body Like A Back Road,Sam Hunt,Body Like A Back Road,Spring Break 2017,12468,country,0,0.458,0.732,0.136,0.661,2.76,0
6HUnnBwYZqcED1eQztxMBN,Solo Dance,Martin Jensen,Solo Dance,Spring Break 2017,12468,edm,69,0.846,0.746,0.195,0.403,2.92,0
7KXjTSCq5nL1LoYtL7XAwS,HUMBLE.,Kendrick Lamar,DAMN.,Spring Break 2017,12468,hip-hop,84,0.621,0.908,0.0958,0.421,2.95,1
6wNeKPXF0RDKyvfKfri5hf,Dollhouse,Melanie Martinez,Cry Baby,hello,12469,electro,74,0.708,0.725,0.777,0.555,3.86,0
2QjOHCTQ1Jl3zawyYOpxh6,Sweater Weather,The Neighbourhood,I Love You.,hello,12469,alt-rock,93,0.807,0.612,0.101,0.398,4.01,0
0EMmVUYs9ZZRHtlADB88uz,Come On Eileen,Dexys Midnight Runners,Too Rye Ay,hello,12469,ska,2,0.769,0.45,0.306,0.604,4.79,0
2Arl7cRrFiuDiHQjdMEXOU,Our Day Will Come,Amy Winehouse,Lioness: Hidden Treasures,hello,12469,british,64,0.634,0.705,0.349,0.639,2.82,0
1bp2IO61zbQrbWNmKKxg3f,The Joker,Steve Miller Band,The Joker,hello,12469,blues,0,0.448,0.596,0.207,0.796,4.41,0
3jP3coGrROR7kjiDlpoRph,Tears Dry On Their Own,Amy Winehouse,Back To Black,hello,12469,british,71,0.543,0.634,0.232,0.467,3.09,0
2Z2vOukzwOgqR4dkymRSWd,Santeria,Sublime,Sublime,hello,12469,punk,1,0.751,0.665,0.121,0.58,3.04,0
2s4BsyV3KhhrtsdtNfzoqb,Back To Black,Amy Winehouse,Back To Black,hello,12469,british,81,0.422,0.403,0.0861,0.378,4.01,0
1OutzYv6YiN93lrT3pJsWR,It's My Life,No Doubt,It's My Life,hello,12469,alt-rock,1,0.75,0.606,0.321,0.771,3.77,0
5ByAIlEEnxYdvpnezg7HTX,Juicy,The Notorious B.I.G.,Ready To Die The Remaster,hello,12469,hardcore,62,0.767,0.887,0.0527,0.607,5.04,1
4YZbVct8l9MnAVIROnLQdx,Forrest Gump,Frank Ocean,channel ORANGE,hello,12469,soul,69,0.417,0.701,0.375,0.186,3.25,0
7cKLOenzViwzoHJWciMIrj,Bam Bam,Sister Nancy,One Two,hello,12469,dancehall,67,0.605,0.722,0.248,0.709,3.28,0
4vb4mFvYsr2h6enhjJsq9Y,Water Under the Bridge,Adele,25,Water,12470,british,70,0.833,0.59,0.105,0.538,4.01,0
54X78diSLoUDI3joC2bjMz,Purple Rain,Prince,Purple Rain,Water,12470,funk,75,0.452,0.367,0.689,0.189,8.68,0
3CKCZ9pfwAfoMZlMncA1Nc,Set Fire to the Rain,Adele,21,Water,12470,british,80,0.67,0.603,0.112,0.446,4.03,0
23oxJmDc1V9uLUSmN2LIvx,Ocean Avenue,Yellowcard,Ocean Avenue,Water,12470,punk,74,0.904,0.486,0.0947,0.786,3.3,0
3GVkPk8mqxz0itaAriG1L7,Everybody Dies In Their Nightmares,XXXTENTACION,17,Good Stuff,12471,emo,85,0.57,0.734,0.112,0.689,1.59,0
7m9OqQk4RVRkw9JJdeAw96,Jocelyn Flores,XXXTENTACION,17,Good Stuff,12471,emo,84,0.391,0.872,0.297,0.437,1.99,0
6NWl2m8asvH83xjuXVNsuG,Betrayed,Lil Xan,Betrayed,Good Stuff,12471,emo,70,0.434,0.821,0.128,0.241,3.12,0
43ZyHQITOjhciSUUNPVRHc,Gucci Gang,Lil Pump,Lil Pump,Good Stuff,12471,emo,64,0.523,0.936,0.117,0.699,2.07,0
7a8GawTVgHZvBLQOh46he7,I Wanna Be Yours,Arctic Monkeys,AM,Bangin,12472,garage,92,0.417,0.464,0.0974,0.479,3.07,0
4FSm0Ca6Hzd7Vx7TpSfcSy,Arabella,Arctic Monkeys,AM,Bangin,12472,garage,78,0.558,0.579,0.212,0.506,3.46,0
29tzJGvqJPTAFs6LXmsHoA,R U Mine?,Arctic Monkeys,AM,Bangin,12472,garage,83,0.758,0.288,0.303,0.619,3.36,0
3rq5w4bQGigXOfdN30ATJt,Do I Wanna Know?,Arctic Monkeys,AM,Bangin,12472,garage,88,0.532,0.548,0.217,0.405,4.54,0
6ooluO7DiEhI1zmK94nRCM,Take Me Out,Franz Ferdinand,Franz Ferdinand,Bangin,12472,alt-rock,79,0.663,0.277,0.136,0.527,3.95,0
37pK088xTo1ZpR3y23wsFk,Arms Of A Woman,Amos Lee,Amos Lee,LOVE,12473,acoustic,60,0.0674,0.54,0.109,0.12,4.19,0
3TcL0dyCMyr0kyTTc4NLgI,Who Says,Selena Gomez & The Scene,When The Sun Goes Down,LOVE,12473,dance,77,0.927,0.682,0.149,0.744,3.26,0
0laYHRpNTS6i8FXdupHkJ4,Love You Like A Love Song,Selena Gomez & The Scene,When The Sun Goes Down,LOVE,12473,dance,81,0.678,0.858,0.0741,0.922,3.14,0
0p1BcEcYVO3uk4KDf3gzkY,Wanted,Hunter Hayes,Hunter Hayes (Encore),LOVE,12473,country,0,0.475,0.414,0.0816,0.3,3.81,0
5VUQsLff8A3ruAyCdTxqzg,Who Am I,Casting Crowns,Casting Crowns,LOVE,12473,alt-rock,65,0.472,0.545,0.0684,0.193,5.6,0
53QF56cjZA9RTuuMZDrSA6,I Won't Give Up,Jason Mraz,Love Is A Four Letter Word,LOVE,12473,acoustic,69,0.303,0.483,0.115,0.139,4.0,0
03fT3OHB9KyMtGMt2zwqCT,Play It Again,Luke Bryan,Crash My Party,LOVE,12473,country,75,0.886,0.506,0.0734,0.595,3.78,0
7hKpnp7A7bjiZEyywa5Qn4,Girl Crush,Little Big Town,Pain Killer,LOVE,12473,country,70,0.225,0.5,0.112,0.355,3.22,0
3hB5DgAiMAQ4DzYbsMq1IT,Love Yourself,Justin Bieber,Purpose,LOVE,12473,pop,84,0.378,0.609,0.28,0.515,3.9,0
5kNe7PE09d6Kvw5pAsx23n,Die A Happy Man,Thomas Rhett,Tangled Up,LOVE,12473,country,1,0.389,0.59,0.117,0.389,3.79,0
4W38RXuQNuoTSwVsQA1OGC,Nothin' Like You,Dan + Shay,Where It All Began,LOVE,12473,country,0,0.704,0.586,0.067,0.442,3.1,0
03fT3OHB9KyMtGMt2zwqCT,Play It Again,Luke Bryan,Crash My Party,Country Music,12474,country,75,0.886,0.506,0.0734,0.595,3.78,0
2WQAknZHrJAEQOFXe0F44P,Austin,Blake Shelton,Blake Shelton,Country Music,12474,country,0,0.609,0.603,0.0982,0.275,3.84,0
18UoSTEtYbW9cuA1tqloZ4,She Doesn't Know She's Got It,Blake Shelton,Blake Shelton,Country Music,12474,country,0,0.873,0.654,0.141,0.879,3.31,0
6U5pgPq1bsJ6UBeakd4mfQ,What Hurts The Most,Rascal Flatts,Me And My Gang,Country Music,12474,country,71,0.674,0.537,0.265,0.33,3.57,0
4YjjNHtEsTX6Af4mCTupT5,Bless The Broken Road,Rascal Flatts,Feels Like Today,Country Music,12474,country,36,0.448,0.588,0.156,0.362,3.78,0
3kVnoW7oDuuovp1SyMj9Kb,"O Come, O Come, Emmanuel",Punch Brothers,Holidays Rule,Christmas,12475,bluegrass,0,0.298,0.606,0.13,0.174,4.08,0
3OnZDfpaIbb2dBCCHtoYSX,Wonderful Christmastime,The Shins,Holidays Rule,Christmas,12475,alt-rock,0,0.689,0.634,0.114,0.899,2.44,0
1qSBHo7rjtqYdd0XJB8ngq,I Heard The Bells On Christmas Day,The Civil Wars,Holidays Rule,Christmas,12475,acoustic,0,0.145,0.492,0.107,0.218,2.57,0
46jLy47W8rkf8rEX04gMKB,Wherever I Go,OneRepublic,Oh My My,Hit it,12476,piano,70,0.689,0.552,0.27,0.349,2.83,0
6i0V12jOa3mr6uu4WYhUBr,Heathens,Twenty One Pilots,Heathens,Hit it,12476,rock,81,0.396,0.732,0.105,0.548,3.27,0
4kbj5MwxO1bq9wjT5g9HaA,Shut Up and Dance,WALK THE MOON,TALKING IS HARD,Hit it,12476,alt-rock,83,0.866,0.578,0.257,0.619,3.32,0
0prNGof3XqfTvNDxHonvdK,Scars To Your Beautiful,Alessia Cara,Know-It-All,Hit it,12476,dance,74,0.739,0.319,0.111,0.449,3.84,0
1mr3616BzLdhXfJmLmRsO8,Fireflies,Owl City,Ocean Eyes,Hit it,12476,indie-pop,79,0.662,0.512,0.118,0.472,3.81,0
5edBgVtRD0fvWk140Sl21T,Counting Stars,OneRepublic,Native,Hit it,12476,piano,83,0.705,0.664,0.118,0.477,4.29,0
3gbBpTdY8lnQwqxNCcf795,Pompeii,Bastille,Bad Blood,Hit it,12476,rock,1,0.711,0.68,0.241,0.571,3.57,0
4eLSCSELtKxZwXnFbNLXT5,On Top Of The World,Imagine Dragons,Night Visions,Hit it,12476,rock,0,0.925,0.588,0.0881,0.759,3.16,0
3zKST4nk4QJE77oLjUZ0Ng,Hey Brother,Avicii,True,Hit it,12476,edm,77,0.78,0.545,0.0828,0.458,4.25,0
7pzdiluN2tVrxsFGyM2Asc,I Lived,OneRepublic,Native,Hit it,12476,piano,71,0.851,0.593,0.271,0.344,3.91,0
7wMq5n8mYSKlQIGECKUgTX,Hall of Fame,The Script,#3 Deluxe Version,Hit it,12476,rock,60,0.872,0.511,0.0975,0.511,3.38,0
6Z8R6UsFuGXGtiIxiD8ISb,Safe And Sound,Capital Cities,In A Tidal Wave Of Mystery,Hit it,12476,rock,83,0.819,0.655,0.104,0.766,3.21,0
3xqF04FdMK7gpIPG3SPFpY,It's Time,Imagine Dragons,Night Visions,Hit it,12476,rock,72,0.884,0.656,0.144,0.86,3.97,0
6vSforRhuzsA0D0SO9fG1S,One Call Away,Charlie Puth,Nine Track Mind,Hit it,12476,dance,0,0.613,0.667,0.115,0.472,3.24,0
6g1NlCpW7fgqDnWbCCDrHl,Wake Me Up - Radio Edit,Avicii,True,Hit it,12476,dance,1,0.807,0.524,0.212,0.62,4.12,0
2DpCdPMg1BADE4HDnxt3Rd,"Sit Still, Look Pretty",Daya,"Sit Still, Look Pretty",Hit it,12476,dance,63,0.787,0.655,0.178,0.554,3.37,0
6OZPl7bOm8EOshsVmWH5W8,Immortals,Fall Out Boy,American Beauty/American Psycho,Hit it,12476,emo,65,0.856,0.703,0.38,0.722,3.16,0
1zCoCopxgQmozHBuuyfW2K,"Gone, Gone, Gone",Phillip Phillips,The World From The Side Of The Moon,Hit it,12476,folk,67,0.642,0.664,0.114,0.501,3.49,0
0qt5f5EL92o8Snzopsv0en,Geronimo,Sheppard,Bombs Away,Hit it,12476,folk,0,0.838,0.682,0.12,0.461,3.64,0
46GGxd8TVRt6FjUBfCavVT,Renegades,X Ambassadors,VHS,Hit it,12476,alt-rock,76,0.862,0.526,0.229,0.528,3.25,0
5EQ9yEra0SzVd673ZfKT4C,Brand New,Ben Rector,Brand New,Hit it,12476,acoustic,65,0.934,0.555,0.122,0.422,4.07,0
6FE2iI43OZnszFLuLtvvmg,Classic,MKTO,MKTO,Hit it,12476,rock,82,0.791,0.72,0.157,0.756,2.92,0
2iUmqdfGZcHIhS3b9E9EWq,Everybody Talks,Neon Trees,Picture Show,Hit it,12476,alt-rock,80,0.924,0.471,0.313,0.725,2.95,0
7GJClzimvMSghjcrKxuf1M,Budapest,George Ezra,Wanted On Voyage,Hit it,12476,folk,79,0.455,0.717,0.11,0.389,3.35,0
2bRXehD283NioREYxlohc4,Lights - Single Version,Ellie Goulding,Bright Lights,Hit it,12476,dance,0,0.802,0.681,0.127,0.791,3.51,0
0DfWB12lkdQkapTzmkB9Nw,Kids,MGMT,Time To Pretend,Hit it,12476,alt-rock,78,0.931,0.451,0.361,0.172,5.49,0
3cfOd4CMv2snFaKAnMdnvK,All Star,Smash Mouth,Astro Lounge,Hit it,12476,alt-rock,0,0.867,0.731,0.0861,0.776,3.34,0
5lRtoB4Gg2gpT1EjAWOui7,Girls Chase Boys,Ingrid Michaelson,Lights Out,Hit it,12476,acoustic,56,0.828,0.518,0.0456,0.69,3.69,0
4E5P1XyAFtrjpiIxkydly4,Replay,Iyaz,Replay,Hit it,12476,dance,76,0.751,0.706,0.168,0.195,3.04,0
1b8xyP5ojtnT430YGDWHIA,All The Right Moves,OneRepublic,Waking Up,Hit it,12476,piano,67,0.948,0.529,0.283,0.65,3.97,0
6l9HDwqU46DHCuNyvbmFdP,New Soul,Yael Naim,Yael Naim,Hit it,12476,french,59,0.371,0.582,0.122,0.604,3.75,0
3CKCZ9pfwAfoMZlMncA1Nc,Set Fire to the Rain,Adele,21,Hit it,12476,british,80,0.67,0.603,0.112,0.446,4.03,0
7IWkJwX9C0J7tHurTD7ViL,When We Were Young,Adele,25,Hit it,12476,british,79,0.595,0.376,0.095,0.265,4.85,0
4E6cwWJWZw2zWf7VFbH7wf,Love Song,Sara Bareilles,Little Voice,Hit it,12476,acoustic,73,0.786,0.583,0.188,0.573,4.31,0
3UwT4FadEGWyMdaSwYcUBY,This Town,Niall Horan,Flicker,Hit it,12476,dance,80,0.401,0.677,0.116,0.195,3.88,0
37sINbJZcFdHFAsVNsPq1i,Superheroes,The Script,No Sound Without Silence,Hit it,12476,rock,75,0.885,0.49,0.0741,0.64,4.09,0
72jbDTw1piOOj770jWNeaG,Paris,The Chainsmokers,Memories...Do Not Open,Hit it,12476,dance,74,0.658,0.653,0.0939,0.219,3.69,0
1oew3nFNY3vMacJAsvry0S,Me And My Broken Heart,Rixton,Let The Road,Hit it,12476,dance,79,0.783,0.545,0.132,0.551,3.23,0
0Utg7sirTPqrs6Cx0FbriQ,Chillin' It,Cole Swindell,Cole Swindell,country,12477,country,1,0.849,0.576,0.109,0.666,3.28,0
0El2Zyt68nYySFDG87hZgM,Sun Daze,Florida Georgia Line,Anything Goes,country,12477,country,0,0.944,0.484,0.471,0.839,3.08,0
03fT3OHB9KyMtGMt2zwqCT,Play It Again,Luke Bryan,Crash My Party,country,12477,country,75,0.886,0.506,0.0734,0.595,3.78,0
0M7mWKqwTIaVjYyxfZmtTa,"Courtesy Of The Red, White And Blue (The Angry American)",Toby Keith,Unleashed,country,12477,country,0,0.674,0.426,0.0784,0.378,3.26,0
1VdHooAMVaGXPSty8pifv9,Honky Tonk Badonkadonk,Trace Adkins,Dangerous Man,country,12477,country,0,0.919,0.643,0.0555,0.823,4.0,0
5rX6C5QVvvZB7XckETNych,All Summer Long,Kid Rock,Rock N Roll Jesus,country,12477,alternative,0,0.865,0.701,0.0956,0.88,4.96,0
5JnLiuMgRAWoHYOhatFP3s,People Are Crazy,Billy Currington,Little Bit Of Everything,country,12477,country,0,0.714,0.657,0.127,0.361,3.86,0
1cktZnxiONH0hR6Q3DKy8h,Drink In My Hand,Eric Church,Chief,country,12477,country,0,0.913,0.626,0.293,0.946,3.19,0
68ZOBzR0AffpQM6AgSA5n4,Stuck On You,Lionel Richie,Tuskegee,country,12477,disco,71,0.317,0.509,0.0878,0.247,3.36,0
0yD66650JxhqKbW76C2qCo,Country Girl (Shake It For Me),Luke Bryan,Tailgates & Tanlines,country,12477,country,2,0.904,0.644,0.0834,0.672,3.76,0
75p6fgACKYIyIhsoG411SZ,Hey Pretty Girl,Kip Moore,Up All Night,country,12477,country,0,0.373,0.431,0.259,0.0884,3.6,0
78WVLOP9pN0G3gRLFy1rAa,Piano Man,Billy Joel,Piano Man,country,12477,folk,77,0.55,0.331,0.192,0.429,5.6,0
0p1BcEcYVO3uk4KDf3gzkY,Wanted,Hunter Hayes,Hunter Hayes (Encore),country,12477,country,0,0.475,0.414,0.0816,0.3,3.81,0
71DDK14XVxkXLmG3AVi1BP,Storm Warning,Hunter Hayes,Hunter Hayes (Encore),country,12477,country,0,0.844,0.483,0.133,0.772,4.0,0
2HWFdHcyJAipiBNMoq0olx,Black Memories,The Growlers,Chinese Fountain,Let's Chill ,12478,garage,62,0.576,0.617,0.153,0.825,2.86,0
01MO5Ib9mCG7srUhZl52BA,Going Gets Tough,The Growlers,Chinese Fountain,Let's Chill ,12478,garage,62,0.769,0.501,0.109,0.737,3.48,0
7qHBtTdpBLRUQGQxshfRd2,Big Toe,The Growlers,Chinese Fountain,Let's Chill ,12478,garage,55,0.766,0.51,0.0679,0.729,2.53,0
6vECYJHxYmm3Ydt3fF01pE,Stolen Dance,Milky Chance,Sadnecessary,Let's Chill ,12478,german,80,0.581,0.884,0.0759,0.728,5.23,0
5mpLcXEsk3jjzLFGuNKk5I,Flashed Junk Mind,Milky Chance,Sadnecessary,Let's Chill ,12478,german,66,0.84,0.84,0.114,0.904,4.37,0
6Fha6tXHkL3r9m9nNqQG8p,Georgia,Vance Joy,Dream Your Life Away,Let's Chill ,12478,folk,62,0.66,0.388,0.0943,0.401,3.84,0
0UBUnp3ggZivpFWGQxoSok,Keep Your Head Up,Ben Howard,Every Kingdom,Let's Chill ,12478,british,67,0.596,0.508,0.111,0.4,4.41,0
1UqhkbzB1kuFwt2iy4h29Q,Cough Syrup,Young the Giant,Young the Giant,Let's Chill ,12478,alt-rock,0,0.721,0.533,0.115,0.225,4.16,0
3PvzvltQZLIKk9YgoMP3Yq,The Mother We Share,CHVRCHES,The Bones Of What You Believe,Let's Chill ,12478,synth-pop,51,0.722,0.462,0.127,0.327,3.17,0
35rdv7N27twjo4gnUzmnRZ,Polish Girl,Neon Indian,Era Extraña,Let's Chill ,12478,synth-pop,47,0.886,0.63,0.125,0.454,4.4,0
3173iHijWgF3xh90wG0moP,Pretend I'm Gay,The Growlers,Gilded Pleasures,Let's Chill ,12478,garage,26,0.716,0.392,0.374,0.727,3.17,0
1jyddn36UN4tVsJGtaJfem,You Are the Best Thing,Ray LaMontagne,Gossip In The Grain,Let's Chill ,12478,acoustic,67,0.727,0.578,0.172,0.885,3.86,0
6l9HDwqU46DHCuNyvbmFdP,New Soul,Yael Naim,Yael Naim,Let's Chill ,12478,french,59,0.371,0.582,0.122,0.604,3.75,0
1eyzqe2QqGZUmfcPZtrIyt,Midnight City,M83,"Hurry Up, We're Dreaming",Let's Chill ,12478,french,76,0.729,0.507,0.0658,0.272,4.02,0
7BVwi9cIzSc6tpyxsp47vJ,Mess Is Mine,Vance Joy,Dream Your Life Away,Let's Chill ,12478,folk,64,0.723,0.595,0.0995,0.272,3.73,0
5b9iBVhfYxDF4JJcHrNIx5,Gooey,Glass Animals,ZABA,Let's Chill ,12478,indie-pop,71,0.369,0.487,0.0925,0.106,4.82,1
6ZT3coOj97F6CVvruPtnox,Your Soul,Hippie Sabotage,The Sunny Album (Deluxe Edition),Let's Chill ,12478,electronic,61,0.68,0.487,0.144,0.0752,5.41,0
0rRjGruFonCGOt0S5zAJNQ,The Other Side Of Paradise,Glass Animals,How To Be A Human Being,Let's Chill ,12478,indie-pop,72,0.338,0.689,0.0649,0.568,5.34,1
7j56HrjR9cGzvekvZY3Faz,HandClap,Fitz and The Tantrums,Fitz and The Tantrums,Let's Chill ,12478,alt-rock,0,0.836,0.634,0.0828,0.715,3.22,0
3asFGFY3uLjMDmML1p0tYm,Savior,Rise Against,Appeal To Reason,more,12481,hardcore,75,0.932,0.554,0.425,0.478,4.04,0
01a0J96fRD91VnjQQUCqMK,The Kids Aren't Alright,The Offspring,Americana,more,12481,alt-rock,81,0.943,0.523,0.0579,0.766,3.0,1
6TfBA04WJ3X1d1wXhaCFVT,"You're Gonna Go Far, Kid",The Offspring,"Rise And Fall, Rage And Grace",more,12481,alt-rock,81,0.917,0.55,0.197,0.601,2.96,1
6L89mwZXSOwYl76YXfX13s,Basket Case,Green Day,Dookie,more,12481,punk,2,0.943,0.441,0.091,0.781,3.03,0
1Dr1fXbc2IxaK1Mu8P8Khz,When I Come Around,Green Day,Dookie,more,12481,punk,76,0.909,0.531,0.231,0.814,2.97,0
5kr3j5Clb9rjEposoMyLVt,Welcome to Paradise,Green Day,Dookie,more,12481,punk,69,0.96,0.37,0.0563,0.717,3.74,0
3SqOC9IRDYGSq9cH6K2GQI,The Anthem,Good Charlotte,Good Charlotte/The Young And The Hopeless,more,12481,metal,74,0.939,0.494,0.139,0.893,2.92,0
3G0PaoAphGzJZbJ6VRQJhs,Second Chance,Shinedown,The Sound of Madness,more,12481,grunge,69,0.796,0.46,0.106,0.182,3.7,0
2wVXSc0IrQVodHESUxVUJA,Losing My Religion,R.E.M.,Out Of Time,more,12481,alt-rock,0,0.854,0.666,0.0986,0.803,4.47,0
5Iy2Jj87Ha0C0IBlNE1I4y,The Days,Avicii,The Days / Nights,more,12481,dance,0,0.724,0.59,0.142,0.526,4.64,0
3omXshBamrREltcf24gYDC,First,Cold War Kids,Hold My Home,more,12481,blues,67,0.692,0.468,0.523,0.561,3.34,0
1ng36571Iyov4HBxUClySn,Pepper,Butthole Surfers,Electriclarryland,more,12481,psych-rock,64,0.804,0.631,0.16,0.671,4.95,0
5DH5PdLCY67GIkjYsfWtNo,Burn Them,Greensky Bluegrass,If Sorrows Swim,more,12481,bluegrass,37,0.806,0.584,0.234,0.755,3.35,0
4sebUbjqbcgDSwG6PbSGI0,Come a Little Closer,Cage The Elephant,Melophobia,more,12481,blues,74,0.778,0.44,0.151,0.304,3.82,0
5nVIAskG5NvPXLGJrUaV6L,I Hate Myself And Want To Die - 2013 Mix,Nirvana,In Utero - 20th Anniversary - Deluxe Edition,more,12481,grunge,60,0.818,0.456,0.0995,0.257,2.99,0
52M1FvGd0AkoUwcHL2L8jv,The Hellcat Spangled Shalalala,Arctic Monkeys,Suck It and See,more,12481,garage,54,0.872,0.449,0.0642,0.788,3.01,0
7EUcOIbJSePmXGvAe7G79C,Black Treacle,Arctic Monkeys,Suck It and See,more,12481,garage,60,0.89,0.343,0.0912,0.525,3.62,0
7BuzJmV2h6eBbSDdRaDY7C,Fake Tales Of San Francisco,Arctic Monkeys,"Whatever People Say I Am, That's What I'm Not",more,12481,garage,66,0.778,0.454,0.0427,0.704,2.97,0
6Slvi85s1hIaeykjvDe1xk,Perhaps Vampires Is A Bit Strong But,Arctic Monkeys,"Whatever People Say I Am, That's What I'm Not",more,12481,garage,58,0.914,0.371,0.0852,0.394,4.48,0
15VRO9CQwMpbqUYA7e6Hwg,The Man Who Sold The World,Nirvana,MTV Unplugged In New York,more,12481,alt-rock,76,0.753,0.483,0.257,0.42,4.35,0
6DX6W2QXiVlKYQLrQN8y83,Pennyroyal Tea,Nirvana,MTV Unplugged In New York,more,12481,grunge,58,0.449,0.428,0.253,0.196,3.68,0
725QAOexNLmGZiFMN7U8pF,Dumb,Nirvana,MTV Unplugged In New York,more,12481,alt-rock,75,0.395,0.697,0.173,0.876,2.88,0
4UJmPSJsBsIR1U0N79BU1g,Lake Of Fire,Nirvana,MTV Unplugged In New York,more,12481,grunge,68,0.618,0.541,0.413,0.68,2.93,0
3bH8PZsfbCRIoeNiFm7JmU,All Apologies,Nirvana,MTV Unplugged In New York,more,12481,alt-rock,72,0.632,0.446,0.0881,0.359,4.39,0
2vQQfWTanvD99OeHLAoyhW,From The Ritz To The Rubble,Arctic Monkeys,"Whatever People Say I Am, That's What I'm Not",more,12481,garage,69,0.882,0.216,0.308,0.656,3.22,0
2hmibAtdObO8F4tnhLENuQ,Reptilia,The Strokes,Room On Fire,more,12481,alt-rock,75,0.649,0.489,0.101,0.77,3.66,0
59Yb6w8DywcHViQUsd85Go,Stockyards,Casey Donahew,Lost Days,more,12481,country,46,0.622,0.708,0.0735,0.777,3.07,0
1nFtiJxYdhtFfFtfXBv06s,Something In The Way,Nirvana,Nevermind,more,12481,alt-rock,76,0.201,0.427,0.109,0.0668,3.87,0
4l012k8ZcAdVbUvZ4kae5Q,Stay Away,Nirvana,Nevermind,more,12481,grunge,58,0.981,0.367,0.0822,0.205,3.52,0
7yMiX7n9SBvadzox8T5jzT,Clint Eastwood,Gorillaz,Gorillaz,more,12481,alternative,3,0.694,0.663,0.0698,0.525,5.68,0
3XPBHUOnYcrxiWN1ZZW95N,To All of You,Syd Matters,Someday We Will Foresee Obstacles [Edition 2008],Calm ,12482,french,56,0.536,0.312,0.113,0.0971,4.72,0
0ByKWq0hsuYriK5avSMJ5r,Crosses,José González,Veneer,Calm ,12482,goth,55,0.369,0.666,0.102,0.318,2.72,0
13PUJCvdTSCT1dn70tlGdm,"Welcome Home, Son",Radical Face,Ghost,Calm ,12482,folk,71,0.497,0.587,0.142,0.401,4.76,0
2fbXJ0VpxhW7j0qcg1DnoZ,Big Jet Plane,Angus & Julia Stone,Down The Way,Calm ,12482,folk,61,0.387,0.762,0.13,0.274,3.99,0
1KHdq8NK9QxnGjdXb55NiG,Falling in Love at a Coffee Shop,Landon Pigg,The Boy Who Never,Calm ,12482,acoustic,58,0.561,0.489,0.179,0.238,4.08,0
3pLTOP0G0etiWUknFoRpsr,The Cave,Mumford & Sons,Sigh No More,Calm ,12482,folk,62,0.499,0.592,0.113,0.346,3.63,0
4JLcAU2xY90qTkTSNM1lUa,Bang Bang (My Baby Shot Me Down),Nancy Sinatra,How Does That Grab You?,Calm ,12482,folk,66,0.174,0.433,0.111,0.366,2.71,0
2PIlBukQ6limukVR8Ubb5o,Please Don't Say You Love Me,Gabrielle Aplin,English Rain,Calm ,12482,acoustic,0,0.541,0.479,0.108,0.3,3.02,0
0OwoAzOM3ULaLoiYpC5axn,Home,Gabrielle Aplin,English Rain,Calm ,12482,acoustic,51,0.29,0.403,0.0972,0.248,4.16,0
0dHF8t7OIhgPele5WRUfWG,I'm Gonna Be (500 Miles),Sleeping At Last,"Covers, Vol. 1",Calm ,12482,ambient,54,0.228,0.394,0.113,0.258,3.53,0
3tJjZMHLqhD8DaGgdBICnc,Saturn,Sleeping At Last,Atlas: Year One,Calm ,12482,ambient,68,0.237,0.263,0.109,0.0461,4.83,0
16D9AzevsZAh4GfQEYIo7I,Earth,Sleeping At Last,Atlas: Year One,Calm ,12482,ambient,48,0.374,0.292,0.357,0.247,4.47,0
5ZEY2HUEstaLlhxGoWmzCE,Won't Stop,OneRepublic,Dreaming Out Loud,Calm ,12482,piano,43,0.568,0.384,0.122,0.3,5.04,0
46GGxd8TVRt6FjUBfCavVT,Renegades,X Ambassadors,VHS,Calm ,12482,alt-rock,76,0.862,0.526,0.229,0.528,3.25,0
4cbuJTJ4XP6dkkskYh3Ss1,In Dreams,Ben Howard,I Forget Where We Were,Calm ,12482,british,57,0.592,0.49,0.136,0.28,3.56,0
6i0V12jOa3mr6uu4WYhUBr,Heathens,Twenty One Pilots,Heathens,birthday,12484,rock,81,0.396,0.732,0.105,0.548,3.27,0
5wQnmLuC1W7ATsArWACrgW,Welcome to the Black Parade,My Chemical Romance,The Black Parade,birthday,12484,emo,79,0.905,0.217,0.222,0.236,5.19,0
4bPQs0PHn4xbipzdPfn6du,I Write Sins Not Tragedies,Panic! At The Disco,A Fever You Can't Sweat Out,birthday,12484,rock,3,0.792,0.565,0.114,0.639,3.13,0
2kWowW0k4oFymhkr7LmvzO,Come with Me Now,KONGOS,Lunatic,birthday,12484,blues,67,0.726,0.654,0.0618,0.728,3.53,0
5eyTC5GZzpzlN7YRO9AoPf,The View From The Afternoon,Arctic Monkeys,"Whatever People Say I Am, That's What I'm Not",birthday,12484,garage,63,0.922,0.387,0.187,0.417,3.72,0
18GC3F8YPGB8CePXcTUizQ,Thnks fr th Mmrs,Fall Out Boy,Infinity On High,birthday,12484,emo,2,0.897,0.458,0.103,0.602,3.39,0
7s0lDK7y3XLmI7tcsRAbW0,My Songs Know What You Did In The Dark (Light Em Up),Fall Out Boy,Save Rock And Roll,birthday,12484,emo,0,0.924,0.557,0.537,0.566,3.11,0
34Jeq8ktRzyOW1uw40InVy,Uma Thurman,Fall Out Boy,American Beauty/American Psycho,birthday,12484,emo,2,0.961,0.623,0.264,0.668,3.53,0
2TfSHkHiFO4gRztVIkggkE,"Sugar, We're Goin Down",Fall Out Boy,From Under The Cork Tree,birthday,12484,emo,2,0.887,0.5,0.114,0.631,3.82,0
3gbBpTdY8lnQwqxNCcf795,Pompeii,Bastille,Bad Blood,birthday,12484,rock,1,0.711,0.68,0.241,0.571,3.57,0
2tznHmp70DxMyr2XhWLOW0,Cigarette Daydreams,Cage The Elephant,Melophobia,birthday,12484,blues,79,0.676,0.636,0.0831,0.273,3.48,0
4sebUbjqbcgDSwG6PbSGI0,Come a Little Closer,Cage The Elephant,Melophobia,birthday,12484,blues,74,0.778,0.44,0.151,0.304,3.82,0
3mcG2NI5G5vhrQtRda1YnA,The Middle,Jimmy Eat World,Bleed American,birthday,12484,alt-rock,0,0.848,0.644,0.0676,0.928,2.8,0
6ZYS6QQxTLsQ6IFXdVx1r4,Ophelia,The Lumineers,Cleopatra,birthday,12484,folk,79,0.573,0.664,0.0857,0.566,2.67,0
1jdNcAD8Ir58RlsdGjJJdx,Ho Hey,The Lumineers,The Lumineers,birthday,12484,folk,79,0.471,0.682,0.0908,0.421,2.69,0
0uppYCG86ajpV2hSR3dJJ0,Give It Away,Red Hot Chili Peppers,Blood Sugar Sex Magik,birthday,12484,metal,73,0.936,0.666,0.153,0.776,4.72,0
1G391cbiT3v3Cywg8T7DM1,Scar Tissue,Red Hot Chili Peppers,Californication,birthday,12484,alt-rock,79,0.717,0.595,0.108,0.547,3.6,0
3ZOEytgrvLwQaqXreDs2Jx,Can't Stop,Red Hot Chili Peppers,By The Way,birthday,12484,alt-rock,82,0.938,0.618,0.167,0.875,4.48,0
1Zqy9bervYUomy12Pbm3rP,Time to Pretend,MGMT,Oracular Spectacular/Congratulations,birthday,12484,alt-rock,72,0.94,0.438,0.3,0.421,4.35,0
0vaf64cpnqM7COUZZkoBig,Electric Feel,MGMT,Oracular Spectacular/Congratulations,birthday,12484,alt-rock,77,0.803,0.763,0.348,0.561,3.83,0
5QldjuXcxplhjjUqLrzl6H,Kids,MGMT,Oracular Spectacular/Congratulations,birthday,12484,alt-rock,78,0.931,0.451,0.361,0.172,5.05,0
0GO8y8jQk1PkHzS31d699N,Tongue Tied,Grouplove,Never Trust A Happy Song,birthday,12484,alt-rock,79,0.936,0.56,0.161,0.371,3.63,0
70wYA8oYHoMzhRRkARoMhU,When You Were Young,The Killers,Sam's Town,birthday,12484,alt-rock,5,0.976,0.441,0.298,0.248,3.67,0
7HGTkn2aX7MNdKs7nV2xBt,Somebody Told Me,The Killers,Hot Fuss,birthday,12484,alt-rock,0,0.981,0.508,0.0555,0.746,3.29,0
7oK9VyNzrYvRFo7nQEYkWN,Mr. Brightside,The Killers,Hot Fuss,birthday,12484,alt-rock,2,0.931,0.344,0.0903,0.251,3.71,0
0eDQj41kzBhMKQIkTt6OJR,A Certain Romance,Arctic Monkeys,"Whatever People Say I Am, That's What I'm Not",birthday,12484,garage,67,0.881,0.455,0.11,0.201,5.52,0
2vQQfWTanvD99OeHLAoyhW,From The Ritz To The Rubble,Arctic Monkeys,"Whatever People Say I Am, That's What I'm Not",birthday,12484,garage,69,0.882,0.216,0.308,0.656,3.22,0
2zzLRQ78kKfPTx8FJQCdC2,When The Sun Goes Down,Arctic Monkeys,"Whatever People Say I Am, That's What I'm Not",birthday,12484,garage,76,0.875,0.348,0.117,0.407,3.37,0
6Slvi85s1hIaeykjvDe1xk,Perhaps Vampires Is A Bit Strong But,Arctic Monkeys,"Whatever People Say I Am, That's What I'm Not",birthday,12484,garage,58,0.914,0.371,0.0852,0.394,4.48,0
64a5XZCVDWwvC7gwPPCsH6,Still Take You Home,Arctic Monkeys,"Whatever People Say I Am, That's What I'm Not",birthday,12484,garage,59,0.946,0.599,0.0973,0.653,2.89,0
0hAMkY2kwdXPPDfQ1e3BmJ,Dancing Shoes,Arctic Monkeys,"Whatever People Say I Am, That's What I'm Not",birthday,12484,garage,63,0.889,0.522,0.345,0.852,2.35,0
7BuzJmV2h6eBbSDdRaDY7C,Fake Tales Of San Francisco,Arctic Monkeys,"Whatever People Say I Am, That's What I'm Not",birthday,12484,garage,66,0.778,0.454,0.0427,0.704,2.97,0
3DQVgcqaP3iSMbaKsd57l5,I Bet You Look Good On The Dancefloor,Arctic Monkeys,"Whatever People Say I Am, That's What I'm Not",birthday,12484,garage,75,0.948,0.535,0.376,0.778,2.89,0
6ooluO7DiEhI1zmK94nRCM,Take Me Out,Franz Ferdinand,Franz Ferdinand,birthday,12484,alt-rock,79,0.663,0.277,0.136,0.527,3.95,0
7kzKAuUzOITUauHAhoMoxA,Last Nite,The Strokes,Is This It,birthday,12484,alt-rock,74,0.91,0.624,0.0789,0.767,3.23,0
4kbj5MwxO1bq9wjT5g9HaA,Shut Up and Dance,WALK THE MOON,TALKING IS HARD,birthday,12484,alt-rock,83,0.866,0.578,0.257,0.619,3.32,0
3CRDbSIZ4r5MsZ0YwxuEkn,Stressed Out,Twenty One Pilots,Blurryface,birthday,12484,rock,85,0.637,0.734,0.0602,0.648,3.37,0
1AhDOtG9vPSOmsWgNW0BEY,Bohemian Rhapsody - Remastered 2011,Queen,A Night At The Opera,birthday,12484,rock,82,0.404,0.414,0.3,0.224,5.91,0
3omXshBamrREltcf24gYDC,First,Cold War Kids,Hold My Home,birthday,12484,blues,67,0.692,0.468,0.523,0.561,3.34,0
5ghIJDpPoe3CfHMGu71E6T,Smells Like Teen Spirit,Nirvana,Nevermind,birthday,12484,alt-rock,83,0.912,0.502,0.106,0.72,5.03,0
4P5KoWXOxwuobLmHXLMobV,Come As You Are,Nirvana,Nevermind,birthday,12484,alt-rock,79,0.824,0.5,0.0916,0.539,3.65,0
29tzJGvqJPTAFs6LXmsHoA,R U Mine?,Arctic Monkeys,AM,birthday,12484,garage,83,0.758,0.288,0.303,0.619,3.36,0
48q0vSHcJdhK3IiXH8C5WJ,Why'd You Only Call Me When You're High?,Arctic Monkeys,AM,birthday,12484,garage,88,0.631,0.691,0.104,0.8,2.69,0
3rq5w4bQGigXOfdN30ATJt,Do I Wanna Know?,Arctic Monkeys,AM,birthday,12484,garage,88,0.532,0.548,0.217,0.405,4.54,0
5g7rJvWYVrloJZwKiShqlS,Dirty Paws,Of Monsters and Men,My Head Is An Animal,birthday,12484,folk,70,0.649,0.359,0.0555,0.133,4.64,0
2ihCaVdNZmnHZWt0fvAM7B,Little Talks,Of Monsters and Men,My Head Is An Animal,birthday,12484,folk,0,0.76,0.446,0.319,0.346,4.44,0
3T76zPJz3tWL27FrjJe2ot,Lazaretto,Jack White,Lazaretto,birthday,12484,garage,58,0.838,0.381,0.101,0.581,3.66,0
5G1sTBGbZT5o4PNRc75RKI,Lonely Boy,The Black Keys,El Camino,birthday,12484,blues,73,0.872,0.356,0.0997,0.607,3.23,0
7aBAo2pO8LvrN8mGba7MvA,Icky Thump,The White Stripes,Icky Thump,birthday,12484,blues,67,0.63,0.417,0.0543,0.341,4.24,0
1jNOi6m3Hn8nLEeHCp5Msr,Seven Nation Army,The White Stripes,Elephant,birthday,12484,alt-rock,84,0.446,0.743,0.337,0.278,3.86,0
6RrXd9Hph4hYR4bf3dbM6H,My Girl,The Temptations,The Temptations Sing Smokey,HALLO,12485,funk,79,0.418,0.572,0.0961,0.694,2.75,0
78WVLOP9pN0G3gRLFy1rAa,Piano Man,Billy Joel,Piano Man,HALLO,12485,folk,77,0.55,0.331,0.192,0.429,5.6,0
1fDsrQ23eTAVFElUMaf38X,American Pie,Don McLean,American Pie,HALLO,12485,folk,0,0.563,0.461,0.302,0.477,8.61,0
49fzPkBb3aOUWYRKaTWVhm,Hit the Road Jack,Ray Charles,Georgia On My Mind,HALLO,12485,blues,70,0.571,0.598,0.513,0.962,1.97,0
4BGJSbB5rAcg4pNzD4gfxU,Tiny Dancer,Elton John,Madman Across The Water,HALLO,12485,piano,78,0.428,0.414,0.148,0.282,6.28,0
6NxsCnLeLd8Ai1TrgGxzIx,Bad Moon Rising,Creedence Clearwater Revival,Green River,HALLO,12485,country,1,0.769,0.508,0.063,0.939,2.36,0
50ZhLFpAf5nWUH9GlCwrWn,Let's Twist Again,Chubby Checker,Cameo Parkway - The Best Of Chubby Checker (Original Hit Recordings),HALLO,12485,r-n-b,68,0.709,0.604,0.0551,0.907,2.28,0
3yrSvpt2l1xhsV9Em88Pul,Brown Eyed Girl,Van Morrison,Blowin' Your Mind!,HALLO,12485,folk,80,0.583,0.491,0.406,0.908,3.06,0
5qyq1H5OPMlfuvZQ1wQNo7,(Your Love Keeps Lifting Me) Higher & Higher,Jackie Wilson,Higher And Higher,HALLO,12485,blues,72,0.677,0.634,0.0902,0.939,2.99,0
5bQduNI1lNfkNbDCKhBNX6,You Can't Hurry Love,The Supremes,The Supremes A' Go-Go,HALLO,12485,disco,74,0.711,0.63,0.0813,0.659,2.8,0
3haZcHm3HydDVxm3je3Zmg,"Help Me, Rhonda",The Beach Boys,Summer Days (And Summer Nights),HALLO,12485,psych-rock,29,0.716,0.528,0.0552,0.851,2.8,0
5GMw6X6BbCDGO9gApQYRSa,You've Lost That Lovin' Feelin',The Righteous Brothers,The Very Best Of The Righteous Brothers - Unchained Melody,HALLO,12485,rock-n-roll,59,0.317,0.366,0.0865,0.398,3.75,0
4bykJp7dORR4GoLCZiQbU0,Take A Chance On Me,ABBA,The Album,HALLO,12485,swedish,74,0.675,0.684,0.242,0.924,4.07,0
5SZ6zX4rOrEQferfFC2MfP,Walk This Way,Aerosmith,Toys In The Attic,HALLO,12485,hard-rock,75,0.73,0.653,0.0754,0.894,3.67,0
1xOXXYh6lTW8laxlW7JP2J,Only the Good Die Young,Billy Joel,The Stranger (30th Anniversary Legacy Edition),HALLO,12485,piano,68,0.872,0.579,0.0935,0.761,3.93,0
3QEkTxcsLUPfE33cRZ4y2K,Let's Stay Together,Al Green,Let's Stay Together,HALLO,12485,blues,31,0.401,0.756,0.0541,0.52,3.32,0
0Rphayj7XHRoQFEwBwlZMC,Chantilly Lace,The Big Bopper,The Day the Music Died: In Memory of the Big Bopper,HALLO,12485,rockabilly,58,0.806,0.489,0.0687,0.944,2.4,0
3jYRpwbctfqB77uU7T7K3U,Caught Up In You,38 Special,Special Forces,HALLO,12485,country,3,0.787,0.361,0.0421,0.889,4.66,0
7gMOe0gXYcELUoVugfMmHP,You May Be Right,Billy Joel,Glass Houses,HALLO,12485,piano,65,0.945,0.567,0.35,0.961,4.22,0
4ebcE2SmkG7nplvzFAWRu7,What I Like About You,The Romantics,The Romantics,HALLO,12485,power-pop,69,0.942,0.514,0.17,0.912,2.92,0
4Z1fbYp0HuxLBje4MOZcSD,Twist And Shout - Remastered 2009,The Beatles,Please Please Me,HALLO,12485,british,75,0.849,0.482,0.0414,0.937,2.59,0
30qVCFYKBtAENjTIBA8FPZ,The River of Dreams,Billy Joel,River Of Dreams,HALLO,12485,piano,65,0.749,0.631,0.0667,0.437,4.13,0
3b0EOvScbZUc0qJx0E1L2z,I Want You Back,The Jackson 5,Diana Ross Presents The Jackson 5,HALLO,12485,soul,77,0.538,0.469,0.37,0.886,2.94,0
0J6mQxEZnlRt9ymzFntA6z,Livin' On A Prayer,Bon Jovi,Slippery When Wet,HALLO,12485,metal,1,0.89,0.527,0.222,0.818,4.15,0
0wqxdcJoEYmDzQEykl7mU1,I'll Be There For You,Bon Jovi,New Jersey,HALLO,12485,metal,3,0.797,0.348,0.0876,0.279,5.78,0
5DH7nDryMhpixm4G4B7RP9,The Longest Time,Billy Joel,An Innocent Man,HALLO,12485,piano,68,0.333,0.637,0.147,0.588,3.63,0
4kbj5MwxO1bq9wjT5g9HaA,Shut Up and Dance,WALK THE MOON,TALKING IS HARD,HALLO,12485,alt-rock,83,0.866,0.578,0.257,0.619,3.32,0
4bHsxqR3GMrXTxEPLuK5ue,Don't Stop Believin',Journey,Escape,HALLO,12485,hard-rock,83,0.748,0.5,0.447,0.514,4.18,0
76N7FdzCI9OsiUnzJVLY2m,Rumour Has It,Adele,21,HALLO,12485,british,67,0.749,0.612,0.167,0.574,3.69,0
7o2CTH4ctstm8TNelqjb51,Sweet Child O' Mine,Guns N' Roses,Appetite For Destruction,HALLO,12485,hard-rock,84,0.91,0.454,0.116,0.629,5.93,0
6N1EjQjnvhOjFrF6oUmGPa,Summer Of '69,Bryan Adams,Reckless,HALLO,12485,rock,82,0.834,0.508,0.0732,0.774,3.62,0
2WfaOiMkCvy7F5fcp2zZ8L,Take On Me,a-ha,Hunting High And Low,HALLO,12485,synth-pop,0,0.931,0.524,0.0588,0.811,3.75,0
5tVA6TkbaAH9QMITTQRrNv,Free Fallin',Tom Petty,Full Moon Fever,HALLO,12485,folk,0,0.504,0.619,0.06,0.568,4.27,0
1HOMkjp0nHMaTnfAkslCQj,My Sharona,The Knack,Get The Knack,HALLO,12485,power-pop,75,0.7,0.586,0.0318,0.897,4.92,0
5rX6C5QVvvZB7XckETNych,All Summer Long,Kid Rock,Rock N Roll Jesus,HALLO,12485,alternative,0,0.865,0.701,0.0956,0.88,4.96,0
2TRFIQpTqq12xGpFJEr0Ft,Worth It,Fifth Harmony,Reflection,HALLO,12485,dance,64,0.78,0.858,0.133,0.602,3.74,0
2vW5tqS1EFel9yYOQ7WZmE,Ex's & Oh's,Elle King,Love Stuff,HALLO,12485,blues,73,0.921,0.612,0.0576,0.446,3.37,0
0ZUo4YjG4saFnEJhdWp9Bt,Before He Cheats,Carrie Underwood,Some Hearts,HALLO,12485,country,78,0.749,0.519,0.119,0.29,3.33,0
3KYiA4vq6RPO1dE2XROXd8,You Give Love A Bad Name,Bon Jovi,Slippery When Wet,HALLO,12485,metal,1,0.964,0.532,0.359,0.804,3.71,0
567EwOGPAXg7Y9DQZTEFEE,Here I Go Again,Whitesnake,Saint's and Sinners [Remastered],HALLO,12485,british,58,0.877,0.484,0.14,0.687,5.14,0
6i0V12jOa3mr6uu4WYhUBr,Heathens,Twenty One Pilots,Heathens,HALLO,12485,rock,81,0.396,0.732,0.105,0.548,3.27,0
1QV6tiMFM6fSOKOGLMHYYg,Poker Face,Lady Gaga,The Fame,HALLO,12485,dance,3,0.818,0.851,0.0945,0.808,3.95,0
1i1OuCNhNf7JwrlWlFZFu1,That's Not My Name,The Ting Tings,We Started Nothing,HALLO,12485,punk,58,0.901,0.755,0.363,0.959,5.18,0
6uQKuonTU8VKBz5SHZuQXD,This Is How We Do It,Montell Jordan,This Is How We Do It,HALLO,12485,j-dance,66,0.702,0.791,0.423,0.789,3.98,0
7oK9VyNzrYvRFo7nQEYkWN,Mr. Brightside,The Killers,Hot Fuss,HALLO,12485,alt-rock,2,0.931,0.344,0.0903,0.251,3.71,0
5edBgVtRD0fvWk140Sl21T,Counting Stars,OneRepublic,Native,HALLO,12485,piano,83,0.705,0.664,0.118,0.477,4.29,0
1PZrHbJjt5t7dP9OGRxcD0,Dale Don Dale,Don Omar,The Last Don,HALLO,12485,hip-hop,1,0.818,0.831,0.0892,0.819,3.54,0
1Co1RNm1i1RL9v1VeShNO3,Dancing On My Own,Robyn,Body Talk Pt. 1,HALLO,12485,swedish,64,0.857,0.674,0.0942,0.278,4.81,0
3oHNJECGN3bBoGXejlw2b1,Last Friday Night (T.G.I.F.),Katy Perry,Teenage Dream,HALLO,12485,dance,0,0.817,0.65,0.658,0.728,3.84,0
03fT3OHB9KyMtGMt2zwqCT,Play It Again,Luke Bryan,Crash My Party,Country,12486,country,75,0.886,0.506,0.0734,0.595,3.78,0
0yD66650JxhqKbW76C2qCo,Country Girl (Shake It For Me),Luke Bryan,Tailgates & Tanlines,Country,12486,country,2,0.904,0.644,0.0834,0.672,3.76,0
7f08qp3HROTkfrtNpiYGGo,Dirt On My Boots,Jon Pardi,California Sunrise,Country,12486,country,0,0.796,0.683,0.197,0.533,3.36,0
6ZOPiKQeibCn7fP8dncucL,Blue Ain't Your Color,Keith Urban,Ripcord,Country,12486,country,53,0.416,0.69,0.102,0.479,3.84,0
5kNe7PE09d6Kvw5pAsx23n,Die A Happy Man,Thomas Rhett,Tangled Up,Country,12486,country,1,0.389,0.59,0.117,0.389,3.79,0
2kfGoV9a5dbSKCNmUWH2ZF,Turning Page,Sleeping At Last,Turning Page,sleep playlist,12487,ambient,72,0.371,0.307,0.11,0.189,4.26,0
1Co1RNm1i1RL9v1VeShNO3,Dancing On My Own,Robyn,Body Talk Pt. 1,sleep playlist,12487,swedish,64,0.857,0.674,0.0942,0.278,4.81,0
5uCax9HTNlzGybIStD3vDh,Say You Won't Let Go,James Arthur,Back from the Edge,sleep playlist,12487,pop,85,0.557,0.358,0.0902,0.494,3.52,0
3XVBdLihbNbxUwZosxcGuJ,If I Ain't Got You,Alicia Keys,The Diary Of Alicia Keys,hi,12488,soul,80,0.444,0.609,0.104,0.166,3.81,0
62vpWI1CHwFy7tMIcSStl8,No Role Modelz,J. Cole,2014 Forest Hills Drive,hi,12488,hip-hop,88,0.521,0.69,0.0534,0.494,4.88,0
1ujbcTZIj5MSTFZZTgxX2Y,Agoraphobia,Deerhunter,Microcastle,Chill,12489,garage,48,0.942,0.579,0.655,0.394,3.38,0
5Xt3RUiOkiH2pGYtMTVeNS,Distant Lover,Marvin Gaye,Let's Get It On,Chill,12489,funk,0,0.437,0.376,0.686,0.465,4.27,0
4i13Vno2UPtn6kp2Ge9N2J,New Theory,Washed Out,Life Of Leisure,Chill,12489,synth-pop,53,0.865,0.549,0.147,0.355,2.81,0
6IE47jpPeatF2Iay7GZtEc,Feel It All Around,Washed Out,Life Of Leisure,Chill,12489,synth-pop,63,0.737,0.34,0.0699,0.499,3.2,0
0c2PGO2jIXKujocn5PTIQ2,Lloraras,Oscar D'León,Traicionera,Salsa,12490,salsa,0,0.751,0.708,0.0445,0.962,3.7,0
1TMxv8sfUhU55AC6Ul1PU5,Que Locura Enamorarme De Ti,Eddie Santiago,Atrevido Y Diferente,Salsa,12490,salsa,0,0.736,0.761,0.0746,0.942,5.13,0
2HbmLkHkkI15eES8kpWRuI,Ven Devórame Otra Vez,Lalo Rodriguez,Oro Salsero,Salsa,12490,salsa,0,0.719,0.704,0.313,0.961,5.19,0
7DfFc7a6Rwfi3YQMRbDMau,Thinkin Bout You,Frank Ocean,channel ORANGE,#tbt,12491,soul,78,0.339,0.721,0.0973,0.2,3.35,0
3pfXxHoydFRfD7IBGJTQAN,Pony,Ginuwine,R&B: From Doo-Wop To Hip-Hop,#tbt,12491,soul,73,0.605,0.749,0.115,0.966,4.2,0
1j8z4TTjJ1YOdoFEDwJTQa,Ain't It Fun,Paramore,Paramore,Yeah,12492,emo,1,0.893,0.606,0.021,0.671,4.94,0
4CbKVDZkYKdv69I4bCaKUq,Hero,Skillet,Awake,Yeah,12492,alt-rock,72,0.967,0.533,0.336,0.782,3.11,0
1dv3ePjze9tPq2pk8eWJdR,Gimme Shelter,The Rolling Stones,Let It Bleed,Yeah,12492,british,0,0.63,0.634,0.169,0.489,4.51,0
7KXjTSCq5nL1LoYtL7XAwS,HUMBLE.,Kendrick Lamar,DAMN.,Yeah,12492,hip-hop,84,0.621,0.908,0.0958,0.421,2.95,1
4MteadAdoJXNnuBIa0Q1ZK,Prayer In C,Lilly Wood and The Prick,Invincible Friends,Boston,12493,french,51,0.141,0.693,0.113,0.091,3.17,0
2WfaOiMkCvy7F5fcp2zZ8L,Take On Me,a-ha,Hunting High And Low,lit,12494,synth-pop,0,0.931,0.524,0.0588,0.811,3.75,0
5kErKPSPv8EgdZ04R3el1K,It's Raining Men,The Weather Girls,It's Raining Men,lit,12494,disco,64,0.925,0.682,0.702,0.611,3.54,0
5ghIJDpPoe3CfHMGu71E6T,Smells Like Teen Spirit,Nirvana,Nevermind,lit,12494,alt-rock,83,0.912,0.502,0.106,0.72,5.03,0
0ttzxgMGSoJn15qxsS4laB,UFO - Trap Edit,Vigiland,UFO,It's A Trap,12495,electronic,55,0.608,0.731,0.102,0.358,1.79,0
2UYhCz40fGREF576lPMtQ2,DJ Turn It Up,Yellow Claw,Yellow Claw,It's A Trap,12495,electronic,64,0.695,0.829,0.112,0.369,3.53,0
4pPTSOYhY7k6iEkEVpnKMy,Propaganda,DJ Snake,Propaganda,It's A Trap,12495,electronic,51,0.928,0.653,0.649,0.239,4.14,0
4Ijr3J0lnLCGZvpXBiqCjU,Bap U,Party Favor,Bap U,It's A Trap,12495,electronic,59,0.953,0.668,0.0834,0.254,2.56,0
19YKaevk2bce4odJkP5L22,Nikes,Frank Ocean,Blonde,chill vibes,12496,soul,72,0.395,0.633,0.108,0.123,5.23,0
2ZWlPOoWh0626oTaHrnl2a,Ivy,Frank Ocean,Blonde,chill vibes,12496,soul,81,0.386,0.575,0.229,0.466,4.15,1
3xKsf9qdS1CyvXSMEid6g8,Pink + White,Frank Ocean,Blonde,chill vibes,12496,soul,85,0.545,0.545,0.417,0.549,3.08,0
0URwDXq4hWb508y6RFFMsU,Tú Sigues Siendo el Mismo,Angelica Maria,20 Grandes Exitos,Divas,12497,rock-n-roll,30,0.206,0.591,0.213,0.442,4.5,0
4A7qcJp2Sg867JST1pSPJz,Promises,NERO,Welcome Reality,Beats,12498,drum-and-bass,56,0.943,0.484,0.593,0.345,4.29,0
7vYutw14Ch1Ee1ZmU7gLQ7,Everyday - Netsky Remix,Rusko,Everyday/Lick The Lizard,Beats,12498,dub,50,0.934,0.363,0.329,0.132,4.19,0
5WSL7UTa38jMWoBzObD4BD,I Can't Stop,Flux Pavilion,I Can't Stop,Beats,12498,dub,56,0.775,0.513,0.409,0.205,5.1,0
4328LiswXNpXdT57eYFFJN,You Wanted More,Tonic,Sugar,Beats,12498,grunge,0,0.949,0.336,0.237,0.597,3.85,0
2BndJYJQ17UcEeUFJP5JmY,Paradise Circus,Massive Attack,Heligoland,Beats,12498,electronic,62,0.591,0.81,0.072,0.297,4.96,0
2SPTGg9SC5MT1FwNX4IYfx,Greenland,Emancipator,Safe In the Steep Cliffs,Beats,12498,trip-hop,54,0.392,0.592,0.427,0.105,3.18,0
6DsGpDGIDRv8EFGgW10T1p,Nevergreen,Emancipator,Safe In the Steep Cliffs,Beats,12498,trip-hop,49,0.42,0.511,0.152,0.239,3.6,0
7cHRys0Lhk9642dLaPUMkm,Soon It Will Be Cold Enough to Build Fires,Emancipator,Soon It Will Be Cold Enough,Beats,12498,trip-hop,50,0.467,0.707,0.0957,0.419,3.01,0
2EQhNdnP2LT96NnkkKkm0N,Bass Head,Bassnectar,Timestretch,Beats,12498,breakbeat,45,0.678,0.732,0.108,0.0611,6.61,0
1Co1RNm1i1RL9v1VeShNO3,Dancing On My Own,Robyn,Body Talk Pt. 1,Beats,12498,swedish,64,0.857,0.674,0.0942,0.278,4.81,0
5B03nSG8pLE48jh7kmasuL,Levels - Radio Edit,Avicii,True,Beats,12498,edm,79,0.889,0.584,0.309,0.464,3.37,0
0DIekYoiwwr1kkTUGmQlSL,Strobe - Radio Edit,deadmau5,Strobe,Beats,12498,electronic,53,0.706,0.649,0.163,0.0736,3.53,0
4eLSCSELtKxZwXnFbNLXT5,On Top Of The World,Imagine Dragons,Night Visions,Beats,12498,rock,0,0.925,0.588,0.0881,0.759,3.16,0
3xqF04FdMK7gpIPG3SPFpY,It's Time,Imagine Dragons,Night Visions,Beats,12498,rock,72,0.884,0.656,0.144,0.86,3.97,0
2Atzk0W2RHeZw2oIiaBubK,Tommy's Theme - Original,Noisia,Split the Atom (Special Edition),Beats,12498,breakbeat,40,0.727,0.497,0.124,0.191,4.67,0
1V6gIisPpYqgFeWbMLI0bA,Heart Attack,Demi Lovato,Demi,Beats,12498,dance,78,0.785,0.504,0.239,0.502,3.51,0
18hTbh3xszreJlzMmi0Kbi,Sad Machine,Porter Robinson,Worlds,Beats,12498,dub,60,0.706,0.47,0.0726,0.327,5.84,0
2zsWRxMcUdGjj8TnWkVKw0,Hypnotic,Zella Day,Kicker,Beats,12498,indie-pop,66,0.724,0.637,0.299,0.414,2.95,0
1jyddn36UN4tVsJGtaJfem,You Are the Best Thing,Ray LaMontagne,Gossip In The Grain,bands,12499,acoustic,67,0.727,0.578,0.172,0.885,3.86,0
59d5hUNA6yvQZuFa1D5F50,What If,Five For Fighting,Bookmarks,bands,12499,acoustic,55,0.895,0.565,0.101,0.592,3.45,0
1q74TesvRCIo5RvJM5B84F,She Is Love,Parachute,Losing Sleep,bands,12499,acoustic,60,0.174,0.629,0.118,0.305,2.43,0
2WZyfujzMweFLnozyUJBkW,Boston,Augustana,All The Stars and Boulevards,bands,12499,acoustic,63,0.571,0.404,0.129,0.29,4.1,0
5rwq6R0Uq0BngM3rdmCeNg,Collide - Acoustic Version,Howie Day,Stop All The World Now (SPECIAL EDITION VERSION),bands,12499,acoustic,67,0.253,0.582,0.091,0.294,4.6,0
38YgZVHPWOWsKrsCXz6JyP,Come On Get Higher,Matt Nathanson,Some Mad Hope,bands,12499,acoustic,71,0.623,0.672,0.0848,0.617,3.59,0
2jdAk8ATWIL3dwT47XpRfu,Slow Dancing in a Burning Room,John Mayer,Continuum,bands,12499,singer-songwriter,74,0.361,0.667,0.0805,0.29,4.03,0
7L605WhF5EGf34ggj87yK6,You And Me,Lifehouse,Lifehouse,bands,12499,alt-rock,1,0.427,0.459,0.168,0.357,3.26,0
0wqOReZDnrefefEsrIGeR4,Hanging By A Moment,Lifehouse,No Name Face,bands,12499,grunge,63,0.858,0.537,0.0812,0.502,3.6,0
234RqTZmnDTnxWlVciXHLD,It's Not Over,Daughtry,Daughtry (Deluxe Edition),bands,12499,grunge,52,0.92,0.426,0.245,0.296,3.58,0
0eKyHwckh9vQb8ncZ2DXCs,With Arms Wide Open,Creed,Human Clay,bands,12499,grunge,56,0.533,0.415,0.176,0.126,4.58,0
5edBgVtRD0fvWk140Sl21T,Counting Stars,OneRepublic,Native,bands,12499,piano,83,0.705,0.664,0.118,0.477,4.29,0
48s0QHJgmiNsth3WEO6U4M,Stop And Stare,OneRepublic,Dreaming Out Loud,bands,12499,piano,0,0.866,0.329,0.0869,0.257,3.73,0
1fZhHANKVFNZ9W8iSh76gF,Stolen,Dashboard Confessional,Dusk And Summer,bands,12499,emo,37,0.638,0.445,0.105,0.15,3.32,0
4BbXg5wQqVNPbVEGpjsVnv,All I Wanted,Paramore,brand new eyes,bands,12499,emo,41,0.723,0.494,0.134,0.152,3.76,0
03WuFsWpkytZ6c5iidS8Im,Bloodstream,Stateless,Stateless,bands,12499,british,57,0.463,0.701,0.073,0.352,5.23,0
1eyzqe2QqGZUmfcPZtrIyt,Midnight City,M83,"Hurry Up, We're Dreaming",bands,12499,french,76,0.729,0.507,0.0658,0.272,4.02,0
3GhsBdS9ulPK3KCdwHRPhG,Nothing's Gonna Hurt You Baby,Cigarettes After Sex,I.,bands,12499,ambient,72,0.33,0.508,0.114,0.101,4.77,0
4mYjDXwOUL8sxWepdrnE6U,Dreaming of You,Cigarettes After Sex,I.,bands,12499,ambient,63,0.398,0.298,0.136,0.174,5.37,0
2xfRDWDKOisEXgRnYI58Tb,Starry Eyes,Cigarettes After Sex,I.,bands,12499,ambient,62,0.362,0.419,0.0687,0.114,3.43,0
4eVNSHRazoHgfYGv3AYFyZ,Affection,Cigarettes After Sex,Affection,bands,12499,ambient,67,0.417,0.403,0.105,0.251,5.18,0
3Z9PJ6xiEGmcqo2hESEB5n,Bitter Sweet Symphony,The Verve,Urban Hymns,bands,12499,alt-rock,80,0.917,0.356,0.406,0.518,5.95,0
5PsUB0ISfQxRLhF5DmI5Ks,Don't Speak,No Doubt,Tragic Kingdom,bands,12499,alt-rock,0,0.752,0.508,0.142,0.554,4.38,0
4MxZW1XEcPuIZmkANsJabC,Party Up,DMX,...And Then There Was X,Go Time,12501,hardcore,72,0.931,0.51,0.5,0.53,4.48,1
1jH2IzZ7JnixFoGG6XSnpf,Rollin' (Air Raid Vehicle),Limp Bizkit,Chocolate Starfish And The Hot Dog Flavored Water,Go Time,12501,funk,76,0.933,0.603,0.206,0.709,3.56,0
2bRXehD283NioREYxlohc4,Lights - Single Version,Ellie Goulding,Bright Lights,Go Time,12501,dance,0,0.802,0.681,0.127,0.791,3.51,0
4MjJlPgUYMQjvHOQq0uvOv,Better Off Dead,Sleeping With Sirens,Madness,emo,12502,metalcore,62,0.969,0.239,0.452,0.245,3.06,0
6t44iU80A0h8WQ7vc4OoRj,Fake Happy,Paramore,After Laughter,emo,12502,emo,64,0.626,0.734,0.168,0.44,3.93,0
4Hf7WnR761jpxPr5D46Bcd,Treat You Better,Shawn Mendes,Illuminate,grad party,12503,dance,84,0.819,0.444,0.107,0.747,3.13,0
27SdWb2rFzO6GWiYDBTD9j,Cheap Thrills,Sia,This Is Acting,grad party,12503,dance,78,0.698,0.628,0.0907,0.732,3.53,0
0EMmVUYs9ZZRHtlADB88uz,Come On Eileen,Dexys Midnight Runners,Too Rye Ay,grad party,12503,ska,2,0.769,0.45,0.306,0.604,4.79,0
0BCy325UZyR9z0t0uxwn2N,H.O.L.Y.,Florida Georgia Line,Dig Your Roots,grad party,12503,country,71,0.666,0.523,0.0728,0.564,3.24,0
2DpCdPMg1BADE4HDnxt3Rd,"Sit Still, Look Pretty",Daya,"Sit Still, Look Pretty",grad party,12503,dance,63,0.787,0.655,0.178,0.554,3.37,0
0IF0vGwaJQ8ZCh0QxhW6OV,Man! I Feel Like A Woman!,Shania Twain,Come On Over,grad party,12503,country,3,0.889,0.654,0.297,0.73,3.88,0
2GiJYvgVaD2HtM8GqD9EgQ,Electric Love,BØRNS,Dopamine,grad party,12503,rock,82,0.797,0.611,0.26,0.518,3.64,0
2l57cfmCnOkwNX1tky02n1,Move Along,The All-American Rejects,Move Along,grad party,12503,punk-rock,61,0.92,0.526,0.371,0.615,3.98,0
12qZHAeOyTf93YAWvGDTat,All The Small Things,blink-182,Enema Of The State,grad party,12503,punk-rock,2,0.9,0.442,0.395,0.609,2.8,0
3SqOC9IRDYGSq9cH6K2GQI,The Anthem,Good Charlotte,Good Charlotte/The Young And The Hopeless,grad party,12503,metal,74,0.939,0.494,0.139,0.893,2.92,0
6GIrIt2M39wEGwjCQjGChX,The Great Escape,Boys Like Girls,Boys Like Girls,grad party,12503,punk-rock,55,0.94,0.423,0.178,0.505,3.44,0
46lFttIf5hnUZMGvjK0Wxo,Runaway (U & I),Galantis,Pharmacy,grad party,12503,edm,75,0.805,0.506,0.0856,0.383,3.78,0
1AhDOtG9vPSOmsWgNW0BEY,Bohemian Rhapsody - Remastered 2011,Queen,A Night At The Opera,grad party,12503,rock,82,0.404,0.414,0.3,0.224,5.91,0
4EnkwZd0UJAuHpNMMemQaA,Closing Time,Semisonic,Feeling Strangely Fine,grad party,12503,alt-rock,0,0.854,0.478,0.115,0.274,4.56,0
0k2GOhqsrxDTAbFFSdNJjT,Temperature,Sean Paul,The Trinity,grad party,12503,dance,79,0.6,0.951,0.0712,0.822,3.64,0
3mcG2NI5G5vhrQtRda1YnA,The Middle,Jimmy Eat World,Bleed American,grad party,12503,alt-rock,0,0.848,0.644,0.0676,0.928,2.8,0
2TfSHkHiFO4gRztVIkggkE,"Sugar, We're Goin Down",Fall Out Boy,From Under The Cork Tree,grad party,12503,emo,2,0.887,0.5,0.114,0.631,3.82,0
18GC3F8YPGB8CePXcTUizQ,Thnks fr th Mmrs,Fall Out Boy,Infinity On High,grad party,12503,emo,2,0.897,0.458,0.103,0.602,3.39,0
6MjljecHzHelUDismyKkba,Everytime We Touch - Radio Edit,Cascada,Everytime We Touch,grad party,12503,german,63,0.977,0.64,0.371,0.493,3.32,0
5oQcOu1omDykbIPSdSQQNJ,1985,Bowling For Soup,A Hangover You Don't Deserve,grad party,12503,punk-rock,71,0.887,0.606,0.337,0.903,3.22,0
6sKAs2tdtTVTO2U0IgJAur,Emergency,Icona Pop,Emergency,grad party,12503,synth-pop,56,0.969,0.834,0.0635,0.928,2.83,0
6FE2iI43OZnszFLuLtvvmg,Classic,MKTO,MKTO,grad party,12503,rock,82,0.791,0.72,0.157,0.756,2.92,0
015IsLQFXbEm0f541N2qoX,Red Lights,Tiësto,A Town Called Paradise,grad party,12503,trance,66,0.83,0.654,0.121,0.548,4.37,0
6nGwWIh0ATJqK9cXbLqDw8,Everyone Falls In Love,Tanto Metro & Devonte,Everyone Falls In Love,grad party,12503,j-dance,20,0.509,0.789,0.0436,0.578,3.81,0
5rX6C5QVvvZB7XckETNych,All Summer Long,Kid Rock,Rock N Roll Jesus,grad party,12503,alternative,0,0.865,0.701,0.0956,0.88,4.96,0
4kbj5MwxO1bq9wjT5g9HaA,Shut Up and Dance,WALK THE MOON,TALKING IS HARD,grad party,12503,alt-rock,83,0.866,0.578,0.257,0.619,3.32,0
4bPQs0PHn4xbipzdPfn6du,I Write Sins Not Tragedies,Panic! At The Disco,A Fever You Can't Sweat Out,grad party,12503,rock,3,0.792,0.565,0.114,0.639,3.13,0
2iUmqdfGZcHIhS3b9E9EWq,Everybody Talks,Neon Trees,Picture Show,grad party,12503,alt-rock,80,0.924,0.471,0.313,0.725,2.95,0
68pN2UQYhwQgPy7VrCFKuV,In Too Deep,Sum 41,"All Killer, No Filler",grad party,12503,punk,76,0.844,0.568,0.0607,0.766,3.45,1
6RrXd9Hph4hYR4bf3dbM6H,My Girl,The Temptations,The Temptations Sing Smokey,Classics,12505,funk,79,0.418,0.572,0.0961,0.694,2.75,0
7DJsL4jyXA39GDiHFQYQ0t,Mess Around,Ray Charles,Ray Charles (aka Hallelujah I Love Her So),Classics,12505,blues,0,0.962,0.565,0.056,0.906,2.67,0
40dJCw4xU6Bd5ie9rfagNo,Everybody Wants To Rule The World,Tears For Fears,Songs From The Big Chair,80s,12506,synth-pop,87,0.795,0.645,0.104,0.535,4.19,0
4gvea7UlDkAvsJBPZAd4oB,The Boys Of Summer,Don Henley,Building The Perfect Beast,80s,12506,country,1,0.775,0.516,0.21,0.858,4.81,0
78WVLOP9pN0G3gRLFy1rAa,Piano Man,Billy Joel,Piano Man,80s,12506,folk,77,0.55,0.331,0.192,0.429,5.6,0
2wVXSc0IrQVodHESUxVUJA,Losing My Religion,R.E.M.,Out Of Time,80s,12506,alt-rock,0,0.854,0.666,0.0986,0.803,4.47,0
7o7E1nrHWncYY7PY94gCiX,Video Killed The Radio Star,The Buggles,The Age Of Plastic,80s,12506,synth-pop,72,0.678,0.68,0.204,0.251,4.23,0
1ynmMEK1fkyiZ6Z6F3ThEt,Centerfold,The J. Geils Band,Freeze Frame,80s,12506,blues,74,0.677,0.653,0.403,0.888,3.61,0
5uRsBdLhn91AYcsTCOGNOC,Sunglasses At Night,Corey Hart,First Offense,80s,12506,synth-pop,62,0.609,0.686,0.113,0.719,5.33,0
4NbAG8EAR5ZPr19hu1Qm54,Come On Eileen,Dexys Midnight Runners,80s Triple Set,80s,12506,ska,2,0.769,0.45,0.306,0.604,4.05,0
3Cx4yrFaX8CeHwBMReOWXI,We Didn't Start the Fire,Billy Joel,Storm Front,80s,12506,piano,76,0.967,0.712,0.356,0.895,4.8,0
709JP07qJbz95uMOLHYlWu,99 Luftballons,Nena,2 in 1 Nena,80s,12506,german,27,0.467,0.636,0.117,0.58,3.86,0
3BGbqEDio3ocx1v4egIYr6,Walk Like an Egyptian,The Bangles,Different Light,80s,12506,disco,63,0.891,0.724,0.3,0.818,3.41,0
3vV3cr2TpPqFk07zxYUbla,Cum on Feel the Noize,Quiet Riot,Metal Health,80s,12506,hard-rock,72,0.92,0.409,0.0823,0.37,4.85,0
3TjlMH27nWbY3veJ8fHdaD,Caribbean Queen (No More Love On the Run),Billy Ocean,Here You Are: The Best of Billy Ocean,80s,12506,disco,69,0.649,0.79,0.092,0.954,4.07,0
5e3YOg6fIkP0wD5TyxcHOH,Cult of Personality,Living Colour,Vivid,80s,12506,alt-rock,68,0.918,0.504,0.78,0.539,4.91,0
3ZI3sK9ZJB3LOiZtCs9l3p,Every Time You Go Away,Paul Young,The Secret Of Association,80s,12506,disco,61,0.604,0.608,0.106,0.673,5.41,0
0YqhqbLNpfQetrwuLaVTiK,Oh Girl,Paul Young,Other Voices (Expanded Edition),80s,12506,synth-pop,56,0.575,0.57,0.0823,0.421,3.61,0
0J6mQxEZnlRt9ymzFntA6z,Livin' On A Prayer,Bon Jovi,Slippery When Wet,oldies,12507,metal,1,0.89,0.527,0.222,0.818,4.15,0
3KYiA4vq6RPO1dE2XROXd8,You Give Love A Bad Name,Bon Jovi,Slippery When Wet,oldies,12507,metal,1,0.964,0.532,0.359,0.804,3.71,0
2fY6tqgrlrg1ky9fgs0t5u,Wanted Dead Or Alive,Bon Jovi,Slippery When Wet,oldies,12507,metal,2,0.818,0.265,0.323,0.251,5.14,0
4bSWx86yHmy6OOMsQPU60F,I'm On Fire,Bruce Springsteen,Born In The U.S.A.,oldies,12507,singer-songwriter,74,0.446,0.62,0.0727,0.868,2.57,0
2zYzyRzz6pRmhPzyfMEC8s,Highway to Hell,AC/DC,Highway to Hell,oldies,12507,hard-rock,85,0.913,0.574,0.156,0.423,3.47,0
7LRMbd3LEoV5wZJvXT1Lwb,T.N.T.,AC/DC,High Voltage,oldies,12507,hard-rock,78,0.759,0.754,0.101,0.435,3.58,0
08mG3Y1vljYA6bvDt4Wqkj,Back In Black,AC/DC,Back In Black,oldies,12507,hard-rock,85,0.7,0.31,0.0828,0.763,4.26,0
4DMKwE2E2iYDKY01C335Uw,Carry on Wayward Son,Kansas,Leftoverture,oldies,12507,hard-rock,76,0.786,0.482,0.446,0.793,5.38,0
1QEEqeFIZktqIpPI4jSVSF,More Than a Feeling,Boston,Boston,oldies,12507,country,79,0.681,0.377,0.0504,0.285,4.75,0
69QHm3pustz01CJRwdo20z,Hells Bells,AC/DC,Back In Black,oldies,12507,hard-rock,74,0.873,0.389,0.273,0.303,5.2,0
4bHsxqR3GMrXTxEPLuK5ue,Don't Stop Believin',Journey,Escape,oldies,12507,hard-rock,83,0.748,0.5,0.447,0.514,4.18,0
4EnkwZd0UJAuHpNMMemQaA,Closing Time,Semisonic,Feeling Strangely Fine,oldies,12507,alt-rock,0,0.854,0.478,0.115,0.274,4.56,0
27L8sESb3KR79asDUBu8nW,Stacy's Mom,Fountains Of Wayne,Welcome Interstate Managers,oldies,12507,alt-rock,76,0.75,0.774,0.0808,0.927,3.3,0
6RrXd9Hph4hYR4bf3dbM6H,My Girl,The Temptations,The Temptations Sing Smokey,oldies,12507,funk,79,0.418,0.572,0.0961,0.694,2.75,0
71SvEDmsOwIWw1IozsZoMA,Any Way You Want It,Journey,Departure,oldies,12507,hard-rock,73,0.932,0.529,0.136,0.571,3.36,0
1HOMkjp0nHMaTnfAkslCQj,My Sharona,The Knack,Get The Knack,oldies,12507,power-pop,75,0.7,0.586,0.0318,0.897,4.92,0
4DRBaZ760gyk7LWnaJFqsJ,I Want To Hold Your Hand - Remastered 2015,The Beatles,1,oldies,12507,british,72,0.715,0.49,0.311,0.866,2.43,0
5oQcOu1omDykbIPSdSQQNJ,1985,Bowling For Soup,A Hangover You Don't Deserve,oldies,12507,punk-rock,71,0.887,0.606,0.337,0.903,3.22,0
0bVtevEgtDIeRjCJbK3Lmv,Welcome To The Jungle,Guns N' Roses,Appetite For Destruction,oldies,12507,hard-rock,80,0.954,0.447,0.298,0.331,4.57,0
5aYVqxyetmT5OYmvZCA90X,Slow Ride,Foghat,Fool For The City,oldies,12507,blues,69,0.586,0.493,0.102,0.656,8.24,0
7o2CTH4ctstm8TNelqjb51,Sweet Child O' Mine,Guns N' Roses,Appetite For Destruction,oldies,12507,hard-rock,84,0.91,0.454,0.116,0.629,5.93,0
3YBZIN3rekqsKxbJc9FZko,Paradise City,Guns N' Roses,Appetite For Destruction,oldies,12507,hard-rock,79,0.952,0.273,0.142,0.472,6.82,0
6s0NHplywwr1IjnQpUpWJk,Bad To The Bone,George Thorogood & The Destroyers,BAD TO THE BONE,oldies,12507,blues,71,0.727,0.459,0.384,0.955,4.87,0
63OFKbMaZSDZ4wtesuuq6f,Born To Be Wild,Steppenwolf,Steppenwolf,oldies,12507,blues,73,0.71,0.438,0.221,0.53,3.51,0
0rRjGruFonCGOt0S5zAJNQ,The Other Side Of Paradise,Glass Animals,How To Be A Human Being,fall16,12508,indie-pop,72,0.338,0.689,0.0649,0.568,5.34,1
6i0V12jOa3mr6uu4WYhUBr,Heathens,Twenty One Pilots,Heathens,fall16,12508,rock,81,0.396,0.732,0.105,0.548,3.27,0
5dKyZWlgjWw1oJgLa4GCZD,Cool Girl,Tove Lo,Lady Wood,fall16,12508,electro,0,0.695,0.66,0.0752,0.204,3.32,1
60lwJa695S26FsYbhCVFVa,Hurts So Good,Astrid S,Astrid S,fall16,12508,dance,69,0.609,0.675,0.0957,0.378,3.48,0
7uSZPbd8DxdkmSauCKnITY,We Rise,San Holo,We Rise,fall16,12508,electronic,57,0.491,0.747,0.0837,0.827,4.44,0
2GiJYvgVaD2HtM8GqD9EgQ,Electric Love,BØRNS,Dopamine,fall16,12508,rock,82,0.797,0.611,0.26,0.518,3.64,0
6Xs7OKt6i0Ddq8B4M5Dgvr,New Americana,Halsey,BADLANDS,fall16,12508,electro,65,0.707,0.339,0.337,0.359,3.06,0
0prNGof3XqfTvNDxHonvdK,Scars To Your Beautiful,Alessia Cara,Know-It-All,fall16,12508,dance,74,0.739,0.319,0.111,0.449,3.84,0
4Ouhoi2lAhrLJKFzUqEzwl,Born To Die,Lana Del Rey,Born To Die - The Paradise Edition,fall16,12508,pop,6,0.636,0.206,0.217,0.394,4.76,0
4SRqDmPxYX0pUb5B5ut2Ri,So Sick,Ne-Yo,In My Own Words,fall16,12508,dance,3,0.682,0.679,0.287,0.59,3.45,0
7bJwvubZZaoGE1AGEfu8Fi,One Last Time,Ariana Grande,My Everything,albums,12509,dance,83,0.593,0.628,0.096,0.104,3.29,0
6Bm6qUCSatPAqkQllFL7oA,Unwell,Matchbox Twenty,More Than You Think You Are,Throwback songs,12510,grunge,66,0.788,0.256,0.707,0.429,3.81,0
6GQ3WTaNHMFlVmN4burGat,Butterfly,Crazy Town,The Gift Of Game,one hit wonders,12511,alt-rock,73,0.811,0.736,0.107,0.609,3.61,0
4LXDHgBC1mbz3uoehYxH9b,"Whenever, Wherever",Shakira,Laundry Service (Alben für die Ewigkeit),one hit wonders,12511,latin,75,0.832,0.794,0.203,0.871,3.27,0
7kTvXtMERxvwCGcWv68ssH,Sweat (A La La La La Long),Inner Circle,Bad To The Bone,one hit wonders,12511,reggae,72,0.728,0.787,0.157,0.94,3.78,0
0u4htORODiTK9vHVA89MQX,Lovefool - Radio Edit,The Cardigans,First Band On The Moon,one hit wonders,12511,swedish,0,0.686,0.645,0.143,0.941,3.23,0
4MloswMM3eu7dHZ7MOzW3i,Do You Know? (The Ping Pong Song),Enrique Iglesias,Insomniac,one hit wonders,12511,latin,55,0.765,0.755,0.0326,0.691,3.63,0
2dEJE18eoskLm4bjSW6kmY,Put Your Records On,Corinne Bailey Rae,Corinne Bailey Rae,Good Vibes,12514,british,0,0.506,0.736,0.134,0.563,3.56,0
6nLvaCZFR1wEzW3sIKpsnr,"Valerie - Live At BBC Radio 1 Live Lounge, London / 2007",Amy Winehouse,Back To Black,Good Vibes,12514,british,75,0.371,0.772,0.167,0.684,3.9,0
1W7zkKgRv9mrLbfdQ8XyH3,Gangsta,Kehlani,Suicide Squad: The Album,Renaissance,12515,dance,60,0.356,0.447,0.318,0.174,2.95,1
26ZX2JrAb8AFbr8FFfAsO7,sex,EDEN,i think you think too much of me,soft,12516,indie-pop,66,0.521,0.413,0.323,0.532,3.65,0
0ZAiqymvbQUZAh9y6ZT3Rm,XO,EDEN,i think you think too much of me,soft,12516,indie-pop,67,0.39,0.611,0.118,0.617,2.66,0
5l8oNQsDDPNFUIV5M4lzRJ,Free Animal,Foreign Air,Free Animal,Ethan,12517,alt-rock,57,0.583,0.577,0.0937,0.406,3.01,0
5dKyZWlgjWw1oJgLa4GCZD,Cool Girl,Tove Lo,Lady Wood,Ethan,12517,electro,0,0.695,0.66,0.0752,0.204,3.32,1
4vpeKl0vMGdAXpZiQB2Dtd,White Rabbit,Jefferson Airplane,Surrealistic Pillow,Vietnam,12518,blues,72,0.293,0.551,0.0864,0.322,2.51,0
4uGIJG1jYFonGc4LGp5uQL,Somebody to Love,Jefferson Airplane,Surrealistic Pillow,Vietnam,12518,blues,70,0.578,0.504,0.321,0.654,2.91,0
6IWxHgVbdKyUMydhVGXRaT,On The Road Again,Canned Heat,The Best Of Canned Heat,Vietnam,12518,psych-rock,51,0.156,0.496,0.232,0.205,3.44,0
4sFbojhVXQv7dBC9PVCcRn,Sympathy For The Devil,The Rolling Stones,Beggars Banquet,Vietnam,12518,british,1,0.67,0.636,0.0453,0.572,6.3,0
4BP3uh0hFLFRb5cjsgLqDh,Fortunate Son,Creedence Clearwater Revival,Willy And The Poor Boys,Vietnam,12518,country,0,0.663,0.64,0.152,0.665,2.35,0
6ojLvQLPun6Q21Uy6knmr8,Surfin' Bird,The Trashmen,Surfin' Bird,Vietnam,12518,garage,54,0.968,0.587,0.329,0.845,2.24,0
1dv3ePjze9tPq2pk8eWJdR,Gimme Shelter,The Rolling Stones,Let It Bleed,Vietnam,12518,british,0,0.63,0.634,0.169,0.489,4.51,0
63OFKbMaZSDZ4wtesuuq6f,Born To Be Wild,Steppenwolf,Steppenwolf,Vietnam,12518,blues,73,0.71,0.438,0.221,0.53,3.51,0
2aoo2jlRnM3A0NyLQqMN2f,All Along the Watchtower,Jimi Hendrix,Electric Ladyland,Vietnam,12518,blues,77,0.805,0.438,0.0842,0.564,4.01,0
6NxsCnLeLd8Ai1TrgGxzIx,Bad Moon Rising,Creedence Clearwater Revival,Green River,Vietnam,12518,country,1,0.769,0.508,0.063,0.939,2.36,0
1qRA5BS78u3gME0loMl9AA,For What It's Worth,Buffalo Springfield,Buffalo Springfield,Vietnam,12518,blues,78,0.519,0.653,0.101,0.822,2.56,0
52vA3CYKZqZVdQnzRrdZt6,The Times They Are A-Changin',Bob Dylan,The Times They Are A-Changin',Vietnam,12518,folk,67,0.396,0.389,0.0828,0.585,3.2,0
0rTkE0FmT4zT2xL6GXwosU,I Got You (I Feel Good),James Brown & The Famous Flames,I Got You (I Feel Good),Vietnam,12518,funk,1,0.522,0.603,0.0917,0.705,2.76,0
2BcvvHttiZRvguFM4hR398,Sunshine Of Your Love,Cream,Disraeli Gears,Vietnam,12518,blues,0,0.522,0.683,0.121,0.764,4.16,0
3Vby4nGmtbDo7HDJamOWkT,Stuck In The Middle With You,Stealers Wheel,Stealers Wheel,Vietnam,12518,folk,0,0.759,0.768,0.0531,0.96,3.48,0
5JcaA4A9ZoXthwEnxOxWvP,Psychotic Reaction,Count Five,Psychotic Reaction,Vietnam,12518,garage,56,0.753,0.358,0.266,0.688,3.09,0
3cfOd4CMv2snFaKAnMdnvK,All Star,Smash Mouth,Astro Lounge,road trippin,12520,alt-rock,0,0.867,0.731,0.0861,0.776,3.34,0
5EOoMWIB9iK4ZpcSex9Ec7,Old Time Rock & Roll,Bob Seger,Stranger In Town,road trippin,12520,country,74,0.937,0.714,0.0731,0.964,3.24,0
2zYzyRzz6pRmhPzyfMEC8s,Highway to Hell,AC/DC,Highway to Hell,road trippin,12520,hard-rock,85,0.913,0.574,0.156,0.423,3.47,0
0J6mQxEZnlRt9ymzFntA6z,Livin' On A Prayer,Bon Jovi,Slippery When Wet,road trippin,12520,metal,1,0.89,0.527,0.222,0.818,4.15,0
4bHsxqR3GMrXTxEPLuK5ue,Don't Stop Believin',Journey,Escape,road trippin,12520,hard-rock,83,0.748,0.5,0.447,0.514,4.18,0
4CJVkjo5WpmUAKp3R44LNb,Sweet Home Alabama,Lynyrd Skynyrd,Second Helping,road trippin,12520,blues,2,0.724,0.614,0.146,0.902,4.69,0
4DMKwE2E2iYDKY01C335Uw,Carry on Wayward Son,Kansas,Leftoverture,road trippin,12520,hard-rock,76,0.786,0.482,0.446,0.793,5.38,0
4y1LsJpmMti1PfRQV9AWWe,Girls Just Want to Have Fun,Cyndi Lauper,She's So Unusual,road trippin,12520,disco,79,0.799,0.71,0.349,0.725,3.97,0
3KYiA4vq6RPO1dE2XROXd8,You Give Love A Bad Name,Bon Jovi,Slippery When Wet,road trippin,12520,metal,1,0.964,0.532,0.359,0.804,3.71,0
3jYRpwbctfqB77uU7T7K3U,Caught Up In You,38 Special,Special Forces,road trippin,12520,country,3,0.787,0.361,0.0421,0.889,4.66,0
0EMmVUYs9ZZRHtlADB88uz,Come On Eileen,Dexys Midnight Runners,Too Rye Ay,road trippin,12520,ska,2,0.769,0.45,0.306,0.604,4.79,0
4w3tQBXhn5345eUXDGBWZG,9 to 5,Dolly Parton,9 To 5 And Odd Jobs,road trippin,12520,country,77,0.783,0.554,0.631,0.813,2.71,0
3Cx4yrFaX8CeHwBMReOWXI,We Didn't Start the Fire,Billy Joel,Storm Front,road trippin,12520,piano,76,0.967,0.712,0.356,0.895,4.8,0
0Utg7sirTPqrs6Cx0FbriQ,Chillin' It,Cole Swindell,Cole Swindell,Tailgate,12521,country,1,0.849,0.576,0.109,0.666,3.28,0
1cktZnxiONH0hR6Q3DKy8h,Drink In My Hand,Eric Church,Chief,Tailgate,12521,country,0,0.913,0.626,0.293,0.946,3.19,0
20qkS51sD3ZAzFIUryztcg,Pledge Allegiance To The Hag,Eric Church,Sinners Like Me,Tailgate,12521,country,0,0.644,0.588,0.0906,0.27,4.43,0
5pD1qwHvnKFcQ2qjwsoKYF,Day Drinking,Little Big Town,Pain Killer,Tailgate,12521,country,0,0.959,0.591,0.779,0.86,2.98,0
6aNwDe5YH5YUPlpHkku52w,Sunshine & Whiskey,Frankie Ballard,Sunshine & Whiskey,Tailgate,12521,country,0,0.737,0.67,0.325,0.753,3.04,0
359krpyCKcFF8SFvqWES9L,Wagon Wheel,Old Crow Medicine Show,O.C.M.S.,Tailgate,12521,bluegrass,67,0.403,0.621,0.114,0.634,3.87,0
5rX6C5QVvvZB7XckETNych,All Summer Long,Kid Rock,Rock N Roll Jesus,Tailgate,12521,alternative,0,0.865,0.701,0.0956,0.88,4.96,0
0yD66650JxhqKbW76C2qCo,Country Girl (Shake It For Me),Luke Bryan,Tailgates & Tanlines,Tailgate,12521,country,2,0.904,0.644,0.0834,0.672,3.76,0
4CJVkjo5WpmUAKp3R44LNb,Sweet Home Alabama,Lynyrd Skynyrd,Second Helping,Tailgate,12521,blues,2,0.724,0.614,0.146,0.902,4.69,0
7cgu4JBW3hq1GwTM1ilkKQ,Talking Body,Tove Lo,Queen Of The Clouds,??,12522,electro,67,0.761,0.736,0.0823,0.114,3.97,1
3VCmztoNt9AMNFnh70na3d,Not On Drugs,Tove Lo,Queen Of The Clouds,??,12522,synth-pop,47,0.635,0.7,0.135,0.594,3.04,1
4VrWlk8IQxevMvERoX08iC,Chandelier,Sia,1000 Forms Of Fear,??,12522,dance,80,0.787,0.399,0.0685,0.572,3.6,0
6ZT3coOj97F6CVvruPtnox,Your Soul,Hippie Sabotage,The Sunny Album (Deluxe Edition),??,12522,electronic,61,0.68,0.487,0.144,0.0752,5.41,0
4aJnMRNeuDZSQN7FaSNGtM,How Did I Get Here,ODESZA,Summer's Gone,??,12522,chill,60,0.579,0.707,0.408,0.357,2.19,0
0ZPfDxZn5O0L84wvPSN2iG,How Long Will I Love You - Bonus Track,Ellie Goulding,Halcyon Days,??,12522,indie-pop,66,0.304,0.512,0.118,0.172,2.57,0
2QjOHCTQ1Jl3zawyYOpxh6,Sweater Weather,The Neighbourhood,I Love You.,??,12522,alt-rock,93,0.807,0.612,0.101,0.398,4.01,0
0EfsDEYaSjGYd66Pr881nq,Cry Baby,The Neighbourhood,Wiped Out!,??,12522,alt-rock,74,0.656,0.581,0.101,0.338,3.92,0
07VBqWH6NG8L2ad3l84UKk,R.I.P. 2 My Youth,The Neighbourhood,Wiped Out!,??,12522,alt-rock,69,0.686,0.353,0.123,0.177,3.42,0
7brQHA2CgQpcMBiOlfiXYb,Afraid,The Neighbourhood,I Love You.,??,12522,alt-rock,77,0.701,0.464,0.335,0.356,4.19,1
6Xs7OKt6i0Ddq8B4M5Dgvr,New Americana,Halsey,BADLANDS,??,12522,electro,65,0.707,0.339,0.337,0.359,3.06,0
3CRDbSIZ4r5MsZ0YwxuEkn,Stressed Out,Twenty One Pilots,Blurryface,??,12522,rock,85,0.637,0.734,0.0602,0.648,3.37,0
1jNOi6m3Hn8nLEeHCp5Msr,Seven Nation Army,The White Stripes,Elephant,Rock-ish,12523,alt-rock,84,0.446,0.743,0.337,0.278,3.86,0
6ooluO7DiEhI1zmK94nRCM,Take Me Out,Franz Ferdinand,Franz Ferdinand,Rock-ish,12523,alt-rock,79,0.663,0.277,0.136,0.527,3.95,0
3LTMnFa0hhwisyq6ILahyj,Sultans Of Swing,Dire Straits,Dire Straits,Rock-ish,12523,rock,81,0.794,0.733,0.33,0.931,5.81,0
56mF8ZJXW73RTI8I6dQYD7,Heart In a Cage,The Strokes,First Impressions Of Earth,Rock-ish,12523,garage,63,0.857,0.418,0.368,0.12,3.43,0
2YodwKJnbPyNKe8XXSE9V7,Lithium,Nirvana,Nevermind,Rock-ish,12523,alt-rock,73,0.656,0.678,0.0631,0.485,4.28,0
5r2z0FHOoFI06GZEVGDjzM,Tempted,Squeeze,East Side Story,Rock-ish,12523,power-pop,61,0.356,0.729,0.052,0.392,4.01,0
4wZSxAXLNRFfQ0yyaCvHei,Cool For Cats,Squeeze,Cool For Cats,Rock-ish,12523,synth-pop,24,0.645,0.788,0.0836,0.967,3.66,0
5kNe7PE09d6Kvw5pAsx23n,Die A Happy Man,Thomas Rhett,Tangled Up,Country,12524,country,1,0.389,0.59,0.117,0.389,3.79,0
359krpyCKcFF8SFvqWES9L,Wagon Wheel,Old Crow Medicine Show,O.C.M.S.,Country,12524,bluegrass,67,0.403,0.621,0.114,0.634,3.87,0
5VarZFY00sO54HErJ3TPCI,So Good At Being in Trouble,Unknown Mortal Orchestra,II,Sunday Morning ,12526,chill,67,0.435,0.829,0.119,0.594,3.84,0
2MZSXhq4XDJWu6coGoXX1V,Avril 14th,Aphex Twin,Drukqs,Sunday Morning ,12526,ambient,64,0.0259,0.558,0.0969,0.37,2.09,0
35U4PXL3W3XIkAjEUdhr36,Harvest Moon,Poolside,Pacific Standard Time,Sunday Morning ,12526,disco,64,0.622,0.782,0.58,0.921,6.15,0
1cG560wZP0s6fs1nsEVtQw,Pale Blue Eyes,The Velvet Underground,The Velvet Underground,Sunday Morning ,12526,folk,65,0.107,0.637,0.103,0.296,5.66,0
516V4vS25xnGdVgkBWO6Wf,Since I Left You,The Avalanches,Since I Left You,Sunday Morning ,12526,psych-rock,57,0.912,0.518,0.726,0.504,4.35,0
19MMMKq4LzbTvhOMYccIRd,Waltz for Koop,Koop,Waltz for Koop,Sunday Morning ,12526,trip-hop,50,0.491,0.487,0.113,0.435,3.11,0
6mghCOaaSvrke0z1EUVUIf,"Hey, Soul Sister",Train,"Save Me, San Francisco (Golden Gate Edition)",movie,12527,rock,82,0.886,0.673,0.0826,0.795,3.61,0
1bCmvezFg5MRcENzCGG1Cy,Chelsea Dagger,The Fratellis,Costello Music,movie,12527,garage,26,0.738,0.498,0.0791,0.589,3.59,0
3yuCAw61jqfyv2KzMoVdXA,Fly,Ludovico Einaudi,Divenire,movie,12527,ambient,58,0.178,0.174,0.0737,0.0347,4.65,0
4BP3uh0hFLFRb5cjsgLqDh,Fortunate Son,Creedence Clearwater Revival,Willy And The Poor Boys,movie,12527,country,0,0.663,0.64,0.152,0.665,2.35,0
5nbNdS5SKdpiDZjCBh8W7b,Get It On,T. Rex,Electric Warrior,movie,12527,blues,71,0.878,0.728,0.61,0.911,4.38,0
5XMjXjwCkJVmk0AHm7z8IV,Jerk It Out,Caesars,Love For The Streets,movie,12527,swedish,63,0.981,0.58,0.386,0.861,3.26,0
3hB5DgAiMAQ4DzYbsMq1IT,Love Yourself,Justin Bieber,Purpose,fiestaa ,12528,pop,84,0.378,0.609,0.28,0.515,3.9,0
6ZANrVuAMp2rpjhfbOuJly,Same Old Love,Selena Gomez,Revival,fiestaa ,12528,dance,71,0.593,0.672,0.214,0.438,3.82,0
2vW5tqS1EFel9yYOQ7WZmE,Ex's & Oh's,Elle King,Love Stuff,fiestaa ,12528,blues,73,0.921,0.612,0.0576,0.446,3.37,0
6Xs7OKt6i0Ddq8B4M5Dgvr,New Americana,Halsey,BADLANDS,fiestaa ,12528,electro,65,0.707,0.339,0.337,0.359,3.06,0
0PDUDa38GO8lMxLCRc4lL1,PILLOWTALK,ZAYN,Mind Of Mine (Deluxe Edition),fiestaa ,12528,dance,78,0.7,0.584,0.0939,0.438,3.38,1
25khomWgBVamSdKw7hzm3l,The Hills,The Weeknd,Beauty Behind The Madness,fiestaa ,12528,pop,3,0.551,0.565,0.139,0.125,4.04,0
3oHNJECGN3bBoGXejlw2b1,Last Friday Night (T.G.I.F.),Katy Perry,Teenage Dream,fiestaa ,12528,dance,0,0.817,0.65,0.658,0.728,3.84,0
2H6dHxAxGq5oQ9EiinNpXT,Spirits,The Strumbellas,Hope,fiestaa ,12528,folk,63,0.657,0.556,0.113,0.79,3.39,0
6M6Tk58pQvABy6ru66dY3d,No Money,Galantis,The Aviary,fiestaa ,12528,edm,68,0.915,0.674,0.273,0.78,3.19,0
378iszndTZAR4dH8kwsLC6,Cheap Thrills,Sia,This Is Acting,fiestaa ,12528,dance,78,0.698,0.628,0.0907,0.732,3.75,0
1rIKgCH4H52lrvDcz50hS8,Lush Life,Zara Larsson,So Good,fiestaa ,12528,dance,78,0.712,0.694,0.211,0.799,3.35,0
3CRDbSIZ4r5MsZ0YwxuEkn,Stressed Out,Twenty One Pilots,Blurryface,fiestaa ,12528,rock,85,0.637,0.734,0.0602,0.648,3.37,0
6MjljecHzHelUDismyKkba,Everytime We Touch - Radio Edit,Cascada,Everytime We Touch,fiestaa ,12528,german,63,0.977,0.64,0.371,0.493,3.32,0
2d8JP84HNLKhmd6IYOoupQ,Trap Queen,Fetty Wap,Fetty Wap,fiestaa ,12528,j-dance,74,0.873,0.746,0.354,0.817,3.7,0
0jDWRUbxSn8zQlwFbeLHwo,Evacuate The Dancefloor,Cascada,Evacuate The Dancefloor,fiestaa ,12528,techno,63,0.702,0.762,0.314,0.898,3.45,0
4YjjNHtEsTX6Af4mCTupT5,Bless The Broken Road,Rascal Flatts,Feels Like Today,Country lovin',12529,country,36,0.448,0.588,0.156,0.362,3.78,0
68DcqqXKi0cRlbPlghUhsb,Amazed,Lonestar,The Greatest Hits,Country lovin',12529,country,71,0.543,0.561,0.124,0.243,4.0,0
4iLqG9SeJSnt0cSPICSjxv,Attention,Charlie Puth,Attention,new ,12530,dance,83,0.613,0.775,0.134,0.797,3.52,0
3PEgB3fkiojxms35ntsTgs,More Than You Know,Axwell /\ Ingrosso,More Than You Know,new ,12530,dance,80,0.741,0.646,0.312,0.571,3.38,0
1EFddFVisHbqCHah6oBlhD,Far Away,Nickelback,All The Right Reasons,new ,12530,alt-rock,73,0.797,0.518,0.107,0.293,3.97,0
5fVZC9GiM4e8vu99W0Xf6J,How to Save a Life,The Fray,How To Save A Life,new ,12530,piano,80,0.743,0.64,0.101,0.361,4.38,0
7wMq5n8mYSKlQIGECKUgTX,Hall of Fame,The Script,#3 Deluxe Version,new ,12530,rock,60,0.872,0.511,0.0975,0.511,3.38,0
2nLtzopw4rPReszdYBJU6h,Numb,Linkin Park,Meteora,new ,12530,alternative,83,0.863,0.496,0.639,0.243,3.09,0
3xqF04FdMK7gpIPG3SPFpY,It's Time,Imagine Dragons,Night Visions,new ,12530,rock,72,0.884,0.656,0.144,0.86,3.97,0
3gbBpTdY8lnQwqxNCcf795,Pompeii,Bastille,Bad Blood,new ,12530,rock,1,0.711,0.68,0.241,0.571,3.57,0
1oew3nFNY3vMacJAsvry0S,Me And My Broken Heart,Rixton,Let The Road,new ,12530,dance,79,0.783,0.545,0.132,0.551,3.23,0
3fVnlF4pGqWI9flVENcT28,Wildest Dreams,Taylor Swift,1989,new ,12530,pop,80,0.664,0.553,0.106,0.467,3.67,0
2N0volXQpwsvjDorTTxBAU,Bonfire Heart,James Blunt,Moon Landing,new ,12530,rock,0,0.821,0.575,0.124,0.473,3.97,0
5Q2FRR0WIx3ihYo0ShHRbp,What You Wanted,OneRepublic,Native,I like these songs,12531,piano,38,0.843,0.553,0.108,0.219,4.02,0
3cOO5IQtOYs7huq4Z6lYfr,Love Runs Out,OneRepublic,Native,I like these songs,12531,piano,64,0.931,0.715,0.0757,0.742,3.75,0
6PZDPg3dZgJkNL6nVMUB4b,Little Bit,Lykke Li,Youth Novels,I like these songs,12531,swedish,65,0.736,0.819,0.109,0.701,4.56,0
5mhUPDWQH3s544WCsa0r9w,Human,The Killers,Day & Age,I like these songs,12531,alt-rock,75,0.8,0.557,0.0906,0.582,4.09,0
5edBgVtRD0fvWk140Sl21T,Counting Stars,OneRepublic,Native,I like these songs,12531,piano,83,0.705,0.664,0.118,0.477,4.29,0
6mghCOaaSvrke0z1EUVUIf,"Hey, Soul Sister",Train,"Save Me, San Francisco (Golden Gate Edition)",I like these songs,12531,rock,82,0.886,0.673,0.0826,0.795,3.61,0
5fVZC9GiM4e8vu99W0Xf6J,How to Save a Life,The Fray,How To Save A Life,I like these songs,12531,piano,80,0.743,0.64,0.101,0.361,4.38,0
3cfOd4CMv2snFaKAnMdnvK,All Star,Smash Mouth,Astro Lounge,I like these songs,12531,alt-rock,0,0.867,0.731,0.0861,0.776,3.34,0
4kbj5MwxO1bq9wjT5g9HaA,Shut Up and Dance,WALK THE MOON,TALKING IS HARD,I like these songs,12531,alt-rock,83,0.866,0.578,0.257,0.619,3.32,0
2n0U2OG5d6TuW5mKx7YrC0,Two Birds,Regina Spektor,Far,I like these songs,12531,piano,73,0.5,0.546,0.107,0.449,3.26,0
797fEwjPjyNhkoQCHDkzne,Born,OneRepublic,Oh My My,I like these songs,12531,piano,48,0.843,0.251,0.361,0.211,4.43,0
3GSYWQNnSdovwC2H8HpziA,Almost Lover,A Fine Frenzy,One Cell In The Sea,I like these songs,12531,acoustic,57,0.24,0.549,0.106,0.167,4.48,0
7BjrIfovz8y9dTtazrh1iY,Ends of the Earth,Lord Huron,Lonesome Dreams,I like these songs,12531,folk,69,0.584,0.555,0.254,0.41,4.74,0
62vpWI1CHwFy7tMIcSStl8,No Role Modelz,J. Cole,2014 Forest Hills Drive,jam,12532,hip-hop,88,0.521,0.69,0.0534,0.494,4.88,0
6sDQ4uiWw9OdVrCXFLSlZt,Rap God,Eminem,The Marshall Mathers LP2,jam,12532,hip-hop,78,0.843,0.708,0.799,0.625,6.06,1
6ZT3coOj97F6CVvruPtnox,Your Soul,Hippie Sabotage,The Sunny Album (Deluxe Edition),Songz,12533,electronic,61,0.68,0.487,0.144,0.0752,5.41,0
4bHsxqR3GMrXTxEPLuK5ue,Don't Stop Believin',Journey,Escape,Songz,12533,hard-rock,83,0.748,0.5,0.447,0.514,4.18,0
6Z8R6UsFuGXGtiIxiD8ISb,Safe And Sound,Capital Cities,In A Tidal Wave Of Mystery,Songz,12533,rock,83,0.819,0.655,0.104,0.766,3.21,0
1ynmMEK1fkyiZ6Z6F3ThEt,Centerfold,The J. Geils Band,Freeze Frame,Songz,12533,blues,74,0.677,0.653,0.403,0.888,3.61,0
72jbDTw1piOOj770jWNeaG,Paris,The Chainsmokers,Memories...Do Not Open,Songz,12533,dance,74,0.658,0.653,0.0939,0.219,3.69,0
3EdqjSDHNVOEgo6XYqxwPh,No Particular Place To Go,Chuck Berry,St. Louis to Liverpool,Songz,12533,rock-n-roll,62,0.791,0.596,0.0886,0.98,2.71,0
1UqhkbzB1kuFwt2iy4h29Q,Cough Syrup,Young the Giant,Young the Giant,Songz,12533,alt-rock,0,0.721,0.533,0.115,0.225,4.16,0
1ACZpHI5vZ5Ea4xGlkdGWM,Crazy Rap (Colt 45 & 2 Zig Zags),Afroman,The Good Times,Songz,12533,comedy,74,0.367,0.927,0.132,0.576,5.48,0
4ebcE2SmkG7nplvzFAWRu7,What I Like About You,The Romantics,The Romantics,Songz,12533,power-pop,69,0.942,0.514,0.17,0.912,2.92,0
0UBUnp3ggZivpFWGQxoSok,Keep Your Head Up,Ben Howard,Every Kingdom,Songz,12533,british,67,0.596,0.508,0.111,0.4,4.41,0
2H6dHxAxGq5oQ9EiinNpXT,Spirits,The Strumbellas,Hope,Songz,12533,folk,63,0.657,0.556,0.113,0.79,3.39,0
5g7rJvWYVrloJZwKiShqlS,Dirty Paws,Of Monsters and Men,My Head Is An Animal,Songz,12533,folk,70,0.649,0.359,0.0555,0.133,4.64,0
5nkYHBWXu7KCgcdwP6jcB1,What I Got,Sublime,Sublime,Songz,12533,punk,1,0.693,0.804,0.314,0.654,2.85,0
2tznHmp70DxMyr2XhWLOW0,Cigarette Daydreams,Cage The Elephant,Melophobia,Songz,12533,blues,79,0.676,0.636,0.0831,0.273,3.48,0
1ff4y46qRCsLXROVpOxxTc,On Our Way,The Royal Concept,Goldrushed,Songz,12533,swedish,53,0.793,0.581,0.183,0.352,3.24,0
2hmibAtdObO8F4tnhLENuQ,Reptilia,The Strokes,Room On Fire,Songz,12533,alt-rock,75,0.649,0.489,0.101,0.77,3.66,0
3iVAyrTlbWGBq0laeQ18z2,Walking On A Dream,Empire of the Sun,Walking On A Dream,Songz,12533,alt-rock,79,0.701,0.871,0.0589,0.716,3.31,0
6ZYS6QQxTLsQ6IFXdVx1r4,Ophelia,The Lumineers,Cleopatra,Songz,12533,folk,79,0.573,0.664,0.0857,0.566,2.67,0
4sFbojhVXQv7dBC9PVCcRn,Sympathy For The Devil,The Rolling Stones,Beggars Banquet,angst,12534,british,1,0.67,0.636,0.0453,0.572,6.3,0
6N1EjQjnvhOjFrF6oUmGPa,Summer Of '69,Bryan Adams,Reckless,angst,12534,rock,82,0.834,0.508,0.0732,0.774,3.62,0
7HGTkn2aX7MNdKs7nV2xBt,Somebody Told Me,The Killers,Hot Fuss,angst,12534,alt-rock,0,0.981,0.508,0.0555,0.746,3.29,0
01a0J96fRD91VnjQQUCqMK,The Kids Aren't Alright,The Offspring,Americana,angst,12534,alt-rock,81,0.943,0.523,0.0579,0.766,3.0,1
0J6mQxEZnlRt9ymzFntA6z,Livin' On A Prayer,Bon Jovi,Slippery When Wet,angst,12534,metal,1,0.89,0.527,0.222,0.818,4.15,0
0GO8y8jQk1PkHzS31d699N,Tongue Tied,Grouplove,Never Trust A Happy Song,angst,12534,alt-rock,79,0.936,0.56,0.161,0.371,3.63,0
12qZHAeOyTf93YAWvGDTat,All The Small Things,blink-182,Enema Of The State,angst,12534,punk-rock,2,0.9,0.442,0.395,0.609,2.8,0
5PsUB0ISfQxRLhF5DmI5Ks,Don't Speak,No Doubt,Tragic Kingdom,angst,12534,alt-rock,0,0.752,0.508,0.142,0.554,4.38,0
1AhDOtG9vPSOmsWgNW0BEY,Bohemian Rhapsody - Remastered 2011,Queen,A Night At The Opera,angst,12534,rock,82,0.404,0.414,0.3,0.224,5.91,0
7oK9VyNzrYvRFo7nQEYkWN,Mr. Brightside,The Killers,Hot Fuss,angst,12534,alt-rock,2,0.931,0.344,0.0903,0.251,3.71,0
5Q30xdABnojqN3wBIhrsQp,Everybody Hurts,R.E.M.,Automatic For The People,angst,12534,alt-rock,75,0.324,0.467,0.118,0.166,5.34,0
3x2bXiU0o4WbsPkawXlfDA,Who Are You,The Who,Who Are You,angst,12534,blues,65,0.648,0.651,0.0655,0.49,6.31,0
36eWbpGbM3DxpErvZImHgD,Rock with You - Single Version,Michael Jackson,The Essential Michael Jackson,throwbacks,12535,soul,75,0.535,0.808,0.158,0.848,3.38,0
3XVBdLihbNbxUwZosxcGuJ,If I Ain't Got You,Alicia Keys,The Diary Of Alicia Keys,throwbacks,12535,soul,80,0.444,0.609,0.104,0.166,3.81,0
0JEqGkvUiMTQmFY6sgL9kg,No One,Alicia Keys,As I Am,throwbacks,12535,soul,78,0.549,0.644,0.134,0.167,4.23,0
6ihL9TjfRjadfEePzXXyVF,Gives You Hell,The All-American Rejects,When The World Comes Down,throwbacks,12535,punk-rock,0,0.675,0.725,0.0537,0.595,3.55,0
1fBl642IhJOE5U319Gy2Go,Animal,Neon Trees,Habits,throwbacks,12535,alt-rock,66,0.829,0.482,0.378,0.739,3.54,0
0GO8y8jQk1PkHzS31d699N,Tongue Tied,Grouplove,Never Trust A Happy Song,throwbacks,12535,alt-rock,79,0.936,0.56,0.161,0.371,3.63,0
5J1c3M4EldCfNxXwrwt8mT,Traicionera,Sebastian Yatra,Traicionera,Bonitas,12536,reggae,4,0.675,0.779,0.105,0.63,3.81,0
0qcr5FMsEO85NAQjrlDRKo,"Let It Go - From ""Frozen""/Soundtrack Version",Idina Menzel,Frozen,Various Artists  Frozen,12537,show-tunes,75,0.485,0.543,0.12,0.371,3.73,0
4eLSCSELtKxZwXnFbNLXT5,On Top Of The World,Imagine Dragons,Night Visions,September 2013,12538,rock,0,0.925,0.588,0.0881,0.759,3.16,0
7CEV9VwA8XO9wwxTXgYKvY,I And Love And You,The Avett Brothers,I And Love And You,September 2013,12538,bluegrass,62,0.264,0.424,0.0763,0.169,5.01,0
4Ouhoi2lAhrLJKFzUqEzwl,Born To Die,Lana Del Rey,Born To Die - The Paradise Edition,September 2013,12538,pop,6,0.636,0.206,0.217,0.394,4.76,0
1zCoCopxgQmozHBuuyfW2K,"Gone, Gone, Gone",Phillip Phillips,The World From The Side Of The Moon,September 2013,12538,folk,67,0.642,0.664,0.114,0.501,3.49,0
5KTJJnSs2H1p5SaBXsG0Hb,Cornerstone - Live,Hillsong Worship,Cornerstone,September 2013,12538,world-music,54,0.568,0.391,0.538,0.129,6.82,0
1urrG04mC0IopJD7vpKiiW,I Surrender - Live,Hillsong Worship,Cornerstone,September 2013,12538,world-music,56,0.521,0.269,0.205,0.12,5.77,0
6byQ81MM7NtCpvVtfVRTtw,Running - Live,Hillsong Worship,Cornerstone,September 2013,12538,world-music,37,0.92,0.449,0.804,0.277,4.07,0
06yQb4UTUcjerrSKmpA0zp,Cornerstone - Studio Version,Hillsong Worship,Cornerstone (Deluxe Edition) [Live],September 2013,12538,world-music,37,0.794,0.388,0.0957,0.328,3.45,0
4I3KMa9p00MJwWbT0vi5iX,One And Only,Adele,21,just chillin,12539,british,63,0.468,0.528,0.165,0.185,5.78,0
2DjWsDGgL1xNbhnr7f6t5F,Baby Can I Hold You,Tracy Chapman,Tracy Chapman,just chillin,12539,folk,74,0.422,0.692,0.0848,0.468,3.22,0
37pK088xTo1ZpR3y23wsFk,Arms Of A Woman,Amos Lee,Amos Lee,just chillin,12539,acoustic,60,0.0674,0.54,0.109,0.12,4.19,0
61S0mEfdRtJ62Fc7fPqx0U,Feeling Good,Nina Simone,I Put A Spell On You,just chillin,12539,blues,1,0.414,0.428,0.238,0.508,2.9,0
1HL3yEnYq8LEyFQ3QegA5V,Crash into Me,Dave Matthews Band,Crash,just chillin,12539,j-rock,55,0.677,0.541,0.0938,0.555,5.27,0
6aXGgKVRGXlMqQYCIQqo4s,By Your Side,Sade,Lovers Rock,just chillin,12539,british,70,0.429,0.653,0.0693,0.627,4.58,0
5vRPXm59z8ewWO6WiJHg3m,My Own Prison,Creed,My Own Prison,just chillin,12539,grunge,65,0.778,0.505,0.115,0.284,4.98,0
28cnXtME493VX9NOw9cIUh,Hurt,Johnny Cash,American IV: The Man Comes Around,just chillin,12539,country,74,0.392,0.534,0.0948,0.163,3.61,0
3xjLAPMsYy32W9oFHsSsGl,Have You Ever Really Loved A Woman?,Bryan Adams,18 Til I Die,just chillin,12539,singer-songwriter,71,0.478,0.57,0.0931,0.358,4.86,0
3gsCAGsWr6pUm1Vy7CPPob,Killing Me Softly With His Song,Roberta Flack,Killing Me Softly,just chillin,12539,disco,72,0.381,0.476,0.0614,0.33,4.78,0
53QF56cjZA9RTuuMZDrSA6,I Won't Give Up,Jason Mraz,Love Is A Four Letter Word,just chillin,12539,acoustic,69,0.303,0.483,0.115,0.139,4.0,0
5qxFudz7A6PGptviHsz4Yd,Annie's Song,John Denver,Back Home Again,just chillin,12539,country,71,0.305,0.304,0.367,0.464,2.97,0
0EMmVUYs9ZZRHtlADB88uz,Come On Eileen,Dexys Midnight Runners,Too Rye Ay,summer 2015,12540,ska,2,0.769,0.45,0.306,0.604,4.79,0
7j3nbSiaWphYU2cFgyQXd9,Everything Is Embarrassing,Sky Ferreira,"Night Time, My Time",summer 2015,12540,synth-pop,55,0.783,0.667,0.0418,0.564,4.17,0
7o7E1nrHWncYY7PY94gCiX,Video Killed The Radio Star,The Buggles,The Age Of Plastic,summer 2015,12540,synth-pop,72,0.678,0.68,0.204,0.251,4.23,0
0dHF8t7OIhgPele5WRUfWG,I'm Gonna Be (500 Miles),Sleeping At Last,"Covers, Vol. 1",morning drive,12541,ambient,54,0.228,0.394,0.113,0.258,3.53,0
7JRJOLKHz88pR0YS4pVCao,Sweet Dream,Greg Laswell,Three Flights from Alto Nido,morning drive,12541,acoustic,53,0.234,0.41,0.108,0.19,1.13,0
16D9AzevsZAh4GfQEYIo7I,Earth,Sleeping At Last,Atlas: Year One,morning drive,12541,ambient,48,0.374,0.292,0.357,0.247,4.47,0
0dDdc2ugBXcZkO00xvR6wZ,Rainbow Connection,Sleeping At Last,"Covers, Vol. 2",morning drive,12541,ambient,51,0.183,0.513,0.327,0.266,3.21,0
285ieonEuLkll3zknYK2TY,The Last of Us,Gustavo Santaolalla,The Last of Us,Epic,12542,ambient,61,0.468,0.574,0.098,0.352,3.06,0
4zkynG1TXIknSEiJ9616rt,Leaving Earth,Clint Mansell,Mass Effect 3,Epic,12542,ambient,51,0.289,0.276,0.0963,0.0805,2.06,0
1PDhGWgfGZp7JYEu89TVEF,Rudolph The Red-Nosed Reindeer,Ella Fitzgerald,Ella Wishes You A Swinging Christmas,christmas??,12543,blues,0,0.315,0.596,0.258,0.64,2.86,0
79a2ejVzj2SpXkpWdfv1Co,Sleigh Ride,Ella Fitzgerald,Ella Wishes You A Swinging Christmas,christmas??,12543,blues,0,0.287,0.593,0.153,0.639,2.93,0
1nIMFCZ1gliEp50JT6RbGN,A Marshmallow World,Brenda Lee,Rockin' Around The Christmas Tree/The Decca Christmas Recordings,christmas??,12543,rockabilly,0,0.406,0.73,0.304,0.895,2.54,0
5humEOJehpAwMJEJmb0JJ2,The Christmas Song (Merry Christmas To You),Nat King Cole,The Nat King Cole Story,christmas??,12543,jazz,1,0.21,0.32,0.138,0.208,3.18,0
50ssiEHx556vul2XyUbxwU,"Bibbidi-Bobbidi-Boo - From ""Cinderella""",Verna Felton,Disney's Greatest Volume 1,Disney,12544,disney,56,0.525,0.513,0.233,0.887,1.3,0
1t055EdeL1r5DfORFy0UXX,Circle Of Life - Remastered,Elton John,Diamonds,Disney,12544,piano,57,0.612,0.27,0.119,0.116,4.89,0
1lOSxJNCLvWm2bYaTcTSmK,"Mother Knows Best - From ""Tangled""/Soundtrack Version",Donna Murphy,Tangled,Disney,12544,disney,66,0.259,0.403,0.0451,0.473,3.17,0
4EHWldZTas5KUyFtT0rQlY,"Lord, I Need You",Matt Maher,All The People Said Amen,Worship,12545,alt-rock,64,0.451,0.457,0.0928,0.185,3.43,0
5humEOJehpAwMJEJmb0JJ2,The Christmas Song (Merry Christmas To You),Nat King Cole,The Nat King Cole Story,Christmas,12546,jazz,1,0.21,0.32,0.138,0.208,3.18,0
3XuynAYyLtvJrI2NvVXu6Z,My Favorite Things,Julie Andrews,The Sound Of Music,Christmas,12546,show-tunes,57,0.247,0.622,0.14,0.627,2.29,0
299lFlaAsNQdgbIZNPmIA0,Christmas Time Is Here - Vocal,Vince Guaraldi Trio,A Charlie Brown Christmas,Christmas,12546,jazz,1,0.139,0.375,0.0984,0.0878,2.77,0
092TE5mHY1wamE5Q7qXd1w,Go Tell It On The Mountain,Little Big Town,Go Tell It On The Mountain,Christmas,12546,country,0,0.881,0.538,0.222,0.392,3.83,0
5xlS0QkVrSH7ssEbBgBzbM,Little Saint Nick,The Beach Boys,The Beach Boys' Christmas Album,Christmas,12546,psych-rock,0,0.424,0.551,0.165,0.925,1.98,0
4fzyvSu73BhGvi96p2zwjL,Christmas Lights,Coldplay,Christmas Lights,Christmas,12546,pop,1,0.418,0.315,0.0836,0.237,4.04,0
7Iz3gFOT5M2uG8ov2SDmNo,Peppermint Winter,Owl City,Peppermint Winter,Christmas,12546,indie-pop,0,0.803,0.451,0.0764,0.145,4.01,0
7oGZAicScQt96OAW4AruYy,Want to Want Me,Jason Derulo,Everything Is 4,charlotte,12547,dance,1,0.643,0.772,0.0705,0.669,3.46,0
3zHq9ouUJQFQRf3cm1rRLu,"Love Me Like You Do - From ""Fifty Shades Of Grey""",Ellie Goulding,Delirium,charlotte,12547,dance,79,0.606,0.262,0.125,0.275,4.21,0
2d8JP84HNLKhmd6IYOoupQ,Trap Queen,Fetty Wap,Fetty Wap,charlotte,12547,j-dance,74,0.873,0.746,0.354,0.817,3.7,0
7BHPGtpuuWWsvE7cCaMuEU,Naive,The Kooks,Inside In / Inside Out,charlotte,12547,indie,1,0.818,0.564,0.0402,0.712,3.39,0
7nh4vgAMPAETo1QLmeFYrJ,Walking Away,Craig David,Rewind - The Collection,charlotte,12547,british,63,0.688,0.596,0.121,0.817,3.45,0
3VCmztoNt9AMNFnh70na3d,Not On Drugs,Tove Lo,Queen Of The Clouds,charlotte,12547,synth-pop,47,0.635,0.7,0.135,0.594,3.04,1
4W38RXuQNuoTSwVsQA1OGC,Nothin' Like You,Dan + Shay,Where It All Began,charlotte,12547,country,0,0.704,0.586,0.067,0.442,3.1,0
5kNe7PE09d6Kvw5pAsx23n,Die A Happy Man,Thomas Rhett,Tangled Up,charlotte,12547,country,1,0.389,0.59,0.117,0.389,3.79,0
1rIKgCH4H52lrvDcz50hS8,Lush Life,Zara Larsson,So Good,charlotte,12547,dance,78,0.712,0.694,0.211,0.799,3.35,0
3ZMv9EzGoteNi5Qnx0KpEO,Skinny Love,Bon Iver,"For Emma, Forever Ago",charlotte,12547,folk,73,0.263,0.592,0.127,0.109,3.87,0
2Bcu8cmU7qYu3qXLowHQie,"Heartbroken, In Disrepair",Dan Auerbach,Keep It Hid,Tattoo ,12548,garage,58,0.9,0.6,0.27,0.919,3.35,0
6KmSpuVSuYBvut7zb1e0ys,The Prowl,Dan Auerbach,Keep It Hid,Tattoo ,12548,blues,55,0.755,0.37,0.663,0.595,3.26,0
0kHwTHf8ye0mSd66pwcrEN,How You Like Me Now,The Heavy,The House That Dirt Built,Tattoo ,12548,blues,61,0.71,0.647,0.0777,0.268,3.62,0
5humEOJehpAwMJEJmb0JJ2,The Christmas Song (Merry Christmas To You),Nat King Cole,The Nat King Cole Story,Christmas classics,12549,jazz,1,0.21,0.32,0.138,0.208,3.18,0
6ZT3coOj97F6CVvruPtnox,Your Soul,Hippie Sabotage,The Sunny Album (Deluxe Edition),drive ,12550,electronic,61,0.68,0.487,0.144,0.0752,5.41,0
6kZFIsYCBeuH0f1zGk1UoM,Simple Man,Lynyrd Skynyrd,(Pronounced 'Leh-'Nérd 'Skin-'Nérd),Classic Rock,12551,blues,74,0.752,0.422,0.129,0.403,5.97,0
4CJVkjo5WpmUAKp3R44LNb,Sweet Home Alabama,Lynyrd Skynyrd,Second Helping,Classic Rock,12551,blues,2,0.724,0.614,0.146,0.902,4.69,0
5EWPGh7jbTNO2wakv8LjUI,Free Bird,Lynyrd Skynyrd,Pronounced' Leh-'Nerd 'Skin-'Nerd,Classic Rock,12551,blues,77,0.834,0.249,0.0924,0.338,9.12,0
2aoo2jlRnM3A0NyLQqMN2f,All Along the Watchtower,Jimi Hendrix,Electric Ladyland,Classic Rock,12551,blues,77,0.805,0.438,0.0842,0.564,4.01,0
2AxCeJ6PSsBYiTckM0HLY7,Voodoo Child (Slight Return),Jimi Hendrix,Electric Ladyland,Classic Rock,12551,blues,68,0.91,0.214,0.0517,0.448,5.22,0
0wJoRiX5K5BxlqZTolB2LD,Purple Haze,Jimi Hendrix,Are You Experienced,Classic Rock,12551,blues,71,0.905,0.533,0.0698,0.486,2.85,0
4uGIJG1jYFonGc4LGp5uQL,Somebody to Love,Jefferson Airplane,Surrealistic Pillow,Classic Rock,12551,blues,70,0.578,0.504,0.321,0.654,2.91,0
5QTxFnGygVM4jFQiBovmRo,(Don't Fear) The Reaper,Blue Öyster Cult,Agents Of Fortune,Classic Rock,12551,blues,76,0.927,0.333,0.297,0.385,5.14,0
3k9i7UzeSUYWIfUZFeFDUd,Layla - 40th Anniversary Version / 2010 Remastered,Derek & The Dominos,Layla And Other Assorted Love Songs,Classic Rock,12551,blues,1,0.903,0.403,0.287,0.498,7.06,0
4DMKwE2E2iYDKY01C335Uw,Carry on Wayward Son,Kansas,Leftoverture,Classic Rock,12551,hard-rock,76,0.786,0.482,0.446,0.793,5.38,0
5H6Jp0syB5yEPk7SWYdlmk,The Wind Cries Mary,Jimi Hendrix,Are You Experienced,Classic Rock,12551,psych-rock,63,0.495,0.499,0.2,0.339,3.35,0
67HxeUADW4H3ERfaPW59ma,Love Me Two Times,The Doors,Strange Days,Classic Rock,12551,psych-rock,65,0.698,0.684,0.122,0.839,3.25,0
7rSERmjAT38lC5QhJ8hnQc,I'm Shipping Up To Boston,Dropkick Murphys,The Warrior's Code,Classic Rock,12551,punk-rock,70,0.928,0.452,0.226,0.6,2.56,0
7MRyJPksH3G2cXHN8UKYzP,American Girl,Tom Petty and the Heartbreakers,Tom Petty & The Heartbreakers,Classic Rock,12551,folk,0,0.823,0.552,0.366,0.775,3.58,0
1ntxpzIUbSsizvuAy6lTYY,Crosstown Traffic,Jimi Hendrix,Electric Ladyland,Classic Rock,12551,blues,63,0.963,0.486,0.158,0.533,2.44,0
1QEEqeFIZktqIpPI4jSVSF,More Than a Feeling,Boston,Boston,Classic Rock,12551,country,79,0.681,0.377,0.0504,0.285,4.75,0
2BcvvHttiZRvguFM4hR398,Sunshine Of Your Love,Cream,Disraeli Gears,Classic Rock,12551,blues,0,0.522,0.683,0.121,0.764,4.16,0
4BP3uh0hFLFRb5cjsgLqDh,Fortunate Son,Creedence Clearwater Revival,Willy And The Poor Boys,Classic Rock,12551,country,0,0.663,0.64,0.152,0.665,2.35,0
78WVLOP9pN0G3gRLFy1rAa,Piano Man,Billy Joel,Piano Man,Classic Rock,12551,folk,77,0.55,0.331,0.192,0.429,5.6,0
0NWPxcsf5vdjdiFUI8NgkP,Hey Joe,Jimi Hendrix,Are You Experienced,Classic Rock,12551,blues,70,0.768,0.346,0.0244,0.532,3.5,0
1Jmqubf9kGkWeYQXQKImL5,People Are Strange,The Doors,Strange Days,Classic Rock,12551,psych-rock,73,0.467,0.699,0.315,0.764,2.17,0
4vpeKl0vMGdAXpZiQB2Dtd,White Rabbit,Jefferson Airplane,Surrealistic Pillow,Classic Rock,12551,blues,72,0.293,0.551,0.0864,0.322,2.51,0
71SvEDmsOwIWw1IozsZoMA,Any Way You Want It,Journey,Departure,Classic Rock,12551,hard-rock,73,0.932,0.529,0.136,0.571,3.36,0
1qRA5BS78u3gME0loMl9AA,For What It's Worth,Buffalo Springfield,Buffalo Springfield,Classic Rock,12551,blues,78,0.519,0.653,0.101,0.822,2.56,0
1fDsrQ23eTAVFElUMaf38X,American Pie,Don McLean,American Pie,Classic Rock,12551,folk,0,0.563,0.461,0.302,0.477,8.61,0
5zH710lFSLtkHbMkslLDjR,Crazy On You,Heart,Dreamboat Annie,Classic Rock,12551,hard-rock,1,0.459,0.435,0.132,0.383,4.89,0
4IRHwIZHzlHT1FQpRa5RdE,Goodbye Yellow Brick Road - Remastered 2014,Elton John,Goodbye Yellow Brick Road,Classic Rock,12551,piano,74,0.473,0.559,0.154,0.397,3.21,0
5Wj1rJnCLpMHdLaxsFtJLs,Bennie And The Jets - Remastered 2014,Elton John,Goodbye Yellow Brick Road,Classic Rock,12551,piano,74,0.673,0.665,0.497,0.779,5.38,0
4alHo6RGd0D3OUbTPExTHN,Just What I Needed,The Cars,The Cars,Classic Rock,12551,hard-rock,0,0.627,0.64,0.0764,0.793,3.76,0
3fkPMWQ6cBNBLuFcPyMS8s,Burnin' for You,Blue Öyster Cult,Fire of Unknown Origin,Classic Rock,12551,blues,67,0.728,0.532,0.0849,0.69,4.52,0
0JgMHia55MBfhfqZIRi3kF,Pump It Up,Elvis Costello & The Attractions,This Year's Model,Classic Rock,12551,power-pop,0,0.809,0.645,0.106,0.966,3.28,0
5X76oXHcR5uCXali0gOyX5,White Room,Cream,Wheels Of Fire,Classic Rock,12551,blues,70,0.576,0.553,0.0365,0.457,5.05,0
7y0ZB9dSu73TQOnr44j5l2,Honky Tonk Women - Mono Version,The Rolling Stones,"Through The Past, Darkly (Big Hits Vol. 2)",Classic Rock,12551,british,59,0.779,0.562,0.066,0.967,2.99,0
4KfSdst7rW39C0sfhArdrz,Barracuda,Heart,Little Queen,Classic Rock,12551,hard-rock,74,0.691,0.548,0.144,0.667,4.37,0
3bN4tg6rnNPy9GCkGhym4T,Message In A Bottle - Remastered 2003,The Police,Reggatta De Blanc,Classic Rock,12551,rock,3,0.808,0.568,0.218,0.849,4.84,0
0HqNyWt20oyqntGSOf4lY9,Run To You,Bryan Adams,Reckless,Classic Rock,12551,rock,1,0.863,0.559,0.201,0.646,3.89,0
3XxBSvDZKH5YvZZjTpn6eR,Red House,Jimi Hendrix,Are You Experienced,Classic Rock,12551,psych-rock,58,0.479,0.277,0.16,0.483,3.84,0
6tP1NaAIoxSTzeFgCUO66V,Heart Of Glass - Special Mix,Blondie,Greatest Hits,Classic Rock,12551,power-pop,0,0.78,0.659,0.181,0.807,4.54,0
6awTbDHgM907tGecNQYPaV,My Generation - Stereo Version,The Who,My Generation,Classic Rock,12551,british,65,0.782,0.412,0.0775,0.705,3.31,0
3AhXZa8sUQht0UEdBJgpGc,Like a Rolling Stone,Bob Dylan,Highway 61 Revisited,Classic Rock,12551,country,70,0.721,0.482,0.189,0.557,6.16,0
6mcxQ1Y3uQRU0IHsvdNLH1,Where Is My Mind?,Pixies,Surfer Rosa (Remastered),Classic Rock,12551,alt-rock,77,0.442,0.513,0.0878,0.243,3.95,0
24NwBd5vZ2CK8VOQVnqdxr,Sweet Emotion,Aerosmith,Toys In The Attic,Classic Rock,12551,hard-rock,74,0.76,0.38,0.104,0.491,4.57,0
4bHsxqR3GMrXTxEPLuK5ue,Don't Stop Believin',Journey,Escape,Classic Rock,12551,hard-rock,83,0.748,0.5,0.447,0.514,4.18,0
5tVA6TkbaAH9QMITTQRrNv,Free Fallin',Tom Petty,Full Moon Fever,Classic Rock,12551,folk,0,0.504,0.619,0.06,0.568,4.27,0
3LTMnFa0hhwisyq6ILahyj,Sultans Of Swing,Dire Straits,Dire Straits,Classic Rock,12551,rock,81,0.794,0.733,0.33,0.931,5.81,0
4gvea7UlDkAvsJBPZAd4oB,The Boys Of Summer,Don Henley,Building The Perfect Beast,Classic Rock,12551,country,1,0.775,0.516,0.21,0.858,4.81,0
1fDsrQ23eTAVFElUMaf38X,American Pie,Don McLean,American Pie,America,12552,folk,0,0.563,0.461,0.302,0.477,8.61,0
0M7mWKqwTIaVjYyxfZmtTa,"Courtesy Of The Red, White And Blue (The Angry American)",Toby Keith,Unleashed,America,12552,country,0,0.674,0.426,0.0784,0.378,3.26,0
2lfPecqFbH8X4lHSpTxt8l,Fade,Alan Walker,Fade,workout,12553,electro,60,0.649,0.785,0.0793,0.472,4.4,0
7mGD2p1TAGLr2fvlKYC2gN,Vegeta - Super Saiyan,Bruce Faulconer,The Best of DragonBall Z - Volume I,workout,12553,anime,45,0.893,0.305,0.366,0.173,0.96,0
79UBXIbADmf8nS90CrNGlu,Tuyo (Narcos Theme) - A Netflix Original Series Soundtrack,Rodrigo Amarante,Tuyo (Narcos Theme),workout,12553,mpb,65,0.422,0.72,0.155,0.546,1.49,0
0h1UKhueXm1YFLpQjzwv0E,Ignite - 2016 League Of Legends World Championship,Zedd,Ignite,workout,12553,techno,60,0.741,0.723,0.0796,0.387,3.26,0
4VrWlk8IQxevMvERoX08iC,Chandelier,Sia,1000 Forms Of Fear,workout,12553,dance,80,0.787,0.399,0.0685,0.572,3.6,0
7KXjTSCq5nL1LoYtL7XAwS,HUMBLE.,Kendrick Lamar,DAMN.,workout,12553,hip-hop,84,0.621,0.908,0.0958,0.421,2.95,1
5O2P9iiztwhomNh8xkR9lJ,Night Changes,One Direction,FOUR,workout,12553,pop,88,0.52,0.672,0.115,0.37,3.78,0
0ypg59NyOVCpWVzd0SUsT5,Every Day Is Exactly The Same,Nine Inch Nails,With Teeth,Sail,12554,industrial,53,0.941,0.607,0.119,0.414,4.91,0
44sz0rNbTA687rs9CYi0IN,The Day The World Went Away,Nine Inch Nails,The Fragile,Sail,12554,industrial,48,0.235,0.168,0.0924,0.0618,4.54,0
7yMiX7n9SBvadzox8T5jzT,Clint Eastwood,Gorillaz,Gorillaz,Sail,12554,alternative,3,0.694,0.663,0.0698,0.525,5.68,0
2nTsKOXIVGDf2iPeVQO2Gm,Paranoid Android,Radiohead,OK Computer,Sail,12554,alt-rock,70,0.848,0.251,0.0545,0.207,6.45,0
1jNOi6m3Hn8nLEeHCp5Msr,Seven Nation Army,The White Stripes,Elephant,Sail,12554,alt-rock,84,0.446,0.743,0.337,0.278,3.86,0
0IqKeD8ZSP72KbGYyzEcAs,Take Me To Church,Hozier,Hozier,Sail,12554,singer-songwriter,83,0.664,0.566,0.116,0.437,4.03,0
6y20BV5L33R8YXM0YuI38N,No One Knows,Queens of the Stone Age,Songs For The Deaf,Sail,12554,blues,72,0.584,0.509,0.384,0.685,4.65,0
2wVXSc0IrQVodHESUxVUJA,Losing My Religion,R.E.M.,Out Of Time,Sail,12554,alt-rock,0,0.854,0.666,0.0986,0.803,4.47,0
7a8GawTVgHZvBLQOh46he7,I Wanna Be Yours,Arctic Monkeys,AM,mellow yellow ,12555,garage,92,0.417,0.464,0.0974,0.479,3.07,0
3UfCFlGruX0DRPCpD1V3pU,Work Song,Hozier,Hozier,mellow yellow ,12555,singer-songwriter,63,0.388,0.432,0.112,0.256,3.83,0
3XVBdLihbNbxUwZosxcGuJ,If I Ain't Got You,Alicia Keys,The Diary Of Alicia Keys,mellow yellow ,12555,soul,80,0.444,0.609,0.104,0.166,3.81,0
2u0CelO5c81XS7z3dGpHbS,The Beach,The Neighbourhood,Wiped Out!,mellow yellow ,12555,alt-rock,78,0.64,0.245,0.0766,0.105,4.25,0
3rq5w4bQGigXOfdN30ATJt,Do I Wanna Know?,Arctic Monkeys,AM,mellow yellow ,12555,garage,88,0.532,0.548,0.217,0.405,4.54,0
1TGimSbipZ3XZ7q3eszBRV,Angel Of Small Death & The Codeine Scene,Hozier,Hozier,mellow yellow ,12555,singer-songwriter,62,0.638,0.377,0.12,0.369,3.65,0
5nkYHBWXu7KCgcdwP6jcB1,What I Got,Sublime,Sublime,mellow yellow ,12555,punk,1,0.693,0.804,0.314,0.654,2.85,0
40gvh6jP5qxMJuMmF9lG9A,Baby Came Home 2 / Valentines,The Neighbourhood,Wiped Out!,mellow yellow ,12555,alt-rock,71,0.499,0.21,0.773,0.108,6.51,0
1FGvbfMafLBdymgrtGAZYh,Stand By Me,Florence + The Machine,Songs From Final Fantasy XV,mellow yellow ,12555,alternative,3,0.335,0.598,0.194,0.245,4.1,0
38kjFXYgPvtuXCPbHPMGte,Prey,The Neighbourhood,Wiped Out!,mellow yellow ,12555,alt-rock,67,0.779,0.517,0.0622,0.197,4.71,0
2MLHyLy5z5l5YRp7momlgw,Island In The Sun,Weezer,Weezer (Green Album),mellow yellow ,12555,alt-rock,1,0.794,0.654,0.165,0.678,3.34,0
0IqKeD8ZSP72KbGYyzEcAs,Take Me To Church,Hozier,Hozier,mellow yellow ,12555,singer-songwriter,83,0.664,0.566,0.116,0.437,4.03,0
5qqabIl2vWzo9ApSC317sa,Wonderwall - Remastered,Oasis,(What's The Story) Morning Glory? [Remastered],mellow yellow ,12555,rock,78,0.896,0.378,0.194,0.469,4.31,0
6mORGLOz79w6VsCRLWYYuK,The Night We Met,Lord Huron,Strange Trails,mellow yellow ,12555,folk,83,0.369,0.544,0.639,0.102,3.47,0
4dyx5SzxPPaD8xQIid5Wjj,Young Folks,Peter Bjorn and John,Writer's Block,mellow yellow ,12555,alt-rock,76,0.812,0.699,0.105,0.662,4.61,0
7lVQHgESPBFicshr57Z4LL,Bored,Billie Eilish,Bored,mellow yellow ,12555,electro,85,0.318,0.614,0.0795,0.112,3.02,0
3OMh7VdOoWgtKhJimQQywz,ocean eyes,Billie Eilish,dont smile at me,mellow yellow ,12555,electro,80,0.363,0.511,0.084,0.169,3.34,0
5ulSn7Zhh7MylcgUGvynDb,You Get Me So High,The Neighbourhood,Hard - EP,mellow yellow ,12555,alt-rock,83,0.881,0.551,0.152,0.387,2.59,0
6E1dxU9KL2FYgjv8hM54Dx,disco tits,Tove Lo,BLUE LIPS,mellow yellow ,12555,swedish,64,0.728,0.79,0.172,0.333,3.73,1
0aersVHlGGXcHeRvHtuaSt,Dancing On Glass,St. Lucia,Matter,Uppers,12556,synth-pop,55,0.945,0.564,0.359,0.399,4.11,0
2GiJYvgVaD2HtM8GqD9EgQ,Electric Love,BØRNS,Dopamine,Uppers,12556,rock,82,0.797,0.611,0.26,0.518,3.64,0
5EQ9yEra0SzVd673ZfKT4C,Brand New,Ben Rector,Brand New,Uppers,12556,acoustic,65,0.934,0.555,0.122,0.422,4.07,0
0vaf64cpnqM7COUZZkoBig,Electric Feel,MGMT,Oracular Spectacular/Congratulations,Uppers,12556,alt-rock,77,0.803,0.763,0.348,0.561,3.83,0
0GO8y8jQk1PkHzS31d699N,Tongue Tied,Grouplove,Never Trust A Happy Song,Uppers,12556,alt-rock,79,0.936,0.56,0.161,0.371,3.63,0
3iVAyrTlbWGBq0laeQ18z2,Walking On A Dream,Empire of the Sun,Walking On A Dream,Uppers,12556,alt-rock,79,0.701,0.871,0.0589,0.716,3.31,0
5WBnKCEsPwsvWHUZmLjS3s,Alive,Empire of the Sun,Ice On The Dune,Uppers,12556,alt-rock,65,0.882,0.524,0.071,0.399,3.41,0
316r1KLN0bcmpr7TZcMCXT,The Sound,The 1975,"I like it when you sleep, for you are so beautiful yet so unaware of it",Uppers,12556,alt-rock,63,0.936,0.648,0.482,0.566,4.15,0
6MDijuuArPJv1vbp7K1x3f,Genghis Khan,Miike Snow,iii,Uppers,12556,swedish,62,0.847,0.688,0.598,0.453,3.54,0
2dEJE18eoskLm4bjSW6kmY,Put Your Records On,Corinne Bailey Rae,Corinne Bailey Rae,Uppers,12556,british,0,0.506,0.736,0.134,0.563,3.56,0
3Fzlg5r1IjhLk2qRw667od,Dancing in the Moonlight,Toploader,Onka's Big Moka,Uppers,12556,alt-rock,67,0.845,0.639,0.336,0.871,3.88,0
01DidSmPasiXdPhDVuaULL,Leave A Trace,CHVRCHES,Every Open Eye,Uppers,12556,synth-pop,41,0.729,0.663,0.141,0.216,3.96,0
3aUfWeMesfVs2niopKjNxV,Clearest Blue,CHVRCHES,Every Open Eye,Uppers,12556,synth-pop,49,0.827,0.647,0.0656,0.157,3.9,0
7rqyZM53JpYj86avtfmyeg,My Type,Saint Motel,My Type,Uppers,12556,alt-rock,70,0.896,0.595,0.0748,0.567,3.44,0
6Z8R6UsFuGXGtiIxiD8ISb,Safe And Sound,Capital Cities,In A Tidal Wave Of Mystery,Uppers,12556,rock,83,0.819,0.655,0.104,0.766,3.21,0
4dyx5SzxPPaD8xQIid5Wjj,Young Folks,Peter Bjorn and John,Writer's Block,Uppers,12556,alt-rock,76,0.812,0.699,0.105,0.662,4.61,0
6FE2iI43OZnszFLuLtvvmg,Classic,MKTO,MKTO,Uppers,12556,rock,82,0.791,0.72,0.157,0.756,2.92,0
44f2AVSNQ3xVs1EI0S0bjl,Like Real People Do,Hozier,Hozier,Sleep ,12557,singer-songwriter,68,0.183,0.569,0.106,0.13,3.3,0
0dHF8t7OIhgPele5WRUfWG,I'm Gonna Be (500 Miles),Sleeping At Last,"Covers, Vol. 1",Sleep ,12557,ambient,54,0.228,0.394,0.113,0.258,3.53,0
6QHGyXR0m3PDStlyHN8dYK,Stay Alive,José González,Stay Alive,Sleep ,12557,folk,0,0.306,0.714,0.0924,0.314,4.45,0
2tKOIBLJ2j384tnunmmKi7,From Eden,Hozier,From Eden EP,Sleep ,12557,singer-songwriter,63,0.676,0.395,0.117,0.315,3.71,0
3Y7fpFZbHLpAvWJJYGehz0,Follow The Sun,Xavier Rudd,Spirit Bird,Sleep ,12557,folk,71,0.394,0.611,0.108,0.202,4.27,0
7dGgCgyGJW0KUcRnxpq1Z8,Northern Sky,Nick Drake,Bryter Layter,Sleep ,12557,british,61,0.264,0.53,0.133,0.489,3.73,0
5UcsxVPmXd974EkMtowmNV,Fortune - Acoustic,William Fitzsimmons,Acoustic Sessions,Sleep ,12557,acoustic,55,0.0546,0.529,0.108,0.517,3.8,0
51ZnPFkNTC8zIfv0HZdUnb,Mr. Vain,Culture Beat,Alle 30 Fout!,Dance,12558,techno,62,0.996,0.676,0.333,0.4,3.53,0
1mSzZKMIPZIkn3jFV7v62b,Gyal You A Party Animal,Charly Black,Gyal You A Party Animal,Dance,12558,dancehall,66,0.841,0.588,0.33,0.871,3.58,0
27SdWb2rFzO6GWiYDBTD9j,Cheap Thrills,Sia,This Is Acting,Dance,12558,dance,78,0.698,0.628,0.0907,0.732,3.53,0
378iszndTZAR4dH8kwsLC6,Cheap Thrills,Sia,This Is Acting,Dance,12558,dance,78,0.698,0.628,0.0907,0.732,3.75,0
4Hf7WnR761jpxPr5D46Bcd,Treat You Better,Shawn Mendes,Illuminate,Dance,12558,dance,84,0.819,0.444,0.107,0.747,3.13,0
5SxSAJLJX1f6x8zUNIOe0J,Una Vaina Loca,Fuego,La Musica Del Futuro,Dance,12558,reggaeton,75,0.676,0.792,0.0654,0.712,2.73,0
7wMq5n8mYSKlQIGECKUgTX,Hall of Fame,The Script,#3 Deluxe Version,Dance,12558,rock,60,0.872,0.511,0.0975,0.511,3.38,0
6mghCOaaSvrke0z1EUVUIf,"Hey, Soul Sister",Train,"Save Me, San Francisco (Golden Gate Edition)",Dance,12558,rock,82,0.886,0.673,0.0826,0.795,3.61,0
4vb4mFvYsr2h6enhjJsq9Y,Water Under the Bridge,Adele,25,Dance,12558,british,70,0.833,0.59,0.105,0.538,4.01,0
1ClQpnPU9M6mQpXGvhGPvQ,Sígueme Y Te Sigo,Daddy Yankee,Sígueme Y Te Sigo,Dance,12558,hip-hop,0,0.878,0.736,0.756,0.662,3.5,0
4BHzQ9C00ceJxfG16AlNWb,Send My Love (To Your New Lover),Adele,25,Dance,12558,british,72,0.533,0.688,0.172,0.567,3.72,0
1CkvWZme3pRgbzaxZnTl5X,Rolling in the Deep,Adele,21,Dance,12558,british,81,0.769,0.73,0.0473,0.507,3.8,0
3U6QoOc0XBFC9w82zLF8n4,1 Metro e 65 - Ao Vivo,Sorriso Maroto,Sorriso Eu Gosto Ao Vivo No Maracanãzinho,pagode ,12559,pagode,54,0.794,0.572,0.778,0.784,3.72,0
0Ugt5vyNBsm2tSXRFx75nk,Lua de Mel - Ao Vivo,Sorriso Maroto,Sorriso Eu Gosto Ao Vivo No Maracanãzinho,pagode ,12559,pagode,47,0.81,0.615,0.711,0.633,3.49,0
1DnqUPicdZVmHncWAGwAbz,Instigante - Ao Vivo,Sorriso Maroto,Sorriso Eu Gosto Ao Vivo No Maracanãzinho,pagode ,12559,pagode,46,0.915,0.614,0.786,0.826,2.65,0
61qds9MB7lwUKOWaEQlpxo,Vish - Ao Vivo,Turma do Pagode,Turma do Pagode XV Anos (Ao Vivo),pagode ,12559,pagode,42,0.802,0.608,0.208,0.882,2.91,0
1f2EYhVaMTyD4TjI3KxoGp,Eu Já Te Quis um Dia,Sorriso Maroto,De Volta Pro Amanhã,pagode ,12559,pagode,42,0.623,0.675,0.104,0.818,3.4,0
0fioLzGM8ngbD1w6fMmm45,I'm Not The Only One,Sam Smith,In The Lonely Hour,acoustic,12560,dance,1,0.487,0.684,0.0821,0.456,3.99,0
3GSYWQNnSdovwC2H8HpziA,Almost Lover,A Fine Frenzy,One Cell In The Sea,acoustic,12560,acoustic,57,0.24,0.549,0.106,0.167,4.48,0
4oa14QBfWRDfJy2agySy0L,Gravity,Sara Bareilles,Little Voice,acoustic,12560,acoustic,67,0.275,0.27,0.146,0.231,3.88,0
0tkBOcK7oRVXQJY97zzSvr,Telescope,Cage The Elephant,Melophobia,elise!!!!!,12562,blues,65,0.481,0.589,0.0986,0.176,3.8,0
0EfsDEYaSjGYd66Pr881nq,Cry Baby,The Neighbourhood,Wiped Out!,elise!!!!!,12562,alt-rock,74,0.656,0.581,0.101,0.338,3.92,0
6ZLt6fyonW1xOGMBC9vJPJ,How To Never Stop Being Sad,dandelion hands,It's All In Your Head,elise!!!!!,12562,emo,67,0.245,0.414,0.104,0.132,2.18,0
7a2WDmmAi3kdTRR7vJDpOO,I Exist I Exist I Exist,Flatsound,"Scotland, I Wish You Had Stayed",elise!!!!!,12562,emo,59,0.157,0.445,0.153,0.121,5.24,0
3OMh7VdOoWgtKhJimQQywz,ocean eyes,Billie Eilish,dont smile at me,elise!!!!!,12562,electro,80,0.363,0.511,0.084,0.169,3.34,0
4XY9paoIzAINJvhOP82gR3,Holland,Novo Amor,Holland,elise!!!!!,12562,ambient,60,0.174,0.496,0.114,0.0903,2.66,0
733tju3KUeatsbjcTRQ04i,Yorktown (The World Turned Upside Down),Original Broadway Cast of Hamilton,Hamilton,Hamilton ,12563,show-tunes,64,0.883,0.76,0.727,0.51,4.04,0
3D4J0o9w44QKFrBrYrSVJY,What Comes Next?,Jonathan Groff,Hamilton,Hamilton ,12563,show-tunes,63,0.302,0.515,0.199,0.277,1.66,0
4eeN8erNIbW2osT0knz5vT,I Know Him,Jonathan Groff,Hamilton,Hamilton ,12563,show-tunes,61,0.436,0.67,0.722,0.378,1.63,0
7EsSVPxaYoAZjQwhspJBs2,"Who Lives, Who Dies, Who Tells Your Story",Original Broadway Cast of Hamilton,Hamilton,Hamilton ,12563,show-tunes,63,0.326,0.353,0.0904,0.156,3.62,0
4eXwZEaNP8LIsr8GwhbIrV,Red Dress,MAGIC!,Primary Colours,feels,12564,reggae,50,0.795,0.653,0.203,0.803,3.35,0
1GxNPd5r7D1zChEMuMhue0,Only,RY X,Dawn,feels,12564,folk,34,0.175,0.293,0.109,0.089,4.47,0
7KXjTSCq5nL1LoYtL7XAwS,HUMBLE.,Kendrick Lamar,DAMN.,feels,12564,hip-hop,84,0.621,0.908,0.0958,0.421,2.95,1
4N1N6Ibcrube1V7Ktge0ab,D Rose,Lil Pump,D Rose,feels,12564,emo,55,0.553,0.781,0.383,0.308,2.1,0
3iVAyrTlbWGBq0laeQ18z2,Walking On A Dream,Empire of the Sun,Walking On A Dream,feels,12564,alt-rock,79,0.701,0.871,0.0589,0.716,3.31,0
1jyddn36UN4tVsJGtaJfem,You Are the Best Thing,Ray LaMontagne,Gossip In The Grain,wedding,12565,acoustic,67,0.727,0.578,0.172,0.885,3.86,0
3iFYY09Z5yoNy1QnJBt4AR,Candy Wrappers,Summer Salt,So Polite,Aug,12566,garage,56,0.546,0.691,0.302,0.483,3.24,0
1JO1xLtVc8mWhIoE3YaCL0,Happy Together,The Turtles,Happy Together,Aug,12566,folk,76,0.367,0.584,0.0818,0.588,2.94,0
3EEzQDCP8jRl2pEt9eDKMO,I Follow You,Melody's Echo Chamber,Melody's Echo Chamber,Aug,12566,french,49,0.78,0.41,0.233,0.727,3.59,0
0EMmVUYs9ZZRHtlADB88uz,Come On Eileen,Dexys Midnight Runners,Too Rye Ay,summer,12567,ska,2,0.769,0.45,0.306,0.604,4.79,0
4y1LsJpmMti1PfRQV9AWWe,Girls Just Want to Have Fun,Cyndi Lauper,She's So Unusual,summer,12567,disco,79,0.799,0.71,0.349,0.725,3.97,0
7jeOETwLUP84mPQzxlD5nh,Then He Kissed Me,The Crystals,Da Doo Ron Ron: The Very Best of The Crystals,summer,12567,rock-n-roll,59,0.678,0.431,0.199,0.633,2.65,0
5oQcOu1omDykbIPSdSQQNJ,1985,Bowling For Soup,A Hangover You Don't Deserve,summer,12567,punk-rock,71,0.887,0.606,0.337,0.903,3.22,0
1AhDOtG9vPSOmsWgNW0BEY,Bohemian Rhapsody - Remastered 2011,Queen,A Night At The Opera,summer,12567,rock,82,0.404,0.414,0.3,0.224,5.91,0
4bHsxqR3GMrXTxEPLuK5ue,Don't Stop Believin',Journey,Escape,summer,12567,hard-rock,83,0.748,0.5,0.447,0.514,4.18,0
1hlveB9M6ijHZRbzZ2teyh,We're Not Gonna Take It,Twisted Sister,Stay Hungry,summer,12567,hard-rock,0,0.925,0.502,0.162,0.923,3.66,0
3yrSvpt2l1xhsV9Em88Pul,Brown Eyed Girl,Van Morrison,Blowin' Your Mind!,summer,12567,folk,80,0.583,0.491,0.406,0.908,3.06,0
2WfaOiMkCvy7F5fcp2zZ8L,Take On Me,a-ha,Hunting High And Low,summer,12567,synth-pop,0,0.931,0.524,0.0588,0.811,3.75,0
27L8sESb3KR79asDUBu8nW,Stacy's Mom,Fountains Of Wayne,Welcome Interstate Managers,summer,12567,alt-rock,76,0.75,0.774,0.0808,0.927,3.3,0
7Di7t9yGoxdZRLAt5a4pi0,Manic Monday,The Bangles,Different Light,summer,12567,disco,46,0.571,0.685,0.214,0.869,3.07,0
4Z1fbYp0HuxLBje4MOZcSD,Twist And Shout - Remastered 2009,The Beatles,Please Please Me,summer,12567,british,75,0.849,0.482,0.0414,0.937,2.59,0
6nLvaCZFR1wEzW3sIKpsnr,"Valerie - Live At BBC Radio 1 Live Lounge, London / 2007",Amy Winehouse,Back To Black,Housewarming,12568,british,75,0.371,0.772,0.167,0.684,3.9,0
5lJUXSjRjevVy7I3P87wuK,Your Touch,The Black Keys,Magic Potion,Housewarming,12568,garage,62,0.768,0.532,0.377,0.698,2.71,0
7KXjTSCq5nL1LoYtL7XAwS,HUMBLE.,Kendrick Lamar,DAMN.,Housewarming,12568,hip-hop,84,0.621,0.908,0.0958,0.421,2.95,1
3PEgB3fkiojxms35ntsTgs,More Than You Know,Axwell /\ Ingrosso,More Than You Know,Housewarming,12568,dance,80,0.741,0.646,0.312,0.571,3.38,0
0rRjGruFonCGOt0S5zAJNQ,The Other Side Of Paradise,Glass Animals,How To Be A Human Being,Housewarming,12568,indie-pop,72,0.338,0.689,0.0649,0.568,5.34,1
7r8idehyb1p3PZXd7PmsEi,The Last Of The Real Ones,Fall Out Boy,The Last Of The Real Ones,Housewarming,12568,emo,62,0.872,0.576,0.188,0.559,3.84,0
3hB5DgAiMAQ4DzYbsMq1IT,Love Yourself,Justin Bieber,Purpose,skating,12569,pop,84,0.378,0.609,0.28,0.515,3.9,0
1rIKgCH4H52lrvDcz50hS8,Lush Life,Zara Larsson,So Good,skating,12569,dance,78,0.712,0.694,0.211,0.799,3.35,0
1cOyWWUr3oXJIxY0AjJEx9,YOUTH,Troye Sivan,Blue Neighbourhood,skating,12569,dance,72,0.737,0.628,0.0777,0.592,3.09,0
7AzFID6u1b3zIWbd9pb8Dk,Summer in the City - Remastered,The Lovin' Spoonful,Hums Of The Lovin' Spoonful,NEW york,12570,psych-rock,65,0.681,0.423,0.0889,0.56,2.67,0
3Ti0GdlrotgwsAVBBugv0I,Can I Kick It?,A Tribe Called Quest,People's Instinctive Travels and the Paths of Rhythm (25th Anniversary Edition),NEW york,12570,hardcore,70,0.666,0.848,0.129,0.744,4.19,0
0IqKeD8ZSP72KbGYyzEcAs,Take Me To Church,Hozier,Hozier,NEW york,12570,singer-songwriter,83,0.664,0.566,0.116,0.437,4.03,0
1cOyWWUr3oXJIxY0AjJEx9,YOUTH,Troye Sivan,Blue Neighbourhood,NEW york,12570,dance,72,0.737,0.628,0.0777,0.592,3.09,0
5p3JunprHCxClJjOmcLV8G,Walk On the Wild Side,Lou Reed,Transformer,NEW york,12570,psych-rock,73,0.318,0.575,0.0934,0.385,4.24,0
6yjKlmm7vOszkXEUku1EM1,New York State of Mind,Billy Joel,Turnstiles,NEW york,12570,piano,63,0.373,0.506,0.323,0.194,6.04,0
2fbXJ0VpxhW7j0qcg1DnoZ,Big Jet Plane,Angus & Julia Stone,Down The Way,NEW york,12570,folk,61,0.387,0.762,0.13,0.274,3.99,0
2Tjlq3aGhg3dIZFvSfsnyc,From Eden,Hozier,Hozier,NEW york,12570,singer-songwriter,63,0.676,0.395,0.117,0.315,4.72,0
2i3ziETyx5OGbBRD7Ud92p,I Love You Always Forever,Betty Who,The Valley,NEW york,12570,electro,59,0.613,0.532,0.292,0.493,3.72,0
7cKLOenzViwzoHJWciMIrj,Bam Bam,Sister Nancy,One Two,NEW york,12570,dancehall,67,0.605,0.722,0.248,0.709,3.28,0
1Co1RNm1i1RL9v1VeShNO3,Dancing On My Own,Robyn,Body Talk Pt. 1,NEW york,12570,swedish,64,0.857,0.674,0.0942,0.278,4.81,0
7DfFc7a6Rwfi3YQMRbDMau,Thinkin Bout You,Frank Ocean,channel ORANGE,NEW york,12570,soul,78,0.339,0.721,0.0973,0.2,3.35,0
7qiZfU4dY1lWllzX7mPBI3,Shape of You,Ed Sheeran,÷,NEW york,12570,pop,86,0.652,0.825,0.0931,0.931,3.9,0
2xYlyywNgefLCRDG8hlxZq,"Take Me Home, Country Roads",John Denver,"The John Denver Collection, Vol. 1: Take Me Home Country Roads",NEW york,12570,country,73,0.395,0.462,0.121,0.625,3.3,0
62vpWI1CHwFy7tMIcSStl8,No Role Modelz,J. Cole,2014 Forest Hills Drive,Good rap,12571,hip-hop,88,0.521,0.69,0.0534,0.494,4.88,0
33JcUj9qQDayKswunZP9ar,Best Friend,Young Thug,Best Friend,Good rap,12571,hip-hop,4,0.598,0.959,0.358,0.408,3.55,0
5e0O7MjhNHq9G67qDFM8nR,"Monsters, Inc.",Randy Newman,"Monsters, Inc.",Disney,12572,disney,33,0.484,0.675,0.201,0.797,2.11,0
50ssiEHx556vul2XyUbxwU,"Bibbidi-Bobbidi-Boo - From ""Cinderella""",Verna Felton,Disney's Greatest Volume 1,Disney,12572,disney,56,0.525,0.513,0.233,0.887,1.3,0
5NuSl9oJPs7vRoVJi4Se8O,He Lives in You,Lebo M.,Rhythm of the Pride Lands,Disney,12572,disney,23,0.632,0.692,0.0971,0.29,4.85,0
7fjmYUeonVOEyr0lYOKvMy,I've Got No Strings,Dickie Jones,Pinocchio,Disney,12572,disney,21,0.289,0.51,0.0893,0.874,2.38,0
1KPDAA9zyJXcEDvFW5inYi,Down the Line,Beach Fossils,Somersault,beachy,12573,chill,67,0.743,0.615,0.148,0.528,2.64,0
6ZYS6QQxTLsQ6IFXdVx1r4,Ophelia,The Lumineers,Cleopatra,beachy,12573,folk,79,0.573,0.664,0.0857,0.566,2.67,0
7BVwi9cIzSc6tpyxsp47vJ,Mess Is Mine,Vance Joy,Dream Your Life Away,beachy,12573,folk,64,0.723,0.595,0.0995,0.272,3.73,0
0j6YwWZVHsIFKr5FDEu68o,Jackie And Wilson,Hozier,Hozier,beachy,12573,singer-songwriter,60,0.712,0.566,0.124,0.753,3.72,0
1mia2jUSO5ea1Pe7xmsLV0,Indian Summer,Jai Wolf,Indian Summer,beachy,12573,edm,58,0.825,0.435,0.0845,0.0425,4.14,0
2NtAwdkesWt1QkcMTe4IjN,Someone New,Hozier,Hozier,beachy,12573,singer-songwriter,67,0.539,0.593,0.286,0.577,3.71,0
2tznHmp70DxMyr2XhWLOW0,Cigarette Daydreams,Cage The Elephant,Melophobia,beachy,12573,blues,79,0.676,0.636,0.0831,0.273,3.48,0
0VxocBntP1XTZRsR9ZURPS,La Vie En Rose,Daniela Andrade,La Vie En Rose,chill,12574,folk,62,0.149,0.475,0.14,0.318,1.76,0
0Dv2dILPDIqPjCqGbW9WTN,Tezeta,Mulatu Astatke,New York - Addis - London: The Story of Ethio Jazz 1965-1975,yo,12575,afrobeat,49,0.254,0.549,0.0994,0.541,6.14,0
5xlS0QkVrSH7ssEbBgBzbM,Little Saint Nick,The Beach Boys,The Beach Boys' Christmas Album,CHRISTMAS,12577,psych-rock,0,0.424,0.551,0.165,0.925,1.98,0
3MhbB5T6ZickGjX7Plty7x,Frosty The Snowman,Ella Fitzgerald,Ella Wishes You A Swinging Christmas,CHRISTMAS,12577,blues,0,0.502,0.579,0.281,0.836,2.2,0
23e53JCxxqZBTz5AO6SjTS,The Secret Of Christmas,Ella Fitzgerald,Ella Wishes You A Swinging Christmas,CHRISTMAS,12577,blues,0,0.175,0.258,0.136,0.107,2.76,0
5humEOJehpAwMJEJmb0JJ2,The Christmas Song (Merry Christmas To You),Nat King Cole,The Nat King Cole Story,CHRISTMAS,12577,jazz,1,0.21,0.32,0.138,0.208,3.18,0
21BrE3qn6z1S3KNA4d8uPK,Follow You,Bring Me The Horizon,That's The Spirit,My baby,12578,metal,69,0.661,0.54,0.125,0.506,3.84,0
2N0volXQpwsvjDorTTxBAU,Bonfire Heart,James Blunt,Moon Landing,My baby,12578,rock,0,0.821,0.575,0.124,0.473,3.97,0
1vZSnCXJtFGaCOfCWyXn0z,Tell Her You Love Her,Echosmith,Talking Dreams,My baby,12578,indie-pop,0,0.556,0.636,0.105,0.175,4.11,0
6wNeKPXF0RDKyvfKfri5hf,Dollhouse,Melanie Martinez,Cry Baby,My baby,12578,electro,74,0.708,0.725,0.777,0.555,3.86,0
6MDijuuArPJv1vbp7K1x3f,Genghis Khan,Miike Snow,iii,My baby,12578,swedish,62,0.847,0.688,0.598,0.453,3.54,0
3kYLXiKj14M0YkX32YqqWs,Looking Too Closely,Fink,Hard Believer,My baby,12578,folk,62,0.519,0.477,0.0949,0.102,5.18,0
5NeIONQWJ25uPylJBJiO4c,Through Glass,Stone Sour,Come What(ever) May,My baby,12578,grunge,71,0.753,0.545,0.389,0.434,4.72,0
28IEbk5a7twNTbUEvWslUb,Paralyzer,Finger Eleven,Them Vs. You Vs. Me,My baby,12578,grunge,75,0.939,0.644,0.233,0.861,3.47,0
1W7zkKgRv9mrLbfdQ8XyH3,Gangsta,Kehlani,Suicide Squad: The Album,My baby,12578,dance,60,0.356,0.447,0.318,0.174,2.95,1
3k2Zv2luPZHpxfFjGpr4Mm,How Far We've Come,Matchbox Twenty,Exile On Mainstream,Old Favorites,12579,grunge,58,0.905,0.566,0.21,0.792,3.5,0
7x8dCjCr0x6x2lXKujYD34,The Pretender,Foo Fighters,"Echoes, Silence, Patience & Grace",Old Favorites,12579,alt-rock,79,0.959,0.433,0.028,0.365,4.49,0
3SVAN3BRByDmHOhKyIDxfC,Karma Police,Radiohead,OK Computer,Old Favorites,12579,alt-rock,76,0.501,0.36,0.172,0.324,4.4,0
1gqsdl891sEVlHjaV1bTR6,Society,Eddie Vedder,Into The Wild,Old Favorites,12579,acoustic,68,0.327,0.561,0.111,0.298,3.94,0
2JuasWPUodaUxf5nwNpciQ,Nutshell,Alice In Chains,Jar Of Flies,Old Favorites,12579,alt-rock,71,0.561,0.384,0.0775,0.159,4.32,0
7CI0VS6ETno5mgHi4PoCrY,Don't Follow,Alice In Chains,Jar Of Flies,Old Favorites,12579,grunge,57,0.37,0.314,0.122,0.28,4.37,0
0fxGA5lxrdYNYoE7yJxTNZ,My December,Linkin Park,Hybrid Theory,Old Favorites,12579,metal,59,0.585,0.73,0.147,0.721,4.33,0
7KXjTSCq5nL1LoYtL7XAwS,HUMBLE.,Kendrick Lamar,DAMN.,Rap,12581,hip-hop,84,0.621,0.908,0.0958,0.421,2.95,1
7floNISpH8VF4z4459Qo18,Look At Me!,XXXTENTACION,Look At Me!,Rap,12581,emo,82,0.726,0.763,0.0976,0.349,2.11,0
6gBFPUFcJLzWGx4lenP6h2,goosebumps,Travis Scott,Birds In The Trap Sing McKnight,Rap,12581,hip-hop,84,0.728,0.841,0.149,0.43,4.06,0
1oTHteQbmJw15rPxPVXUTv,Insane in the Brain,Cypress Hill,Black Sunday,Old School Jams,12582,hardcore,75,0.611,0.897,0.0894,0.769,3.47,0
4rf0pEYSSku3Tkrm0JEYn2,Get It On Tonite (Re-recorded / Remastered),Montell Jordan,Get It On Tonite (Re-Recorded / Remastered),Old School Jams,12582,j-dance,21,0.543,0.771,0.0846,0.891,4.81,0
2g8HN35AnVGIk7B8yMucww,Big Poppa,The Notorious B.I.G.,Ready To Die The Remaster,Old School Jams,12582,hardcore,49,0.671,0.765,0.0506,0.798,4.21,1
4SZ3B3y1TbwTK4OIXMOVEy,Boyz-N-The-Hood,Eazy-E,The Best Of N.W.A: The Strength Of Street Knowledge,Old School Jams,12582,hardcore,69,0.479,0.785,0.334,0.727,5.62,0
7iL6o9tox1zgHpKUfh9vuC,In Da Club,50 Cent,Get Rich Or Die Tryin',Old School Jams,12582,hip-hop,83,0.713,0.899,0.0708,0.777,3.22,1
28IvFkxf9TBHdCIe3n1JWm,Because I Got High - Extended Version,Afroman,The Good Times,Old School Jams,12582,comedy,53,0.336,0.788,0.321,0.796,5.17,0
32SFvZODywPBVDYSYtqxCj,Ruff Ryders' Anthem,DMX,Greatest Hits With A Twist - Deluxe Edition,Old School Jams,12582,hardcore,70,0.577,0.88,0.201,0.74,3.85,1
3yfqSUWxFvZELEM4PmlwIR,The Real Slim Shady,Eminem,The Marshall Mathers LP,Old School Jams,12582,hip-hop,87,0.661,0.949,0.0454,0.76,4.74,1
4LxIGAVfcQIw0zAQRyFhU8,Motownphilly,Boyz II Men,Cooleyhighharmony,Old School Jams,12582,r-n-b,1,0.92,0.752,0.116,0.744,3.92,0
6KIKRz9eSTXdNsGUnomdtW,Straight Outta Compton,N.W.A.,Straight Outta Compton,Old School Jams,12582,hardcore,72,0.878,0.834,0.334,0.418,4.31,0
5n8Aro6j1bEGIy7Tpo7FV7,Fuck Tha Police,N.W.A.,Straight Outta Compton,Old School Jams,12582,hardcore,71,0.75,0.859,0.0538,0.857,5.76,0
1pOIpxfrQ8AszXZdKR3aH3,Gangsta Gangsta,N.W.A.,Straight Outta Compton,Old School Jams,12582,hardcore,64,0.698,0.894,0.329,0.695,5.62,0
16LnNR25rqcvQVNv5UEQ7g,X,Xzibit,The Greatest,Old School Jams,12582,hardcore,63,0.678,0.936,0.0838,0.822,4.26,0
4tXA1TUmKvz7CbUT9LUHDx,X Gon' Give It To Ya,DMX,The Definition Of X: Pick Of The Litter,Old School Jams,12582,hardcore,74,0.899,0.761,0.0719,0.673,3.63,1
0svl7cK07gK1ia5ainczU5,Break Ya Neck,Busta Rhymes,Genesis,Old School Jams,12582,hardcore,69,0.809,0.82,0.0613,0.737,3.85,0
1w29UTa5uUvIri2tWtZ12Y,Hip Hop Hooray,Naughty By Nature,19 Naughty III,Old School Jams,12582,hardcore,67,0.642,0.862,0.272,0.765,4.45,0
2LjiPAQOVazT8sRyXL3XRs,Informer,Snow,12 Inches Of Snow,Old School Jams,12582,reggae,0,0.886,0.727,0.361,0.427,4.5,0
5ngSGTy4Tw8cIBCMeIgoc9,Why We Thugs,Ice Cube,"Laugh Now, Cry Later",GG,12583,funk,0,0.59,0.783,0.148,0.664,3.74,0
2qOm7ukLyHUXWyR4ZWLwxA,It Was A Good Day,Ice Cube,The Predator,GG,12583,funk,82,0.744,0.798,0.292,0.794,4.33,0
65iyI1iybyv5ecsfBHSdUf,Gangsta Nation,Westside Connection,Terrorist Threats,GG,12583,hardcore,67,0.7,0.843,0.876,0.675,4.88,0
16LnNR25rqcvQVNv5UEQ7g,X,Xzibit,The Greatest,GG,12583,hardcore,63,0.678,0.936,0.0838,0.822,4.26,0
64E7c7HdsIbbDWDSGxNJVF,Poppin' Them Thangs,G-Unit,Beg For Mercy,GG,12583,hardcore,37,0.753,0.768,0.063,0.935,4.01,0
5FQXMRDSTkn9fowDJ3kZo8,You're Going Down,Sick Puppies,Tri-Polar,Rock,12585,alt-rock,66,0.833,0.49,0.15,0.39,3.12,0
3asFGFY3uLjMDmML1p0tYm,Savior,Rise Against,Appeal To Reason,Rock,12585,hardcore,75,0.932,0.554,0.425,0.478,4.04,0
2GTBnTnkvaNhVg7ADGnVzN,Prayer Of The Refugee,Rise Against,The Sufferer & The Witness,Rock,12585,hardcore,66,0.977,0.198,0.23,0.351,3.32,0
6ZOBP3NvffbU4SZcrnt1k6,Kryptonite,3 Doors Down,The Better Life,Rock,12585,alt-rock,0,0.848,0.544,0.134,0.489,3.9,0
3NLrRZoMF0Lx6zTlYqeIo4,Here Without You,3 Doors Down,Away From The Sun,Rock,12585,alt-rock,0,0.545,0.556,0.124,0.193,3.98,0
6uMPJ3NmW8FfqqNwqjUHrB,When You're Young,3 Doors Down,Time Of My Life,Rock,12585,grunge,50,0.778,0.462,0.108,0.219,4.27,0
7fKsaiVDwKe6VVsiGk48YG,Citizen/Soldier,3 Doors Down,3 Doors Down,Rock,12585,grunge,48,0.818,0.638,0.191,0.47,3.88,0
0eKyHwckh9vQb8ncZ2DXCs,With Arms Wide Open,Creed,Human Clay,Rock,12585,grunge,56,0.533,0.415,0.176,0.126,4.58,0
5ceGigL7CZQ3Ih6W8SIbv8,Blurry,Puddle Of Mudd,Come Clean,Rock,12585,grunge,65,0.936,0.432,0.14,0.499,5.07,0
1uwTmwkjv7wFImfzegvdI6,She Hates Me,Puddle Of Mudd,Come Clean,Rock,12585,grunge,72,0.748,0.58,0.753,0.584,3.61,0
3cd5ZBzm8007hIR88f0v8d,Casual Sex,My Darkest Days,Sick And Twisted Affair,Rock,12585,grunge,60,0.922,0.671,0.662,0.858,3.23,0
5ynWvN3bQymHVThxutO4hG,Bad Girlfriend,Theory of a Deadman,Scars & Souvenirs,Rock,12585,grunge,66,0.957,0.504,0.187,0.676,3.43,0
0uybt73QFXaLCoxuVf6fhm,It's Not My Time,3 Doors Down,3 Doors Down,Rock,12585,grunge,59,0.934,0.529,0.118,0.282,4.03,0
7L605WhF5EGf34ggj87yK6,You And Me,Lifehouse,Lifehouse,Rock,12585,alt-rock,1,0.427,0.459,0.168,0.357,3.26,0
0wqOReZDnrefefEsrIGeR4,Hanging By A Moment,Lifehouse,No Name Face,Rock,12585,grunge,63,0.858,0.537,0.0812,0.502,3.6,0
6ihL9TjfRjadfEePzXXyVF,Gives You Hell,The All-American Rejects,When The World Comes Down,Rock,12585,punk-rock,0,0.675,0.725,0.0537,0.595,3.55,0
6WkSUgo1VdpzgtiXKlFPcY,Dammit,blink-182,Dude Ranch,Rock,12585,punk-rock,68,0.974,0.429,0.164,0.33,2.76,0
12qZHAeOyTf93YAWvGDTat,All The Small Things,blink-182,Enema Of The State,Rock,12585,punk-rock,2,0.9,0.442,0.395,0.609,2.8,0
0DkmhHO4yyqCJFjosmmWPU,Almost Easy,Avenged Sevenfold,Avenged Sevenfold,Rock,12585,metal,64,0.959,0.378,0.102,0.338,3.9,0
1urvke4VZGwRmP2PVlqFCy,If Today Was Your Last Day,Nickelback,Dark Horse,Rock,12585,grunge,68,0.911,0.485,0.092,0.568,4.13,0
2zfH2NDPDBDjNaPNJ60lnb,Gotta Be Somebody,Nickelback,Dark Horse,Rock,12585,grunge,64,0.89,0.536,0.133,0.205,4.22,0
3rjM7GhxdVq1YySsHBs21i,Animals,Nickelback,All The Right Reasons,Rock,12585,alt-rock,3,0.963,0.569,0.22,0.82,3.11,0
44w63XqGr3sATAzOnOySgF,If Everyone Cared,Nickelback,All The Right Reasons,Rock,12585,grunge,55,0.85,0.519,0.279,0.211,3.59,0
2cCWbBmadLbKvr9xddC79R,Too Bad,Nickelback,Silver Side Up,Rock,12585,grunge,60,0.808,0.598,0.147,0.288,3.87,0
3G0PaoAphGzJZbJ6VRQJhs,Second Chance,Shinedown,The Sound of Madness,Rock,12585,grunge,69,0.796,0.46,0.106,0.182,3.7,0
0Ldlex2J63L6Dop9Pk2Rz9,Bully,Shinedown,Amaryllis,Rock,12585,grunge,31,0.969,0.519,0.111,0.48,4.05,0
420JGkyLfLUZcgBHKiIK9v,45,Shinedown,Leave A Whisper,Rock,12585,grunge,67,0.657,0.446,0.189,0.215,4.17,0
2cLvZokGgikrGmY6XIzztS,Every Lie,My Darkest Days,My Darkest Days,Rock,12585,grunge,61,0.938,0.578,0.229,0.594,2.94,0
7qXM4YjJAz6QTLg5gftm0r,Never Gonna Be Alone,Nickelback,Dark Horse,Rock,12585,grunge,62,0.802,0.544,0.122,0.59,3.79,0
0M955bMOoilikPXwKLYpoi,I Hate Everything About You,Three Days Grace,Three Days Grace,Rock,12585,grunge,72,0.83,0.498,0.139,0.453,3.86,0
5y7NRMui3GLbwj2zBaOqo1,Never Too Late,Three Days Grace,One-X,Rock,12585,grunge,70,0.778,0.433,0.163,0.217,3.49,0
0XGV1bem5W9ICY2rgleryV,Chalk Outline,Three Days Grace,Transit Of Venus,Rock,12585,grunge,62,0.792,0.59,0.0448,0.663,3.03,0
3mcG2NI5G5vhrQtRda1YnA,The Middle,Jimmy Eat World,Bleed American,Rock,12585,alt-rock,0,0.848,0.644,0.0676,0.928,2.8,0
2TfSHkHiFO4gRztVIkggkE,"Sugar, We're Goin Down",Fall Out Boy,From Under The Cork Tree,Rock,12585,emo,2,0.887,0.5,0.114,0.631,3.82,0
0Ti2dlF2xLjXblvdU5fCxM,Miss Murder,AFI,DECEMBERUNDERGROUND,Rock,12585,emo,72,0.873,0.308,0.0974,0.686,3.44,0
1p1nO35bbi4ZlQgjIA4oa4,The Kill (Bury Me),Thirty Seconds To Mars,A Beautiful Lie,Rock,12585,grunge,1,0.912,0.179,0.582,0.289,3.86,0
1N62wozuHCvczCkY4QidpP,Over My Head (Cable Car),The Fray,How To Save A Life,Rock,12585,piano,70,0.729,0.592,0.0653,0.709,3.94,0
5fVZC9GiM4e8vu99W0Xf6J,How to Save a Life,The Fray,How To Save A Life,Rock,12585,piano,80,0.743,0.64,0.101,0.361,4.38,0
0jqblvsI9LBY4irmLVqqEO,Welcome to the Family,Avenged Sevenfold,Nightmare,Rock,12585,metal,67,0.946,0.567,0.0567,0.699,4.09,0
0Y8RYTRtoPt7lwfgXRc9jt,Anthem For The Underdog,12 Stones,Anthem For The Underdog,Rock,12585,grunge,59,0.863,0.2,0.339,0.468,3.07,0
0ba2N1ps6QjuSmOA8XYtvt,World So Cold,12 Stones,Anthem For The Underdog,Rock,12585,grunge,55,0.688,0.262,0.36,0.394,3.92,0
4eAwB5pnKFTmsgc3zWoYO0,Fake It,Seether,Finding Beauty In Negative Spaces,Rock,12585,grunge,75,0.95,0.611,0.0543,0.607,3.23,0
55KYlnsC6nYnr3IykbmJwE,The Good Life,Three Days Grace,Life Starts Now,Rock,12585,grunge,64,0.911,0.548,0.23,0.654,2.89,0
28IEbk5a7twNTbUEvWslUb,Paralyzer,Finger Eleven,Them Vs. You Vs. Me,Rock,12585,grunge,75,0.939,0.644,0.233,0.861,3.47,0
6gdXnOaopMtiEQfXgzhSxN,Devour,Shinedown,The Sound of Madness,Rock,12585,grunge,25,0.981,0.337,0.0697,0.228,3.81,0
0Q9f1NBvKCC37V4oJVEgCh,Breakdown,Seether,Finding Beauty In Negative Spaces,Rock,12585,grunge,60,0.871,0.417,0.0867,0.188,3.49,0
44NRdYQw7P0GWuiunRv3hr,I Stand Alone,Godsmack,Faceless,Rock,12585,grunge,68,0.92,0.217,0.102,0.376,4.1,0
6skRokbpxb1OFXqxzpEQVi,Hearts Burst into Fire,Bullet For My Valentine,Scream Aim Fire,Rock,12585,metalcore,50,0.968,0.24,0.119,0.119,4.97,0
2UREu1Y8CO4jXkbvqAtP7g,Monster,Skillet,Awake,Rock,12585,alt-rock,77,0.957,0.64,0.0789,0.692,2.97,0
3oQpVsTPxbMobnIjeogbJz,The Wings,Gustavo Santaolalla,Brokeback Mountain Soundtrack,Sexy,12586,ambient,36,0.0406,0.525,0.118,0.31,1.88,0
5yyRH93h4Pm6tXXYTxt7ea,The Blower's Daughter,Damien Rice,O,Sexy,12586,singer-songwriter,0,0.2,0.343,0.341,0.074,4.76,0
6IE47jpPeatF2Iay7GZtEc,Feel It All Around,Washed Out,Life Of Leisure,Sexy,12586,synth-pop,63,0.737,0.34,0.0699,0.499,3.2,0
4i13Vno2UPtn6kp2Ge9N2J,New Theory,Washed Out,Life Of Leisure,Sexy,12586,synth-pop,53,0.865,0.549,0.147,0.355,2.81,0
7xiXaJlz5cTKL168OBVzun,It Could Be Sweet,Portishead,Dummy,Sexy,12586,trip-hop,53,0.52,0.668,0.13,0.556,4.3,0
1LzNfuep1bnAUR9skqdHCK,Fade Into You,Mazzy Star,So Tonight That I Might See,Sexy,12586,alt-rock,79,0.33,0.42,0.0677,0.175,4.93,0
0IqKeD8ZSP72KbGYyzEcAs,Take Me To Church,Hozier,Hozier,Sexy,12586,singer-songwriter,83,0.664,0.566,0.116,0.437,4.03,0
4OO2lavE7yz5Ane6fEYXp3,Everything You Do Is A Balloon,Boards of Canada,Hi Scores,Sexy,12586,trip-hop,49,0.385,0.54,0.101,0.0875,7.07,0
6KzL8s8GdRbd5Mal8yLz6R,Better Together,Us The Duo,Better Together,Hawaii,12587,acoustic,64,0.311,0.761,0.15,0.553,3.35,0
3S0OXQeoh0w6AY8WQVckRW,I'm Yours,Jason Mraz,We Sing. We Dance. We Steal Things.,Hawaii,12587,acoustic,80,0.444,0.703,0.0973,0.712,4.04,0
6mghCOaaSvrke0z1EUVUIf,"Hey, Soul Sister",Train,"Save Me, San Francisco (Golden Gate Edition)",Hawaii,12587,rock,82,0.886,0.673,0.0826,0.795,3.61,0
359krpyCKcFF8SFvqWES9L,Wagon Wheel,Old Crow Medicine Show,O.C.M.S.,joy,12588,bluegrass,67,0.403,0.621,0.114,0.634,3.87,0
3ZMv9EzGoteNi5Qnx0KpEO,Skinny Love,Bon Iver,"For Emma, Forever Ago",joy,12588,folk,73,0.263,0.592,0.127,0.109,3.87,0
2fSIF8CJhoc9CJhF9vJDXp,Jolene,Ray LaMontagne,Trouble,joy,12588,acoustic,64,0.142,0.588,0.0953,0.288,4.18,0
13PUJCvdTSCT1dn70tlGdm,"Welcome Home, Son",Radical Face,Ghost,joy,12588,folk,71,0.497,0.587,0.142,0.401,4.76,0
5DiXcVovI0FcY2s0icWWUu,Mr. Jones,Counting Crows,August And Everything After,My High-Intensity Workout,12589,alt-rock,0,0.836,0.571,0.182,0.73,4.54,0
03CLsFk6JSz301bKuukPSD,Retrograde,James Blake,Overgrown,Mood,12590,electronic,64,0.251,0.533,0.134,0.186,3.73,0
7DfFc7a6Rwfi3YQMRbDMau,Thinkin Bout You,Frank Ocean,channel ORANGE,Mood,12590,soul,78,0.339,0.721,0.0973,0.2,3.35,0
61S0mEfdRtJ62Fc7fPqx0U,Feeling Good,Nina Simone,I Put A Spell On You,Mood,12590,blues,1,0.414,0.428,0.238,0.508,2.9,0
25khomWgBVamSdKw7hzm3l,The Hills,The Weeknd,Beauty Behind The Madness,Mood,12590,pop,3,0.551,0.565,0.139,0.125,4.04,0
62vpWI1CHwFy7tMIcSStl8,No Role Modelz,J. Cole,2014 Forest Hills Drive,gym/hype,12591,hip-hop,88,0.521,0.69,0.0534,0.494,4.88,0
7KXjTSCq5nL1LoYtL7XAwS,HUMBLE.,Kendrick Lamar,DAMN.,gym/hype,12591,hip-hop,84,0.621,0.908,0.0958,0.421,2.95,1
7BHPGtpuuWWsvE7cCaMuEU,Naive,The Kooks,Inside In / Inside Out,the best of the best,12592,indie,1,0.818,0.564,0.0402,0.712,3.39,0
48UPSzbZjgc449aqz8bxox,Californication,Red Hot Chili Peppers,Californication,the best of the best,12592,alt-rock,2,0.765,0.592,0.127,0.327,5.5,0
26ZX2JrAb8AFbr8FFfAsO7,sex,EDEN,i think you think too much of me,the best of the best,12592,indie-pop,66,0.521,0.413,0.323,0.532,3.65,0
6SpLc7EXZIPpy0sVko0aoU,Misery Business,Paramore,RIOT!,the best of the best,12592,emo,1,0.906,0.513,0.113,0.73,3.53,0
5b9iBVhfYxDF4JJcHrNIx5,Gooey,Glass Animals,ZABA,the best of the best,12592,indie-pop,71,0.369,0.487,0.0925,0.106,4.82,1
29tzJGvqJPTAFs6LXmsHoA,R U Mine?,Arctic Monkeys,AM,the best of the best,12592,garage,83,0.758,0.288,0.303,0.619,3.36,0
7brQHA2CgQpcMBiOlfiXYb,Afraid,The Neighbourhood,I Love You.,the best of the best,12592,alt-rock,77,0.701,0.464,0.335,0.356,4.19,1
1jNOi6m3Hn8nLEeHCp5Msr,Seven Nation Army,The White Stripes,Elephant,the best of the best,12592,alt-rock,84,0.446,0.743,0.337,0.278,3.86,0
0rRjGruFonCGOt0S5zAJNQ,The Other Side Of Paradise,Glass Animals,How To Be A Human Being,the best of the best,12592,indie-pop,72,0.338,0.689,0.0649,0.568,5.34,1
56fZFRtOSMIMyVh0ZIF0AT,Knee Socks,Arctic Monkeys,AM,the best of the best,12592,garage,76,0.542,0.665,0.342,0.587,4.29,0
7oK9VyNzrYvRFo7nQEYkWN,Mr. Brightside,The Killers,Hot Fuss,the best of the best,12592,alt-rock,2,0.931,0.344,0.0903,0.251,3.71,0
4bPQs0PHn4xbipzdPfn6du,I Write Sins Not Tragedies,Panic! At The Disco,A Fever You Can't Sweat Out,the best of the best,12592,rock,3,0.792,0.565,0.114,0.639,3.13,0
2tznHmp70DxMyr2XhWLOW0,Cigarette Daydreams,Cage The Elephant,Melophobia,the best of the best,12592,blues,79,0.676,0.636,0.0831,0.273,3.48,0
6ZYS6QQxTLsQ6IFXdVx1r4,Ophelia,The Lumineers,Cleopatra,the best of the best,12592,folk,79,0.573,0.664,0.0857,0.566,2.67,0
203zTFd1zbfG0fiOG9OREv,Tell Me I'm A Wreck,Every Avenue,Picture Perfect,the best of the best,12592,emo,64,0.76,0.578,0.142,0.7,3.67,0
25khomWgBVamSdKw7hzm3l,The Hills,The Weeknd,Beauty Behind The Madness,the best of the best,12592,pop,3,0.551,0.565,0.139,0.125,4.04,0
3SqOC9IRDYGSq9cH6K2GQI,The Anthem,Good Charlotte,Good Charlotte/The Young And The Hopeless,the best of the best,12592,metal,74,0.939,0.494,0.139,0.893,2.92,0
5zT5cMnMKoyruPj13TQXGx,I Found,Amber Run,5AM (Deluxe),the best of the best,12592,folk,74,0.303,0.567,0.104,0.252,4.55,0
0IqKeD8ZSP72KbGYyzEcAs,Take Me To Church,Hozier,Hozier,the best of the best,12592,singer-songwriter,83,0.664,0.566,0.116,0.437,4.03,0
48q0vSHcJdhK3IiXH8C5WJ,Why'd You Only Call Me When You're High?,Arctic Monkeys,AM,the best of the best,12592,garage,88,0.631,0.691,0.104,0.8,2.69,0
2oaK4JLVnmRGIO9ytBE1bt,Dark Necessities,Red Hot Chili Peppers,The Getaway,the best of the best,12592,alt-rock,74,0.742,0.7,0.11,0.197,5.03,0
1DndHckdH9m5rp6gYP086b,Runaround Sue,Dion,Runaround Sue,Road Trip,12593,rock-n-roll,67,0.607,0.364,0.251,0.598,2.86,0
2WfaOiMkCvy7F5fcp2zZ8L,Take On Me,a-ha,Hunting High And Low,Road Trip,12593,synth-pop,0,0.931,0.524,0.0588,0.811,3.75,0
6mghCOaaSvrke0z1EUVUIf,"Hey, Soul Sister",Train,"Save Me, San Francisco (Golden Gate Edition)",Road Trip,12593,rock,82,0.886,0.673,0.0826,0.795,3.61,0
4EnkwZd0UJAuHpNMMemQaA,Closing Time,Semisonic,Feeling Strangely Fine,Road Trip,12593,alt-rock,0,0.854,0.478,0.115,0.274,4.56,0
3yrSvpt2l1xhsV9Em88Pul,Brown Eyed Girl,Van Morrison,Blowin' Your Mind!,Road Trip,12593,folk,80,0.583,0.491,0.406,0.908,3.06,0
1mr3616BzLdhXfJmLmRsO8,Fireflies,Owl City,Ocean Eyes,Road Trip,12593,indie-pop,79,0.662,0.512,0.118,0.472,3.81,0
1iNEjDQp0ESOeVjgyFJpDO,Everybody,Ingrid Michaelson,Everybody,Road Trip,12593,acoustic,54,0.636,0.742,0.0817,0.48,3.47,0
7IWkJwX9C0J7tHurTD7ViL,When We Were Young,Adele,25,Road Trip,12593,british,79,0.595,0.376,0.095,0.265,4.85,0
0pegFWSUOTiG0sLVEfxtvA,Heart's Content,Brandi Carlile,Bear Creek,Road Trip,12593,acoustic,59,0.209,0.564,0.107,0.402,3.58,0
4BHzQ9C00ceJxfG16AlNWb,Send My Love (To Your New Lover),Adele,25,Road Trip,12593,british,72,0.533,0.688,0.172,0.567,3.72,0
2GiJYvgVaD2HtM8GqD9EgQ,Electric Love,BØRNS,Dopamine,Road Trip,12593,rock,82,0.797,0.611,0.26,0.518,3.64,0
1foMv2HQwfQ2vntFf9HFeG,Rhinestone Eyes,Gorillaz,Plastic Beach,SUMMER '17,12594,alternative,80,0.703,0.676,0.0463,0.852,3.34,0
5fLfzMQ6T583mnUke8622M,You Are the Right One,Sports,Naked All the Time,SUMMER '17,12594,soul,70,0.594,0.659,0.632,0.851,2.88,0
0vaf64cpnqM7COUZZkoBig,Electric Feel,MGMT,Oracular Spectacular/Congratulations,SUMMER '17,12594,alt-rock,77,0.803,0.763,0.348,0.561,3.83,0
2Zxili8AmCuqiomg9HzTgH,"Psalm 23 (Surely Goodness, Surely Mercy)",Shane & Shane,"Psalms, Vol. 2",Worship 2,12595,world-music,52,0.276,0.509,0.15,0.138,4.78,0
0QtYlr0TOfrEU4ONDUNA29,O Praise The Name (Anástasis),Hillsong Worship,O Praise The Name (Anástasis),Worship 2,12595,world-music,54,0.488,0.389,0.64,0.303,4.06,0
2LmpO2bjRDHDLSqxIUCkon,Till I Met You,Laura Story,God of Every Story,Worship 2,12595,world-music,35,0.572,0.509,0.125,0.141,3.3,0
572afBiucwePeZgB1BBRfC,Psalm 91 (On Eagles' Wings),Shane & Shane,"Psalms, Vol. 2",Worship 2,12595,world-music,46,0.271,0.37,0.116,0.112,4.08,0
5KTJJnSs2H1p5SaBXsG0Hb,Cornerstone - Live,Hillsong Worship,Cornerstone,Worship 2,12595,world-music,54,0.568,0.391,0.538,0.129,6.82,0
6mb6lVLNrcUgLnEN8QnDJd,How Far I'll Go,Auli'i Cravalho,Moana,Disney,12596,disney,49,0.307,0.571,0.178,0.108,2.72,0
3Yn97I3qIj7Px0Bi4rkD2q,Evermore,Dan Stevens,Beauty and the Beast,Disney,12596,disney,64,0.396,0.285,0.102,0.219,3.24,0
0jFHMDRXxKaREor3hBEEST,Gashina,SUNMI,SUNMI SPECIAL EDITION [Gashina],dance,12597,k-pop,67,0.833,0.722,0.195,0.53,3.0,0
4q604hQba5940BbOoaenmz,Blood In The Cut,K.Flay,Every Where Is Some Where,Concert,12599,electro,0,0.655,0.77,0.125,0.64,3.15,0
6sDQ4uiWw9OdVrCXFLSlZt,Rap God,Eminem,The Marshall Mathers LP2,Hip-Hop,12600,hip-hop,78,0.843,0.708,0.799,0.625,6.06,1
5J4FiKDJIdJ8AKx2gaWMt4,Your Number,Ayo Jay,Your Number,Hip-Hop,12600,dancehall,60,0.61,0.588,0.303,0.645,3.4,0
1W7zkKgRv9mrLbfdQ8XyH3,Gangsta,Kehlani,Suicide Squad: The Album,Hip-Hop,12600,dance,60,0.356,0.447,0.318,0.174,2.95,1
0KKkJNfGyhkQ5aFogxQAPU,That's What I Like,Bruno Mars,24K Magic,Hip-Hop,12600,dance,83,0.56,0.853,0.0944,0.86,3.44,0
7KXjTSCq5nL1LoYtL7XAwS,HUMBLE.,Kendrick Lamar,DAMN.,Hip-Hop,12600,hip-hop,84,0.621,0.908,0.0958,0.421,2.95,1
3de3pLWU48fpTNlSuM6tyR,Adieu,Tchami,Adieu,pre,12601,deep-house,58,0.747,0.717,0.0772,0.335,6.89,0
6gBFPUFcJLzWGx4lenP6h2,goosebumps,Travis Scott,Birds In The Trap Sing McKnight,pre,12601,hip-hop,84,0.728,0.841,0.149,0.43,4.06,0
0VgkVdmE4gld66l8iyGjgx,Mask Off,Future,FUTURE,pre,12601,hip-hop,83,0.434,0.833,0.165,0.281,3.41,0
02WDuAXXKumemrvsmrVBvH,Wavin' Flag - Coca-Cola® Celebration Mix,K'NAAN,Troubadour,car,12602,reggae,67,0.767,0.58,0.0518,0.776,3.55,0
62vpWI1CHwFy7tMIcSStl8,No Role Modelz,J. Cole,2014 Forest Hills Drive,car,12602,hip-hop,88,0.521,0.69,0.0534,0.494,4.88,0
25khomWgBVamSdKw7hzm3l,The Hills,The Weeknd,Beauty Behind The Madness,car,12602,pop,3,0.551,0.565,0.139,0.125,4.04,0
1eQuRtkMEPhf2DGzpBVTE6,Ode To My Family,The Cranberries,No Need To Argue (The Complete Sessions 1994-1995),Throwback Thursday,12603,rock,1,0.517,0.365,0.265,0.0777,4.53,0
6uQKuonTU8VKBz5SHZuQXD,This Is How We Do It,Montell Jordan,This Is How We Do It,Throwback Thursday,12603,j-dance,66,0.702,0.791,0.423,0.789,3.98,0
4E6cwWJWZw2zWf7VFbH7wf,Love Song,Sara Bareilles,Little Voice,yesterday,12605,acoustic,73,0.786,0.583,0.188,0.573,4.31,0
5FPnjikbwlDMULCCCa6ZCJ,Daughters,John Mayer,Heavier Things,yesterday,12605,singer-songwriter,67,0.413,0.674,0.098,0.503,3.97,0
5fVZC9GiM4e8vu99W0Xf6J,How to Save a Life,The Fray,How To Save A Life,yesterday,12605,piano,80,0.743,0.64,0.101,0.361,4.38,0
7vFv0yFGMJW3qVXbAd9BK9,Your Body Is a Wonderland,John Mayer,Room For Squares,yesterday,12605,singer-songwriter,74,0.729,0.647,0.134,0.687,4.16,0
4SRqDmPxYX0pUb5B5ut2Ri,So Sick,Ne-Yo,In My Own Words,yesterday,12605,dance,3,0.682,0.679,0.287,0.59,3.45,0
7go4n83IV0OO5Ztd1DlDh2,To Where You Are,Josh Groban,Josh Groban,yesterday,12605,opera,54,0.322,0.286,0.0994,0.109,3.9,0
7L605WhF5EGf34ggj87yK6,You And Me,Lifehouse,Lifehouse,yesterday,12605,alt-rock,1,0.427,0.459,0.168,0.357,3.26,0
2TfSHkHiFO4gRztVIkggkE,"Sugar, We're Goin Down",Fall Out Boy,From Under The Cork Tree,yesterday,12605,emo,2,0.887,0.5,0.114,0.631,3.82,0
234RqTZmnDTnxWlVciXHLD,It's Not Over,Daughtry,Daughtry (Deluxe Edition),yesterday,12605,grunge,52,0.92,0.426,0.245,0.296,3.58,0
3x80T4dEFK7tDFzpxA6Dml,What About Now,Daughtry,Daughtry (Deluxe Edition),yesterday,12605,grunge,53,0.862,0.387,0.103,0.337,4.22,0
2ybT2tUk0uqrjFE3ppf0et,Feels Like Tonight,Daughtry,Daughtry (Deluxe Edition),yesterday,12605,grunge,49,0.903,0.483,0.118,0.318,3.98,0
0cDP4NVOv6klhmFqijbBMY,No Surprise,Daughtry,Leave This Town,yesterday,12605,grunge,53,0.823,0.508,0.104,0.152,4.49,0
40LQiUUUKXVGyNs09lHVjW,Lips Of An Angel,Hinder,Extreme Behavior,yesterday,12605,alt-rock,73,0.736,0.476,0.203,0.251,4.36,0
1EFddFVisHbqCHah6oBlhD,Far Away,Nickelback,All The Right Reasons,yesterday,12605,alt-rock,73,0.797,0.518,0.107,0.293,3.97,0
4bHsxqR3GMrXTxEPLuK5ue,Don't Stop Believin',Journey,Escape,yesterday,12605,hard-rock,83,0.748,0.5,0.447,0.514,4.18,0
6shSfM6E3vE43WQLZdI0sL,How Do I Live,LeAnn Rimes,Dance Like You Don't Give A... Greatest Remixes,yesterday,12605,country,69,0.462,0.577,0.0822,0.258,4.45,0
1FMHNVeJ9s1x1l1WlaRs2I,It Ends Tonight,The All-American Rejects,Move Along,yesterday,12605,punk-rock,58,0.631,0.454,0.177,0.313,4.08,0
7oK9VyNzrYvRFo7nQEYkWN,Mr. Brightside,The Killers,Hot Fuss,yesterday,12605,alt-rock,2,0.931,0.344,0.0903,0.251,3.71,0
3k2Zv2luPZHpxfFjGpr4Mm,How Far We've Come,Matchbox Twenty,Exile On Mainstream,yesterday,12605,grunge,58,0.905,0.566,0.21,0.792,3.5,0
1JdKrFyoU05abww0Zv0ayQ,That's What You Get,Paramore,RIOT!,yesterday,12605,emo,68,0.831,0.528,0.141,0.632,3.67,0
4E5P1XyAFtrjpiIxkydly4,Replay,Iyaz,Replay,yesterday,12605,dance,76,0.751,0.706,0.168,0.195,3.04,0
13PUJCvdTSCT1dn70tlGdm,"Welcome Home, Son",Radical Face,Ghost,Things,12606,folk,71,0.497,0.587,0.142,0.401,4.76,0
4mdyVTV7Tr5YDFnD2kvSM4,Bruises,Chairlift,Does You Inspire You,new,12607,synth-pop,56,0.554,0.579,0.101,0.838,4.02,0
4dyx5SzxPPaD8xQIid5Wjj,Young Folks,Peter Bjorn and John,Writer's Block,new,12607,alt-rock,76,0.812,0.699,0.105,0.662,4.61,0
3VCmztoNt9AMNFnh70na3d,Not On Drugs,Tove Lo,Queen Of The Clouds,new,12607,synth-pop,47,0.635,0.7,0.135,0.594,3.04,1
0iTpQYzJnYgh7kIxyq8A2O,Two Weeks,Grizzly Bear,Veckatimest,new,12607,chill,71,0.712,0.537,0.08,0.704,4.05,0
2ihCaVdNZmnHZWt0fvAM7B,Little Talks,Of Monsters and Men,My Head Is An Animal,new,12607,folk,0,0.76,0.446,0.319,0.346,4.44,0
2zsWRxMcUdGjj8TnWkVKw0,Hypnotic,Zella Day,Kicker,new,12607,indie-pop,66,0.724,0.637,0.299,0.414,2.95,0
2Wc2tcQl7cPetPKeXH3GD3,East of Eden,Zella Day,Kicker,new,12607,indie-pop,67,0.803,0.598,0.107,0.567,3.1,0
4VrWlk8IQxevMvERoX08iC,Chandelier,Sia,1000 Forms Of Fear,mine,12608,dance,80,0.787,0.399,0.0685,0.572,3.6,0
6FE2iI43OZnszFLuLtvvmg,Classic,MKTO,MKTO,mine,12608,rock,82,0.791,0.72,0.157,0.756,2.92,0
5U2m76qAMdr3gXI0g6ptlG,Come & Get It,Selena Gomez,Stars Dance,mine,12608,dance,0,0.783,0.552,0.0954,0.575,3.87,0
7wMq5n8mYSKlQIGECKUgTX,Hall of Fame,The Script,#3 Deluxe Version,mine,12608,rock,60,0.872,0.511,0.0975,0.511,3.38,0
0PDUDa38GO8lMxLCRc4lL1,PILLOWTALK,ZAYN,Mind Of Mine (Deluxe Edition),mine,12608,dance,78,0.7,0.584,0.0939,0.438,3.38,1
3CRDbSIZ4r5MsZ0YwxuEkn,Stressed Out,Twenty One Pilots,Blurryface,mine,12608,rock,85,0.637,0.734,0.0602,0.648,3.37,0
27SdWb2rFzO6GWiYDBTD9j,Cheap Thrills,Sia,This Is Acting,mine,12608,dance,78,0.698,0.628,0.0907,0.732,3.53,0
62vpWI1CHwFy7tMIcSStl8,No Role Modelz,J. Cole,2014 Forest Hills Drive,mine,12608,hip-hop,88,0.521,0.69,0.0534,0.494,4.88,0
25khomWgBVamSdKw7hzm3l,The Hills,The Weeknd,Beauty Behind The Madness,mine,12608,pop,3,0.551,0.565,0.139,0.125,4.04,0
4sPmO7WMQUAf45kwMOtONw,Hello,Adele,25,mine,12608,british,74,0.43,0.578,0.0854,0.288,4.92,0
2nLtzopw4rPReszdYBJU6h,Numb,Linkin Park,Meteora,mine,12608,alternative,83,0.863,0.496,0.639,0.243,3.09,0
7oVEtyuv9NBmnytsCIsY5I,BURN IT DOWN,Linkin Park,LIVING THINGS,mine,12608,alternative,75,0.972,0.585,0.0707,0.585,3.84,0
4kfm1uI9QGaoN9qm6CkAMn,What I've Done,Linkin Park,Minutes To Midnight,mine,12608,alternative,58,0.93,0.623,0.138,0.287,3.43,0
28ZsYFeotf6xqFVEZ3Oufb,Undress Rehearsal,Timeflies,Just For Fun,mine,12608,house,60,0.652,0.953,0.0287,0.73,3.58,0
4KKLTVEcvfc4zKOq7Zixcg,BaDinga,TWRK,BaDinga,mine,12608,electronic,50,0.832,0.791,0.0971,0.403,3.5,0
2hgzdQdnfWwtdpZbhZlV72,Ain't Your Mama,Jennifer Lopez,Ain't Your Mama,mine,12608,dance,71,0.678,0.757,0.0654,0.82,3.64,0
7iL6o9tox1zgHpKUfh9vuC,In Da Club,50 Cent,Get Rich Or Die Tryin',Jam,12609,hip-hop,83,0.713,0.899,0.0708,0.777,3.22,1
3pfXxHoydFRfD7IBGJTQAN,Pony,Ginuwine,R&B: From Doo-Wop To Hip-Hop,Jam,12609,soul,73,0.605,0.749,0.115,0.966,4.2,0
4OhkKmvhjl3yk7JF422GWB,Still Not a Player (Remix) - Radio Version,Big Pun,Capital Punishment,Jam,12609,hardcore,40,0.574,0.9,0.0857,0.881,3.95,0
58IL315gMSTD37DOZPJ2hf,Shaky Shaky,Daddy Yankee,Shaky Shaky,Leg day,12610,hip-hop,0,0.626,0.899,0.0631,0.873,3.91,0
3pfXxHoydFRfD7IBGJTQAN,Pony,Ginuwine,R&B: From Doo-Wop To Hip-Hop,Leg day,12610,soul,73,0.605,0.749,0.115,0.966,4.2,0
2LBqCSwhJGcFQeTHMVGwy3,Die For You,The Weeknd,Starboy,r&b chill,12611,pop,88,0.525,0.582,0.134,0.51,4.34,0
19YKaevk2bce4odJkP5L22,Nikes,Frank Ocean,Blonde,r&b chill,12611,soul,72,0.395,0.633,0.108,0.123,5.23,0
7DfFc7a6Rwfi3YQMRbDMau,Thinkin Bout You,Frank Ocean,channel ORANGE,r&b chill,12611,soul,78,0.339,0.721,0.0973,0.2,3.35,0
5b9iBVhfYxDF4JJcHrNIx5,Gooey,Glass Animals,ZABA,r&b chill,12611,indie-pop,71,0.369,0.487,0.0925,0.106,4.82,1
7m9OqQk4RVRkw9JJdeAw96,Jocelyn Flores,XXXTENTACION,17,r&b chill,12611,emo,84,0.391,0.872,0.297,0.437,1.99,0
12qZHAeOyTf93YAWvGDTat,All The Small Things,blink-182,Enema Of The State,Alternative,12612,punk-rock,2,0.9,0.442,0.395,0.609,2.8,0
2TfSHkHiFO4gRztVIkggkE,"Sugar, We're Goin Down",Fall Out Boy,From Under The Cork Tree,Alternative,12612,emo,2,0.887,0.5,0.114,0.631,3.82,0
18GC3F8YPGB8CePXcTUizQ,Thnks fr th Mmrs,Fall Out Boy,Infinity On High,Alternative,12612,emo,2,0.897,0.458,0.103,0.602,3.39,0
4urmOSZcGQVcGz3rpMzy3y,Irresistible,Fall Out Boy,American Beauty/American Psycho,Alternative,12612,emo,63,0.938,0.484,0.236,0.444,3.44,0
6L89mwZXSOwYl76YXfX13s,Basket Case,Green Day,Dookie,Alternative,12612,punk,2,0.943,0.441,0.091,0.781,3.03,0
6nTiIhLmQ3FWhvrGafw2zj,American Idiot,Green Day,American Idiot,Alternative,12612,punk,79,0.988,0.38,0.368,0.769,2.94,0
6ORqU0bHbVCRjXm9AjyHyZ,Good Riddance (Time of Your Life),Green Day,Nimrod,Alternative,12612,punk,0,0.432,0.449,0.161,0.645,2.56,0
2busyK7jKVJaZN4Q6gZqKw,Follow - Radio Edit,Breaking Benjamin,We Are Not Alone,Alternative,12612,grunge,59,0.929,0.582,0.0371,0.58,3.28,0
5wQnmLuC1W7ATsArWACrgW,Welcome to the Black Parade,My Chemical Romance,The Black Parade,Alternative,12612,emo,79,0.905,0.217,0.222,0.236,5.19,0
7j31rVgGX9Q2blT92VBEA0,Teenagers,My Chemical Romance,The Black Parade,Alternative,12612,emo,2,0.858,0.459,0.184,0.855,2.7,0
0J69x3mqm7U6tBPKsjpsWR,"Dear Maria, Count Me In",All Time Low,"So Wrong, It's Right",Alternative,12612,punk-rock,77,0.895,0.459,0.206,0.572,3.05,0
61mWefnWQOLf90gepjOCb3,Duality,Slipknot,Vol. 3: The Subliminal Verses [Special Package],Alternative,12612,alternative,0,0.982,0.354,0.204,0.194,4.21,0
2SnPuxrfkfwmdIZBidB9gT,Until The End,Breaking Benjamin,Breaking Benjamin: Digital Box Set,Alternative,12612,grunge,60,0.927,0.298,0.296,0.389,4.21,0
7dmXD9P68MmRuAY8BA3x42,Far From Home,Five Finger Death Punch,War Is The Answer,Alternative,12612,groove,58,0.688,0.464,0.169,0.228,3.54,0
6rmy8aPXRCvzO07qzTzbvd,Coming Down,Five Finger Death Punch,American Capitalist,Alternative,12612,groove,54,0.991,0.31,0.11,0.187,4.02,0
3c90YjRJpukVbATycig9V4,Remember Everything,Five Finger Death Punch,American Capitalist,Alternative,12612,groove,54,0.824,0.368,0.11,0.12,4.65,0
6TfBA04WJ3X1d1wXhaCFVT,"You're Gonna Go Far, Kid",The Offspring,"Rise And Fall, Rage And Grace",Alternative,12612,alt-rock,81,0.917,0.55,0.197,0.601,2.96,1
5UWwZ5lm5PKu6eKsHAGxOk,Everlong,Foo Fighters,The Colour And The Shape,Alternative,12612,alt-rock,84,0.881,0.413,0.0805,0.364,4.18,0
0M955bMOoilikPXwKLYpoi,I Hate Everything About You,Three Days Grace,Three Days Grace,Alternative,12612,grunge,72,0.83,0.498,0.139,0.453,3.86,0
5eFxwmqKrHpSQDOEIFYlgY,Animal I Have Become,Three Days Grace,One-X,Alternative,12612,alt-rock,74,0.853,0.553,0.126,0.506,3.86,0
2UDumaw7osnyjH7RZ2DLpB,I Am Machine,Three Days Grace,Human,Alternative,12612,grunge,68,0.97,0.402,0.189,0.476,3.34,0
2Z2vOukzwOgqR4dkymRSWd,Santeria,Sublime,Sublime,Alternative,12612,punk,1,0.751,0.665,0.121,0.58,3.04,0
42et6fnHCw1HIPSrdPprMl,Semi-Charmed Life,Third Eye Blind,Third Eye Blind,Alternative,12612,grunge,75,0.864,0.64,0.123,0.701,4.47,0
3mcG2NI5G5vhrQtRda1YnA,The Middle,Jimmy Eat World,Bleed American,Alternative,12612,alt-rock,0,0.848,0.644,0.0676,0.928,2.8,0
1LHZMWefF9502NPfArRfvP,Lift Me Up (feat. Rob Halford of Judas Priest),Five Finger Death Punch,"The Wrong Side Of Heaven And The Righteous Side Of Hell, Volume 1",Alternative,12612,groove,62,0.988,0.508,0.209,0.174,4.1,0
1nLnpLXvl68RZCSjfkyiaa,Brain Stew,Green Day,Insomniac,Alternative,12612,punk,69,0.543,0.559,0.0577,0.337,3.22,0
3SqOC9IRDYGSq9cH6K2GQI,The Anthem,Good Charlotte,Good Charlotte/The Young And The Hopeless,Alternative,12612,metal,74,0.939,0.494,0.139,0.893,2.92,0
23oxJmDc1V9uLUSmN2LIvx,Ocean Avenue,Yellowcard,Ocean Avenue,Alternative,12612,punk,74,0.904,0.486,0.0947,0.786,3.3,0
1AEYT6VxrxXPMoQUxsY0E4,Headstrong,Trapt,Trapt,Alternative,12612,grunge,72,0.896,0.492,0.189,0.534,4.76,0
5nkYHBWXu7KCgcdwP6jcB1,What I Got,Sublime,Sublime,Alternative,12612,punk,1,0.693,0.804,0.314,0.654,2.85,0
3ZOEytgrvLwQaqXreDs2Jx,Can't Stop,Red Hot Chili Peppers,By The Way,Alternative,12612,alt-rock,82,0.938,0.618,0.167,0.875,4.48,0
73fzhVcs7n1wZz84eoE2vs,Drive,Incubus,Make Yourself - Tour Edition,Alternative,12612,alt-rock,75,0.792,0.645,0.119,0.666,3.88,0
0a7BloCiNzLDD9qSQHh5m7,"Dance, Dance",Fall Out Boy,From Under The Cork Tree,Alternative,12612,emo,77,0.961,0.622,0.0854,0.449,3.0,0
7oK9VyNzrYvRFo7nQEYkWN,Mr. Brightside,The Killers,Hot Fuss,Alternative,12612,alt-rock,2,0.931,0.344,0.0903,0.251,3.71,0
5ghIJDpPoe3CfHMGu71E6T,Smells Like Teen Spirit,Nirvana,Nevermind,Alternative,12612,alt-rock,83,0.912,0.502,0.106,0.72,5.03,0
27L8sESb3KR79asDUBu8nW,Stacy's Mom,Fountains Of Wayne,Welcome Interstate Managers,Alternative,12612,alt-rock,76,0.75,0.774,0.0808,0.927,3.3,0
6Fha6tXHkL3r9m9nNqQG8p,Georgia,Vance Joy,Dream Your Life Away,Alternative,12612,folk,62,0.66,0.388,0.0943,0.401,3.84,0
4wzjNqjKAKDU82e8uMhzmr,Face Down,The Red Jumpsuit Apparatus,Don't You Fake It,Alternative,12612,punk-rock,76,0.932,0.545,0.127,0.464,3.2,0
7JcB1XSpmlULBSvnEis6Fc,With Me,Sum 41,Underclass Hero,Alternative,12612,punk,64,0.851,0.167,0.172,0.11,4.86,1
3k2Zv2luPZHpxfFjGpr4Mm,How Far We've Come,Matchbox Twenty,Exile On Mainstream,Alternative,12612,grunge,58,0.905,0.566,0.21,0.792,3.5,0
3NLrRZoMF0Lx6zTlYqeIo4,Here Without You,3 Doors Down,Away From The Sun,Alternative,12612,alt-rock,0,0.545,0.556,0.124,0.193,3.98,0
6ZOBP3NvffbU4SZcrnt1k6,Kryptonite,3 Doors Down,The Better Life,Alternative,12612,alt-rock,0,0.848,0.544,0.134,0.489,3.9,0
2MLHyLy5z5l5YRp7momlgw,Island In The Sun,Weezer,Weezer (Green Album),Alternative,12612,alt-rock,1,0.794,0.654,0.165,0.678,3.34,0
6ZYS6QQxTLsQ6IFXdVx1r4,Ophelia,The Lumineers,Cleopatra,Alternative,12612,folk,79,0.573,0.664,0.0857,0.566,2.67,0
1jdNcAD8Ir58RlsdGjJJdx,Ho Hey,The Lumineers,The Lumineers,Alternative,12612,folk,79,0.471,0.682,0.0908,0.421,2.69,0
6SpLc7EXZIPpy0sVko0aoU,Misery Business,Paramore,RIOT!,Alternative,12612,emo,1,0.906,0.513,0.113,0.73,3.53,0
3ouugfdFz6exFXUxu7wRvD,If You Can't Hang,Sleeping With Sirens,Let's Cheers To This,Alternative,12612,emo,22,0.975,0.394,0.118,0.466,4.17,0
5oQcOu1omDykbIPSdSQQNJ,1985,Bowling For Soup,A Hangover You Don't Deserve,Alternative,12612,punk-rock,71,0.887,0.606,0.337,0.903,3.22,0
68pN2UQYhwQgPy7VrCFKuV,In Too Deep,Sum 41,"All Killer, No Filler",Alternative,12612,punk,76,0.844,0.568,0.0607,0.766,3.45,1
70wYA8oYHoMzhRRkARoMhU,When You Were Young,The Killers,Sam's Town,Alternative,12612,alt-rock,5,0.976,0.441,0.298,0.248,3.67,0
1G391cbiT3v3Cywg8T7DM1,Scar Tissue,Red Hot Chili Peppers,Californication,Alternative,12612,alt-rock,79,0.717,0.595,0.108,0.547,3.6,0
10Nmj3JCNoMeBQ87uw5j8k,Dani California,Red Hot Chili Peppers,Stadium Arcadium,Alternative,12612,alt-rock,78,0.913,0.556,0.346,0.73,4.72,0
1N62wozuHCvczCkY4QidpP,Over My Head (Cable Car),The Fray,How To Save A Life,Alternative,12612,piano,70,0.729,0.592,0.0653,0.709,3.94,0
3Vt5x2gG2VhFRCR5aY7hPF,Same Direction,Hoobastank,The Reason,Alternative,12612,grunge,56,0.988,0.401,0.4,0.514,3.25,0
4P5KoWXOxwuobLmHXLMobV,Come As You Are,Nirvana,Nevermind,Alternative,12612,alt-rock,79,0.824,0.5,0.0916,0.539,3.65,0
4EnkwZd0UJAuHpNMMemQaA,Closing Time,Semisonic,Feeling Strangely Fine,Alternative,12612,alt-rock,0,0.854,0.478,0.115,0.274,4.56,0
5qqabIl2vWzo9ApSC317sa,Wonderwall - Remastered,Oasis,(What's The Story) Morning Glory? [Remastered],Alternative,12612,rock,78,0.896,0.378,0.194,0.469,4.31,0
43NhiKnrtGqztxDqXrcUux,Adam's Song,blink-182,Enema Of The State,Alternative,12612,punk-rock,0,0.775,0.52,0.364,0.383,4.16,0
1Dr1fXbc2IxaK1Mu8P8Khz,When I Come Around,Green Day,Dookie,Alternative,12612,punk,76,0.909,0.531,0.231,0.814,2.97,0
5qtwzv99vOr5UTwnTixn7j,Know Your Enemy,Green Day,21st Century Breakdown,Alternative,12612,punk,44,0.955,0.559,0.0566,0.957,3.18,0
7x8dCjCr0x6x2lXKujYD34,The Pretender,Foo Fighters,"Echoes, Silence, Patience & Grace",Alternative,12612,alt-rock,79,0.959,0.433,0.028,0.365,4.49,0
21tuvt3CXIsNquc32v8jpc,Show Me How to Live,Audioslave,Audioslave,Alternative,12612,grunge,41,0.854,0.433,0.162,0.368,4.63,0
5y7NRMui3GLbwj2zBaOqo1,Never Too Late,Three Days Grace,One-X,Alternative,12612,grunge,70,0.778,0.433,0.163,0.217,3.49,0
6GIrIt2M39wEGwjCQjGChX,The Great Escape,Boys Like Girls,Boys Like Girls,Alternative,12612,punk-rock,55,0.94,0.423,0.178,0.505,3.44,0
1yKu2MhpwzDXXH2tzG6xoa,Beverly Hills,Weezer,Make Believe,Alternative,12612,power-pop,71,0.823,0.693,0.328,0.741,3.27,0
2xt2piJx6jlFkjS77YiqpL,Like a Stone,Audioslave,Audioslave,Alternative,12612,alt-rock,78,0.568,0.614,0.0997,0.516,4.9,0
4OCzAGgyWsUKpdWufYywZm,Cochise,Audioslave,Audioslave,Alternative,12612,grunge,38,0.873,0.452,0.0592,0.433,3.7,0
4Im33JWLEobPtMTTAw7GUF,I Am the Highway,Audioslave,Audioslave,Alternative,12612,grunge,37,0.662,0.341,0.113,0.2,5.58,0
7r9ZTgy31yObGZE6ZYDlQg,Be Yourself,Audioslave,Out of Exile,Alternative,12612,alt-rock,72,0.845,0.423,0.213,0.317,4.65,0
6Bm6qUCSatPAqkQllFL7oA,Unwell,Matchbox Twenty,More Than You Think You Are,Alternative,12612,grunge,66,0.788,0.256,0.707,0.429,3.81,0
44wXefe8WB9Fd6xwtmAwbR,Monkey Wrench,Foo Fighters,The Colour And The Shape,Alternative,12612,grunge,70,0.953,0.401,0.149,0.555,3.86,0
3FJuFr00K5IpgvTCDDaqW5,Pardon Me,Incubus,Make Yourself - Tour Edition,Alternative,12612,grunge,69,0.812,0.579,0.115,0.278,3.73,0
7lRlq939cDG4SzWOF4VAnd,I'm Not Okay (I Promise),My Chemical Romance,Three Cheers For Sweet Revenge,Alternative,12612,emo,77,0.94,0.21,0.269,0.255,3.11,0
2ydUT1pFhuLDnouelIv4WH,The Rock Show,blink-182,Take Off Your Pants And Jacket,Alternative,12612,punk-rock,73,0.959,0.41,0.0766,0.83,2.86,0
42lC6bnDdAjRqZtsFe1tmg,The Arms of Sorrow,Killswitch Engage,As Daylight Dies,Alternative,12612,metalcore,53,0.963,0.499,0.608,0.16,3.74,0
2GD8Ia7rtJzfgTIy20TaRI,"This Ain't A Scene, It's An Arms Race",Fall Out Boy,Infinity On High,Alternative,12612,emo,70,0.887,0.435,0.0327,0.408,3.53,0
3qmvK8QARSPkFTuKeIXSbs,Bleed It Out,Linkin Park,Minutes To Midnight,Alternative,12612,alternative,58,0.932,0.542,0.613,0.698,2.75,0
19YKaevk2bce4odJkP5L22,Nikes,Frank Ocean,Blonde,chillin,12613,soul,72,0.395,0.633,0.108,0.123,5.23,0
3eDk8vNTpDnoso8D2qmYFi,Make You Feel Good,Fetty Wap,Make You Feel Good,chillin,12613,j-dance,44,0.626,0.658,0.682,0.738,2.35,0
2ZWlPOoWh0626oTaHrnl2a,Ivy,Frank Ocean,Blonde,chillin,12613,soul,81,0.386,0.575,0.229,0.466,4.15,1
6gBFPUFcJLzWGx4lenP6h2,goosebumps,Travis Scott,Birds In The Trap Sing McKnight,chillin,12613,hip-hop,84,0.728,0.841,0.149,0.43,4.06,0
5b9iBVhfYxDF4JJcHrNIx5,Gooey,Glass Animals,ZABA,chloe,12614,indie-pop,71,0.369,0.487,0.0925,0.106,4.82,1
2Tjlq3aGhg3dIZFvSfsnyc,From Eden,Hozier,Hozier,chloe,12614,singer-songwriter,63,0.676,0.395,0.117,0.315,4.72,0
0j6YwWZVHsIFKr5FDEu68o,Jackie And Wilson,Hozier,Hozier,chloe,12614,singer-songwriter,60,0.712,0.566,0.124,0.753,3.72,0
3aELm5rswNgDDjwvfuqd9O,Jekyll and Hyde,Five Finger Death Punch,Got Your Six,workout songs,12616,groove,65,0.964,0.537,0.0564,0.712,3.45,0
6rmy8aPXRCvzO07qzTzbvd,Coming Down,Five Finger Death Punch,American Capitalist,workout songs,12616,groove,54,0.991,0.31,0.11,0.187,4.02,0
2D9BrlpeyjXF0vli2dYQ5V,Angels Fall,Breaking Benjamin,Dark Before Dawn,workout songs,12616,grunge,65,0.886,0.4,0.122,0.406,3.81,0
12qZHAeOyTf93YAWvGDTat,All The Small Things,blink-182,Enema Of The State,workout songs,12616,punk-rock,2,0.9,0.442,0.395,0.609,2.8,0
5wTMQjEx9LWeFwLjolPCUy,What's My Age Again?,blink-182,Blink 182 (Sound and Vision Q4 2007),workout songs,12616,punk-rock,4,0.951,0.391,0.0878,0.468,2.48,0
43NhiKnrtGqztxDqXrcUux,Adam's Song,blink-182,Enema Of The State,workout songs,12616,punk-rock,0,0.775,0.52,0.364,0.383,4.16,0
48UPSzbZjgc449aqz8bxox,Californication,Red Hot Chili Peppers,Californication,workout songs,12616,alt-rock,2,0.765,0.592,0.127,0.327,5.5,0
10Nmj3JCNoMeBQ87uw5j8k,Dani California,Red Hot Chili Peppers,Stadium Arcadium,workout songs,12616,alt-rock,78,0.913,0.556,0.346,0.73,4.72,0
0M955bMOoilikPXwKLYpoi,I Hate Everything About You,Three Days Grace,Three Days Grace,workout songs,12616,grunge,72,0.83,0.498,0.139,0.453,3.86,0
5eFxwmqKrHpSQDOEIFYlgY,Animal I Have Become,Three Days Grace,One-X,workout songs,12616,alt-rock,74,0.853,0.553,0.126,0.506,3.86,0
5y7NRMui3GLbwj2zBaOqo1,Never Too Late,Three Days Grace,One-X,workout songs,12616,grunge,70,0.778,0.433,0.163,0.217,3.49,0
0eKyHwckh9vQb8ncZ2DXCs,With Arms Wide Open,Creed,Human Clay,workout songs,12616,grunge,56,0.533,0.415,0.176,0.126,4.58,0
0COqiPhxzoWICwFCS4eZcp,Bring Me To Life,Evanescence,Fallen,workout songs,12616,alternative,0,0.943,0.318,0.242,0.298,3.93,0
5ghIJDpPoe3CfHMGu71E6T,Smells Like Teen Spirit,Nirvana,Nevermind,workout songs,12616,alt-rock,83,0.912,0.502,0.106,0.72,5.03,0
25nnecTfdp2tURMgZuK1d4,Burn MF,Five Finger Death Punch,The Wrong Side Of Heaven & The Righteous Side Of Hell,workout songs,12616,groove,52,0.996,0.5,0.0453,0.203,3.63,0
6wqJeItl3Vc3az4ZicSQAB,Before I Forget,Slipknot,Vol. 3: The Subliminal Verses [Special Package],workout songs,12616,alternative,77,0.974,0.291,0.886,0.348,4.64,0
2jz6rWGqVCYsymwxGoaON4,Detroit Rock City,KISS,Double Platinum,workout songs,12616,hard-rock,70,0.847,0.454,0.15,0.317,3.6,0
4UEo1b0wWrtHMC8bVqPiH8,Nightmare,Avenged Sevenfold,Nightmare,workout songs,12616,alternative,72,0.949,0.554,0.2,0.233,6.24,1
1AEYT6VxrxXPMoQUxsY0E4,Headstrong,Trapt,Trapt,workout songs,12616,grunge,72,0.896,0.492,0.189,0.534,4.76,0
5eek2X5459T1HoYJk2CKXv,Last Resort,Papa Roach,Infest,workout songs,12616,alt-rock,80,0.89,0.589,0.201,0.692,3.33,0
4QEFQlNFerDnWvNU8NASiV,Dragula,Rob Zombie,Hellbilly Deluxe,workout songs,12616,alt-rock,1,0.978,0.579,0.0955,0.558,3.71,0
6RJdYpFQwLyNfDc5FbjkgV,Stricken,Disturbed,Ten Thousand Fists,workout songs,12616,metal,72,0.969,0.402,0.225,0.262,4.09,0
2UREu1Y8CO4jXkbvqAtP7g,Monster,Skillet,Awake,workout songs,12616,alt-rock,77,0.957,0.64,0.0789,0.692,2.97,0
0jqblvsI9LBY4irmLVqqEO,Welcome to the Family,Avenged Sevenfold,Nightmare,workout songs,12616,metal,67,0.946,0.567,0.0567,0.699,4.09,0
2FML7gk7ac6quGFIjvkDb3,Dear God,Avenged Sevenfold,Avenged Sevenfold,workout songs,12616,alternative,68,0.772,0.472,0.132,0.6,6.56,0
7Hr1Ignop7cymbE3FbOtXa,So Far Away,Avenged Sevenfold,Nightmare,workout songs,12616,alternative,66,0.703,0.286,0.142,0.259,5.45,0
0EYOdF5FCkgOJJla8DI2Md,B.Y.O.B.,System Of A Down,Mezmerize,workout songs,12616,alternative,77,0.981,0.538,0.219,0.711,4.26,0
6W21LNLz9Sw7sUSNWMSHRu,Freak On a Leash,Korn,Follow The Leader,workout songs,12616,metal,76,0.898,0.353,0.39,0.525,4.26,0
44NRdYQw7P0GWuiunRv3hr,I Stand Alone,Godsmack,Faceless,workout songs,12616,grunge,68,0.92,0.217,0.102,0.376,4.1,0
56srYJ7KjvldWCF2CDv9VO,I Apologize,Five Finger Death Punch,Got Your Six,workout songs,12616,groove,56,0.929,0.505,0.167,0.419,4.05,0
25GC50HslaaruyrKjdu0lP,Your Betrayal,Bullet For My Valentine,Fever,workout songs,12616,metal,68,0.883,0.569,0.0883,0.373,4.86,0
3qmvK8QARSPkFTuKeIXSbs,Bleed It Out,Linkin Park,Minutes To Midnight,workout songs,12616,alternative,58,0.932,0.542,0.613,0.698,2.75,0
1bdXMstfxFWYSkEFTnJMoN,Enter Sandman,Metallica,Metallica,workout songs,12616,hard-rock,81,0.828,0.577,0.0581,0.604,5.52,0
6p2liQLGoDaLXgND68bfVt,Coming Undone,Korn,See You On the Other Side,workout songs,12616,metal,75,0.677,0.687,0.0564,0.545,3.33,0
5V3mdRI2yQxbSsJGDPc5lD,Chop Suey!,System Of A Down,Toxicity,workout songs,12616,alternative,83,0.934,0.417,0.132,0.287,3.5,0
30Ce5Z3hp3EkyXeyGAeysC,The Four Horsemen - Remastered,Metallica,Kill 'Em All,workout songs,12616,hard-rock,60,0.938,0.224,0.106,0.327,7.21,0
5z6xHjCZr7a7AIcy8sPBKy,Smooth Criminal,Alien Ant Farm,Anthology,workout songs,12616,grunge,76,0.964,0.653,0.144,0.87,3.49,0
5qqabIl2vWzo9ApSC317sa,Wonderwall - Remastered,Oasis,(What's The Story) Morning Glory? [Remastered],ASpEn,12617,rock,78,0.896,0.378,0.194,0.469,4.31,0
6Uy6K3KdmUdAfelUp0SeXn,Brave,Sara Bareilles,The Blessed Unrest,ASpEn,12617,acoustic,70,0.836,0.551,0.0425,0.758,3.68,0
6u9RqxALwkjJ1ukB1y8vuP,You've Got The Love,Florence + The Machine,Lungs,ASpEn,12617,alternative,0,0.696,0.574,0.102,0.401,2.81,0
5QEt3kRZdl6Bj6h5IVIOfi,Jane Says,Jane's Addiction,Jane's Addiction (Live),ASpEn,12617,grunge,33,0.597,0.402,0.109,0.496,4.34,0
2Z2vOukzwOgqR4dkymRSWd,Santeria,Sublime,Sublime,ASpEn,12617,punk,1,0.751,0.665,0.121,0.58,3.04,0
1kusepF3AacIEtUTYrw4GV,Paper Planes,M.I.A.,Kala,ASpEn,12617,indie-pop,77,0.848,0.447,0.65,0.485,3.4,0
2kj5f1eRhUFhW6K0qUwoD8,Wild World - 2009 Remastered Version,Mr. Big,Bump Ahead [Expanded],ASpEn,12617,hard-rock,65,0.722,0.573,0.29,0.59,3.48,0
3toP91RkMRQw7M0bScJ4F9,Ay Vamos,J Balvin,La Familia B Sides,reggaeton,12618,latino,69,0.711,0.718,0.1,0.92,3.77,0
1p1nO35bbi4ZlQgjIA4oa4,The Kill (Bury Me),Thirty Seconds To Mars,A Beautiful Lie,Pp,12619,grunge,1,0.912,0.179,0.582,0.289,3.86,0
40LQiUUUKXVGyNs09lHVjW,Lips Of An Angel,Hinder,Extreme Behavior,Pp,12619,alt-rock,73,0.736,0.476,0.203,0.251,4.36,0
10fddGyyeUquZZ2uPTjD7P,Better Than Me,Hinder,Extreme Behavior,Pp,12619,grunge,63,0.682,0.449,0.175,0.254,3.73,0
36IkR2i4HaV3SRsSHzje6v,Right Here,Staind,Chapter V,Pp,12619,grunge,46,0.627,0.487,0.109,0.219,4.18,0
7KXjTSCq5nL1LoYtL7XAwS,HUMBLE.,Kendrick Lamar,DAMN.,workout,12620,hip-hop,84,0.621,0.908,0.0958,0.421,2.95,1
62vpWI1CHwFy7tMIcSStl8,No Role Modelz,J. Cole,2014 Forest Hills Drive,workout,12620,hip-hop,88,0.521,0.69,0.0534,0.494,4.88,0
0VgkVdmE4gld66l8iyGjgx,Mask Off,Future,FUTURE,workout,12620,hip-hop,83,0.434,0.833,0.165,0.281,3.41,0
2d8JP84HNLKhmd6IYOoupQ,Trap Queen,Fetty Wap,Fetty Wap,workout,12620,j-dance,74,0.873,0.746,0.354,0.817,3.7,0
3yfqSUWxFvZELEM4PmlwIR,The Real Slim Shady,Eminem,The Marshall Mathers LP,workout,12620,hip-hop,87,0.661,0.949,0.0454,0.76,4.74,1
4vcPegtrtRJPUXrnfxqvg9,Heartbreaker,Crazy P,When We On,mhmm,12622,deep-house,26,0.839,0.878,0.138,0.707,5.45,0
2FxwTax2LGVybNIrreiwXv,Come With Me - Radio Mix,Nora En Pure,Come With Me (Remixes),mhmm,12622,deep-house,64,0.758,0.677,0.22,0.308,2.89,0
0oeEqyEAavgPfFxDYvjAP6,Dissolved Girl,Massive Attack,Mezzanine,mhmm,12622,trip-hop,53,0.602,0.646,0.0635,0.662,6.11,0
1Rezzt36ybaT2ZbDZpv83D,Black Milk,Massive Attack,Mezzanine,mhmm,12622,trip-hop,53,0.455,0.56,0.219,0.44,6.36,0
6rR1B1ZP7Rm4gofHgXAjHx,Mad About You,Hooverphonic,Collected,mhmm,12622,electronic,61,0.844,0.465,0.0865,0.155,3.73,0
27SdWb2rFzO6GWiYDBTD9j,Cheap Thrills,Sia,This Is Acting,mhmm,12622,dance,78,0.698,0.628,0.0907,0.732,3.53,0
0bRXwKfigvpKZUurwqAlEh,Lovely Day,Bill Withers,Menagerie,mhmm,12622,funk,76,0.651,0.692,0.105,0.706,4.24,0
6i0V12jOa3mr6uu4WYhUBr,Heathens,Twenty One Pilots,Heathens,mhmm,12622,rock,81,0.396,0.732,0.105,0.548,3.27,0
57sa60SXzxzxcSZogh0j60,70s 80s,Nightmares On Wax,Mind Elevation,mhmm,12622,trip-hop,48,0.521,0.764,0.0751,0.512,5.55,0
4aSFlFgOefeVIKkW2NyMPl,Wish You Were Mine - Radio Edit,Philip George,Wish You Were Mine,mhmm,12622,deep-house,67,0.832,0.654,0.102,0.407,2.96,0
45vwGBTaybVPIIxNvxUWQO,Wrong,Everything But The Girl,Walking Wounded,mhmm,12622,trip-hop,52,0.539,0.797,0.12,0.551,4.61,0
0EDQBCuB5xM2GELDd8llV0,Really Something,Hector Gachan,Really Something,mhmm,12622,garage,53,0.713,0.669,0.521,0.613,3.66,0
2d8JP84HNLKhmd6IYOoupQ,Trap Queen,Fetty Wap,Fetty Wap,rap,12623,j-dance,74,0.873,0.746,0.354,0.817,3.7,0
6JI5wNWYdBw68GZjOMmgK5,Put It On,Big L,Lifestylez Ov Da Poor & Dangerous,rap,12623,hardcore,64,0.62,0.711,0.134,0.805,3.63,0
62vpWI1CHwFy7tMIcSStl8,No Role Modelz,J. Cole,2014 Forest Hills Drive,rap,12623,hip-hop,88,0.521,0.69,0.0534,0.494,4.88,0
5ByAIlEEnxYdvpnezg7HTX,Juicy,The Notorious B.I.G.,Ready To Die The Remaster,rap,12623,hardcore,62,0.767,0.887,0.0527,0.607,5.04,1
25khomWgBVamSdKw7hzm3l,The Hills,The Weeknd,Beauty Behind The Madness,rap,12623,pop,3,0.551,0.565,0.139,0.125,4.04,0
7KXjTSCq5nL1LoYtL7XAwS,HUMBLE.,Kendrick Lamar,DAMN.,rap,12623,hip-hop,84,0.621,0.908,0.0958,0.421,2.95,1
0W5TB5VNs0J16suh3r67P1,Messiah / You're Beautiful,Phil Wickham,Cannons,be still,12624,world-music,49,0.511,0.329,0.146,0.167,4.9,0
32SFvZODywPBVDYSYtqxCj,Ruff Ryders' Anthem,DMX,Greatest Hits With A Twist - Deluxe Edition,rap,12625,hardcore,70,0.577,0.88,0.201,0.74,3.85,1
6KIKRz9eSTXdNsGUnomdtW,Straight Outta Compton,N.W.A.,Straight Outta Compton,rap,12625,hardcore,72,0.878,0.834,0.334,0.418,4.31,0
7iL6o9tox1zgHpKUfh9vuC,In Da Club,50 Cent,Get Rich Or Die Tryin',rap,12625,hip-hop,83,0.713,0.899,0.0708,0.777,3.22,1
6RUpJeXT6U4SPEafnr9Wr7,Where The Hood At,DMX,Grand Champ,rap,12625,hardcore,71,0.948,0.537,0.356,0.792,4.77,1
0HOqINudNgQFpg1le5Hnqe,Damn It Feels Good to Be a Gangsta,Geto Boys,Uncut Dope,rap,12625,hardcore,61,0.793,0.785,0.124,0.655,5.18,0
63BokRfXSQhEU6Qi2dSJpZ,Mind Playing Tricks on Me,Geto Boys,We Can't Be Stopped,rap,12625,hardcore,67,0.512,0.886,0.0991,0.454,5.15,0
0dNiLb9FEHrRK7VFDJctiR,Ain't No Half-Steppin',Big Daddy Kane,Long Live The Kane,rap,12625,hardcore,0,0.728,0.836,0.0649,0.598,5.33,0
3ssX20QT5c3nA9wk78V1LQ,Ambitionz Az A Ridah,2Pac,All Eyez On Me,rap,12625,funk,79,0.91,0.801,0.0737,0.805,4.64,0
5ngSGTy4Tw8cIBCMeIgoc9,Why We Thugs,Ice Cube,"Laugh Now, Cry Later",rap,12625,funk,0,0.59,0.783,0.148,0.664,3.74,0
1AHfovSnGPVYKaahRtA0U6,The Message,Nas,It Was Written,rap,12625,hardcore,65,0.543,0.614,0.383,0.485,3.9,0
0QnGI4OgY8ReggLWvEXdgD,Street Dreams,Nas,It Was Written,rap,12625,hardcore,60,0.611,0.752,0.778,0.746,4.67,0
4MxZW1XEcPuIZmkANsJabC,Party Up,DMX,...And Then There Was X,rap,12625,hardcore,72,0.931,0.51,0.5,0.53,4.48,1
4SZ3B3y1TbwTK4OIXMOVEy,Boyz-N-The-Hood,Eazy-E,The Best Of N.W.A: The Strength Of Street Knowledge,old school,12627,hardcore,69,0.479,0.785,0.334,0.727,5.62,0
0H7wdsHwWmKGPbGtBGS9DM,Sound of da Police,KRS-One,The Essential Boogie Down Productions / KRS-One,old school,12627,hardcore,64,0.95,0.794,0.133,0.324,4.31,0
32SFvZODywPBVDYSYtqxCj,Ruff Ryders' Anthem,DMX,Greatest Hits With A Twist - Deluxe Edition,old school,12627,hardcore,70,0.577,0.88,0.201,0.74,3.85,1
5ByAIlEEnxYdvpnezg7HTX,Juicy,The Notorious B.I.G.,Ready To Die The Remaster,old school,12627,hardcore,62,0.767,0.887,0.0527,0.607,5.04,1
2g8HN35AnVGIk7B8yMucww,Big Poppa,The Notorious B.I.G.,Ready To Die The Remaster,old school,12627,hardcore,49,0.671,0.765,0.0506,0.798,4.21,1
7KXjTSCq5nL1LoYtL7XAwS,HUMBLE.,Kendrick Lamar,DAMN.,Groove,12628,hip-hop,84,0.621,0.908,0.0958,0.421,2.95,1
51NFxnQvaosfDDutk0tams,bellyache,Billie Eilish,Bellyache,Groove,12628,electro,79,0.573,0.695,0.482,0.408,2.99,0
0egGmGkZ8maYdEYo4RrVsZ,Lemme Freak,Lil Dicky,Professional Rapper,Groove,12628,comedy,56,0.656,0.8,0.354,0.437,4.76,0
7y9iMe8SOB6z3NoHE2OfXl,Bad At Love,Halsey,hopeless fountain kingdom,Groove,12628,electro,74,0.751,0.675,0.0893,0.612,3.02,0
5u6y4u5EgDv0peILf60H5t,Oye Como Va,Santana,Abraxas,Cinco,12629,blues,67,0.379,0.736,0.104,0.948,4.28,0
4fxF8ljwryMZX5c9EKrLFE,Boombastic,Shaggy,Boombastic,Cinco,12629,reggae,1,0.887,0.852,0.311,0.788,4.17,0
37pK088xTo1ZpR3y23wsFk,Arms Of A Woman,Amos Lee,Amos Lee,Singer/Songwriter,12630,acoustic,60,0.0674,0.54,0.109,0.12,4.19,0
6bZBHeQVOVGLvAwnQKb6rC,Should Have Known Better,Sufjan Stevens,Carrie & Lowell,Singer/Songwriter,12630,singer-songwriter,65,0.171,0.493,0.126,0.296,5.09,0
56AecW9Anb0CY6HpgWvcg9,Let It Be Me,Ray LaMontagne,Gossip In The Grain,Singer/Songwriter,12630,acoustic,58,0.283,0.614,0.114,0.331,4.67,0
5N1itNLaYtifU8YVbg9SBQ,She Treats Me Well,Ben Howard,I Forget Where We Were,Singer/Songwriter,12630,british,58,0.494,0.625,0.0713,0.596,5.3,0
3Kj2EWpIBnvETsYq4cq0IH,Big Black Car,Gregory Alan Isakov,This Empty Northern Hemisphere,Singer/Songwriter,12630,folk,72,0.186,0.6,0.104,0.468,3.62,0
3rWHqGRVWPDw7SaNadmqGd,The Longer I Run,Peter Bradley Adams,Leavetaking,Singer/Songwriter,12630,acoustic,53,0.52,0.602,0.0982,0.523,4.19,0
0Qw7qGuXlVBZLcfoQ17yZn,Old Pine,Ben Howard,Every Kingdom,Singer/Songwriter,12630,british,68,0.364,0.401,0.162,0.224,5.48,0
6gBFPUFcJLzWGx4lenP6h2,goosebumps,Travis Scott,Birds In The Trap Sing McKnight,My fav,12631,hip-hop,84,0.728,0.841,0.149,0.43,4.06,0
7floNISpH8VF4z4459Qo18,Look At Me!,XXXTENTACION,Look At Me!,My fav,12631,emo,82,0.726,0.763,0.0976,0.349,2.11,0
0VgkVdmE4gld66l8iyGjgx,Mask Off,Future,FUTURE,My fav,12631,hip-hop,83,0.434,0.833,0.165,0.281,3.41,0
3WUa9TpHDoRGeChKDRRUqv,YuNg BrAtZ,XXXTENTACION,Revenge,My fav,12631,emo,76,0.695,0.755,0.107,0.493,1.7,0
7m9OqQk4RVRkw9JJdeAw96,Jocelyn Flores,XXXTENTACION,17,My fav,12631,emo,84,0.391,0.872,0.297,0.437,1.99,0
3GVkPk8mqxz0itaAriG1L7,Everybody Dies In Their Nightmares,XXXTENTACION,17,My fav,12631,emo,85,0.57,0.734,0.112,0.689,1.59,0
3Q3myFA7q4Op95DOpHplaY,do re mi,blackbear,digital druglord,My fav,12631,electro,73,0.593,0.745,0.123,0.17,3.53,0
62vpWI1CHwFy7tMIcSStl8,No Role Modelz,J. Cole,2014 Forest Hills Drive,My fav,12631,hip-hop,88,0.521,0.69,0.0534,0.494,4.88,0
7uSZPbd8DxdkmSauCKnITY,We Rise,San Holo,We Rise,My fav,12631,electronic,57,0.491,0.747,0.0837,0.827,4.44,0
53AuxddsgPSlqM619nJhSd,The Phoenix,Fall Out Boy,Save Rock And Roll,stuff,12632,emo,70,0.964,0.562,0.579,0.41,4.08,0
6OZPl7bOm8EOshsVmWH5W8,Immortals,Fall Out Boy,American Beauty/American Psycho,stuff,12632,emo,65,0.856,0.703,0.38,0.722,3.16,0
2TfSHkHiFO4gRztVIkggkE,"Sugar, We're Goin Down",Fall Out Boy,From Under The Cork Tree,stuff,12632,emo,2,0.887,0.5,0.114,0.631,3.82,0
7s0lDK7y3XLmI7tcsRAbW0,My Songs Know What You Did In The Dark (Light Em Up),Fall Out Boy,Save Rock And Roll,stuff,12632,emo,0,0.924,0.557,0.537,0.566,3.11,0
0a7BloCiNzLDD9qSQHh5m7,"Dance, Dance",Fall Out Boy,From Under The Cork Tree,stuff,12632,emo,77,0.961,0.622,0.0854,0.449,3.0,0
4hEl2wrneFEJbJ6SDYWd2f,Not Afraid,Eminem,Recovery,stuff,12632,hip-hop,81,0.954,0.855,0.205,0.668,4.14,1
2GD8Ia7rtJzfgTIy20TaRI,"This Ain't A Scene, It's An Arms Race",Fall Out Boy,Infinity On High,stuff,12632,emo,70,0.887,0.435,0.0327,0.408,3.53,0
0COqiPhxzoWICwFCS4eZcp,Bring Me To Life,Evanescence,Fallen,stuff,12632,alternative,0,0.943,0.318,0.242,0.298,3.93,0
4VbOIkKqt0gkZpC75oKSxS,Europa (Earth's Cry Heaven's Smile),Santana,Amigos,oldies,12633,blues,56,0.669,0.296,0.154,0.679,5.07,0
1i5oEx2vFczQ2sCY3c6Kn5,Love Hurts,Nazareth,Hair Of The Dog,oldies,12633,blues,32,0.427,0.48,0.338,0.148,3.89,0
7jYo1uYSMzQS0nlN6bRAKM,Put Your Head on My Shoulder,Paul Anka,21 Golden Hits,oldies,12633,r-n-b,64,0.433,0.549,0.0774,0.486,2.58,0
3BUQFs6aFWh7EFNmI8bfL7,Johnny B. Goode,Chuck Berry,Berry Is On Top,oldies,12633,blues,76,0.803,0.534,0.307,0.969,2.69,0
1a2iF9XymafjRk56q7oCxo,Pride and Joy,Stevie Ray Vaughan,Texas Flood (Legacy Edition),oldies,12633,blues,67,0.626,0.427,0.106,0.743,3.66,0
2jfk3m8nq5IvB35s2xIs1O,Not Gonna Die,Skillet,Rise,Jesus Tunes,12634,alt-rock,66,0.953,0.445,0.281,0.475,3.75,0
7zJg7aNCvTKW9EtG1Dvzkl,Fix My Eyes,for KING & COUNTRY,RUN WILD. LIVE FREE. LOVE STRONG. (Deluxe Anniversary Edition),Jesus Tunes,12634,world-music,57,0.739,0.587,0.049,0.549,3.6,0
5EQ9yEra0SzVd673ZfKT4C,Brand New,Ben Rector,Brand New,Jesus Tunes,12634,acoustic,65,0.934,0.555,0.122,0.422,4.07,0
0yqWOXyvDtC2ol1Idz8r8J,Build Your Kingdom Here,Rend Collective,Homemade Worship by Handmade People,Jesus Tunes,12634,world-music,55,0.508,0.456,0.237,0.553,4.3,0
5AcdaSVQfLcUKMaqchfBie,My Lighthouse,Rend Collective,The Art Of Celebration,Jesus Tunes,12634,world-music,61,0.805,0.545,0.781,0.727,3.74,0
6DEeUrq2VhjAj6KOhZcsu3,Me And You,NERO,Welcome Reality,Workout,12635,drum-and-bass,46,0.925,0.42,0.152,0.236,4.13,0
5B03nSG8pLE48jh7kmasuL,Levels - Radio Edit,Avicii,True,Workout,12635,edm,79,0.889,0.584,0.309,0.464,3.37,0
0GY5jNV1xaucN73VzOROum,The Day Is My Enemy,The Prodigy,The Day Is My Enemy,Workout,12635,breakbeat,40,0.959,0.536,0.565,0.519,4.42,0
6HkyjrPMyn8F2dg1VsZeGk,Anti You,Blue Stahli,Blue Stahli,Workout,12635,industrial,48,0.81,0.447,0.411,0.503,3.48,0
7KXjTSCq5nL1LoYtL7XAwS,HUMBLE.,Kendrick Lamar,DAMN.,Workout,12635,hip-hop,84,0.621,0.908,0.0958,0.421,2.95,1
1tjKIXd7DYNklhVSgBxREi,A Long December,Counting Crows,Recovering The Satellites,Winter,12637,alt-rock,0,0.59,0.403,0.272,0.393,4.92,0
74kd56Y1oNbQVEQnMdO9LH,Nothingman - Remastered,Pearl Jam,Vitalogy,Winter,12637,grunge,56,0.387,0.274,0.108,0.15,4.57,0
7CEV9VwA8XO9wwxTXgYKvY,I And Love And You,The Avett Brothers,I And Love And You,Winter,12637,bluegrass,62,0.264,0.424,0.0763,0.169,5.01,0
1XQnZTR0ER8y5fGO17uX1R,Holocene,Bon Iver,Bon Iver,Winter,12637,folk,66,0.304,0.374,0.126,0.147,5.61,0
2Tjlq3aGhg3dIZFvSfsnyc,From Eden,Hozier,Hozier,Winter,12637,singer-songwriter,63,0.676,0.395,0.117,0.315,4.72,0
1XWOrz0Da7a0m9T7COlVY3,Blue Orchid,The White Stripes,Get Behind Me Satan,Winter,12637,blues,66,0.645,0.481,0.332,0.612,2.63,0
5KLcIahbdBJeZ8tHAyYMpN,Witness (1 Hope),Roots Manuva,Run Come Save Me,mixtape #1,12638,trip-hop,51,0.866,0.74,0.125,0.814,4.24,0
0MDBxpluHSND1xFepfOzD3,July Bones,Richard Walters,July Bones,Chill,12639,acoustic,54,0.27,0.596,0.0647,0.155,3.97,0
5j929KlzL6RcXeX2LD4dgl,Baby Blue Eyes,A Rocket To The Moon,On Your Side,Chill,12639,emo,56,0.726,0.404,0.214,0.408,3.67,0
0Qw7qGuXlVBZLcfoQ17yZn,Old Pine,Ben Howard,Every Kingdom,Chill,12639,british,68,0.364,0.401,0.162,0.224,5.48,0
5eXnC2B5RU5fAhfwvV2ABD,Oceans,Seafret,Tell Me It's Real (Deluxe),Chill,12639,folk,66,0.462,0.372,0.101,0.176,3.59,0
760GxmiU9FCmP5jgnLsNtz,Kiss Me Slowly,Parachute,The Way It Was,Chill,12639,acoustic,61,0.801,0.47,0.218,0.431,3.93,0
4q1LP4YcHOIUy8XSqpR8HH,Promise,Ben Howard,Every Kingdom,Chill,12639,british,64,0.189,0.367,0.364,0.177,6.4,0
26ZX2JrAb8AFbr8FFfAsO7,sex,EDEN,i think you think too much of me,Chill,12639,indie-pop,66,0.521,0.413,0.323,0.532,3.65,0
6vECYJHxYmm3Ydt3fF01pE,Stolen Dance,Milky Chance,Sadnecessary,Chill,12639,german,80,0.581,0.884,0.0759,0.728,5.23,0
316r1KLN0bcmpr7TZcMCXT,The Sound,The 1975,"I like it when you sleep, for you are so beautiful yet so unaware of it",Chill,12639,alt-rock,63,0.936,0.648,0.482,0.566,4.15,0
0iTpQYzJnYgh7kIxyq8A2O,Two Weeks,Grizzly Bear,Veckatimest,Alt/rock ,12640,chill,71,0.712,0.537,0.08,0.704,4.05,0
6mcxQ1Y3uQRU0IHsvdNLH1,Where Is My Mind?,Pixies,Surfer Rosa (Remastered),Alt/rock ,12640,alt-rock,77,0.442,0.513,0.0878,0.243,3.95,0
0EfsDEYaSjGYd66Pr881nq,Cry Baby,The Neighbourhood,Wiped Out!,Alt/rock ,12640,alt-rock,74,0.656,0.581,0.101,0.338,3.92,0
3ZOEytgrvLwQaqXreDs2Jx,Can't Stop,Red Hot Chili Peppers,By The Way,Alt/rock ,12640,alt-rock,82,0.938,0.618,0.167,0.875,4.48,0
5UWwZ5lm5PKu6eKsHAGxOk,Everlong,Foo Fighters,The Colour And The Shape,Alt/rock ,12640,alt-rock,84,0.881,0.413,0.0805,0.364,4.18,0
6EsBn1Md8C5YdbCzvwvZq8,Self Esteem,The Offspring,Greatest Hits,Alt/rock ,12640,punk-rock,77,0.862,0.488,0.359,0.706,4.3,1
6TfBA04WJ3X1d1wXhaCFVT,"You're Gonna Go Far, Kid",The Offspring,"Rise And Fall, Rage And Grace",Alt/rock ,12640,alt-rock,81,0.917,0.55,0.197,0.601,2.96,1
64BbK9SFKH2jk86U3dGj2P,Otherside,Red Hot Chili Peppers,Californication,Alt/rock ,12640,alt-rock,80,0.795,0.458,0.0756,0.513,4.26,0
7fURZRPkB2S70sYR1naKTK,Black Hole Sun,Soundgarden,Superunknown,Alt/rock ,12640,alt-rock,0,0.827,0.351,0.0755,0.145,5.3,0
7e8utCy2JlSB8dRHKi49xM,Fluorescent Adolescent,Arctic Monkeys,Favourite Worst Nightmare,Alt/rock ,12640,garage,79,0.828,0.654,0.122,0.79,2.89,0
3rXCnvL6xP83VsYUg4rm7e,Whistle For The Choir,The Fratellis,Costello Music,Alt/rock ,12640,garage,50,0.696,0.595,0.12,0.725,3.6,0
5g7rJvWYVrloJZwKiShqlS,Dirty Paws,Of Monsters and Men,My Head Is An Animal,Alt/rock ,12640,folk,70,0.649,0.359,0.0555,0.133,4.64,0
7o2CTH4ctstm8TNelqjb51,Sweet Child O' Mine,Guns N' Roses,Appetite For Destruction,Alt/rock ,12640,hard-rock,84,0.91,0.454,0.116,0.629,5.93,0
3cbTV3IZZvSBYVcl0xuZbY,Bound For The Floor,Local H,As Good As Dead,Alt/rock ,12640,grunge,66,0.53,0.654,0.0534,0.584,3.72,0
4P5KoWXOxwuobLmHXLMobV,Come As You Are,Nirvana,Nevermind,Alt/rock ,12640,alt-rock,79,0.824,0.5,0.0916,0.539,3.65,0
5Ddlk6C2JVxb1SReZ6O1wk,Drain You,Nirvana,Nevermind,Alt/rock ,12640,grunge,61,0.929,0.325,0.184,0.198,3.73,0
3SVAN3BRByDmHOhKyIDxfC,Karma Police,Radiohead,OK Computer,Alt/rock ,12640,alt-rock,76,0.501,0.36,0.172,0.324,4.4,0
5qqabIl2vWzo9ApSC317sa,Wonderwall - Remastered,Oasis,(What's The Story) Morning Glory? [Remastered],Alt/rock ,12640,rock,78,0.896,0.378,0.194,0.469,4.31,0
7x8dCjCr0x6x2lXKujYD34,The Pretender,Foo Fighters,"Echoes, Silence, Patience & Grace",Alt/rock ,12640,alt-rock,79,0.959,0.433,0.028,0.365,4.49,0
3jJZVeExYzVYiV6Y9Fl3DX,Plush,Stone Temple Pilots,Core,Alt/rock ,12640,alt-rock,1,0.954,0.416,0.177,0.498,5.17,0
1bdXMstfxFWYSkEFTnJMoN,Enter Sandman,Metallica,Metallica,Alt/rock ,12640,hard-rock,81,0.828,0.577,0.0581,0.604,5.52,0
4YPhn26bIFm2KUkL1VLzQG,Say It Ain't So,Weezer,Weezer,Alt/rock ,12640,alt-rock,1,0.551,0.635,0.07,0.451,4.28,0
4sebUbjqbcgDSwG6PbSGI0,Come a Little Closer,Cage The Elephant,Melophobia,Alt/rock ,12640,blues,74,0.778,0.44,0.151,0.304,3.82,0
2tznHmp70DxMyr2XhWLOW0,Cigarette Daydreams,Cage The Elephant,Melophobia,Alt/rock ,12640,blues,79,0.676,0.636,0.0831,0.273,3.48,0
1JcGNoiwifg0MdJMVgJQYx,Get Free,The Vines,Highly Evolved,Alt/rock ,12640,garage,65,0.978,0.502,0.287,0.603,2.11,0
69h2mpzNUmdEg5egeNa1ki,Henrietta,The Fratellis,Costello Music,Alt/rock ,12640,garage,40,0.952,0.608,0.231,0.855,3.54,1
6MDijuuArPJv1vbp7K1x3f,Genghis Khan,Miike Snow,iii,Alt/rock ,12640,swedish,62,0.847,0.688,0.598,0.453,3.54,0
6GQ3WTaNHMFlVmN4burGat,Butterfly,Crazy Town,The Gift Of Game,Alt/rock ,12640,alt-rock,73,0.811,0.736,0.107,0.609,3.61,0
1eyzqe2QqGZUmfcPZtrIyt,Midnight City,M83,"Hurry Up, We're Dreaming",Wedding Background Music,12641,french,76,0.729,0.507,0.0658,0.272,4.02,0
0Z9TbLIhMAXa8BSOiY6um6,Poison & Wine,The Civil Wars,Barton Hollow,Wedding Background Music,12641,acoustic,54,0.186,0.285,0.104,0.203,3.66,0
3ZMv9EzGoteNi5Qnx0KpEO,Skinny Love,Bon Iver,"For Emma, Forever Ago",Wedding Background Music,12641,folk,73,0.263,0.592,0.127,0.109,3.87,0
1JO1xLtVc8mWhIoE3YaCL0,Happy Together,The Turtles,Happy Together,Wedding Background Music,12641,folk,76,0.367,0.584,0.0818,0.588,2.94,0
1zCoCopxgQmozHBuuyfW2K,"Gone, Gone, Gone",Phillip Phillips,The World From The Side Of The Moon,Wedding Background Music,12641,folk,67,0.642,0.664,0.114,0.501,3.49,0
5g7rJvWYVrloJZwKiShqlS,Dirty Paws,Of Monsters and Men,My Head Is An Animal,Wedding Background Music,12641,folk,70,0.649,0.359,0.0555,0.133,4.64,0
2awKQgW88iq9jFM54VaCAp,El Sol No Regresa,La Quinta Estacion,Flores De Alquiler,Español,12642,spanish,75,0.878,0.615,0.326,0.72,3.81,0
3QHMxEOAGD51PDlbFPHLyJ,Vivir Mi Vida,Marc Anthony,3,Español,12642,salsa,76,0.877,0.656,0.349,0.894,4.21,0
1ClQpnPU9M6mQpXGvhGPvQ,Sígueme Y Te Sigo,Daddy Yankee,Sígueme Y Te Sigo,Español,12642,hip-hop,0,0.878,0.736,0.756,0.662,3.5,0
2jdAk8ATWIL3dwT47XpRfu,Slow Dancing in a Burning Room,John Mayer,Continuum,relax,12643,singer-songwriter,74,0.361,0.667,0.0805,0.29,4.03,0
2QjOHCTQ1Jl3zawyYOpxh6,Sweater Weather,The Neighbourhood,I Love You.,relax,12643,alt-rock,93,0.807,0.612,0.101,0.398,4.01,0
13PUJCvdTSCT1dn70tlGdm,"Welcome Home, Son",Radical Face,Ghost,relax,12643,folk,71,0.497,0.587,0.142,0.401,4.76,0
1XQnZTR0ER8y5fGO17uX1R,Holocene,Bon Iver,Bon Iver,relax,12643,folk,66,0.304,0.374,0.126,0.147,5.61,0
0fioLzGM8ngbD1w6fMmm45,I'm Not The Only One,Sam Smith,In The Lonely Hour,relax,12643,dance,1,0.487,0.684,0.0821,0.456,3.99,0
0IqKeD8ZSP72KbGYyzEcAs,Take Me To Church,Hozier,Hozier,relax,12643,singer-songwriter,83,0.664,0.566,0.116,0.437,4.03,0
2tKOIBLJ2j384tnunmmKi7,From Eden,Hozier,From Eden EP,relax,12643,singer-songwriter,63,0.676,0.395,0.117,0.315,3.71,0
44f2AVSNQ3xVs1EI0S0bjl,Like Real People Do,Hozier,Hozier,relax,12643,singer-songwriter,68,0.183,0.569,0.106,0.13,3.3,0
1ivHxaGL5ld9VS1zsYc4YN,Cherry Wine - Live,Hozier,Hozier,relax,12643,singer-songwriter,67,0.111,0.418,0.0982,0.228,4.0,0
3UfCFlGruX0DRPCpD1V3pU,Work Song,Hozier,Hozier,relax,12643,singer-songwriter,63,0.388,0.432,0.112,0.256,3.83,0
7BjrIfovz8y9dTtazrh1iY,Ends of the Earth,Lord Huron,Lonesome Dreams,relax,12643,folk,69,0.584,0.555,0.254,0.41,4.74,0
7DfFc7a6Rwfi3YQMRbDMau,Thinkin Bout You,Frank Ocean,channel ORANGE,relax,12643,soul,78,0.339,0.721,0.0973,0.2,3.35,0
5uCax9HTNlzGybIStD3vDh,Say You Won't Let Go,James Arthur,Back from the Edge,relax,12643,pop,85,0.557,0.358,0.0902,0.494,3.52,0
3UwT4FadEGWyMdaSwYcUBY,This Town,Niall Horan,Flicker,relax,12643,dance,80,0.401,0.677,0.116,0.195,3.88,0
2VlLbhGLVJgdOW7kKdWWFc,Six Feet Under,Billie Eilish,Six Feet Under,relax,12643,electro,75,0.307,0.576,0.0792,0.157,3.16,0
0GO8y8jQk1PkHzS31d699N,Tongue Tied,Grouplove,Never Trust A Happy Song,vroom,12644,alt-rock,79,0.936,0.56,0.161,0.371,3.63,0
3yrSvpt2l1xhsV9Em88Pul,Brown Eyed Girl,Van Morrison,Blowin' Your Mind!,vroom,12644,folk,80,0.583,0.491,0.406,0.908,3.06,0
4BHzQ9C00ceJxfG16AlNWb,Send My Love (To Your New Lover),Adele,25,vroom,12644,british,72,0.533,0.688,0.172,0.567,3.72,0
7oK9VyNzrYvRFo7nQEYkWN,Mr. Brightside,The Killers,Hot Fuss,vroom,12644,alt-rock,2,0.931,0.344,0.0903,0.251,3.71,0
3zByVQLvdXUaDTubfWkpCk,Sweet Caroline,Neil Diamond,Sweet Caroline,vroom,12644,folk,78,0.127,0.529,0.237,0.578,3.39,0
0J6mQxEZnlRt9ymzFntA6z,Livin' On A Prayer,Bon Jovi,Slippery When Wet,vroom,12644,metal,1,0.89,0.527,0.222,0.818,4.15,0
0EMmVUYs9ZZRHtlADB88uz,Come On Eileen,Dexys Midnight Runners,Too Rye Ay,vroom,12644,ska,2,0.769,0.45,0.306,0.604,4.79,0
2l57cfmCnOkwNX1tky02n1,Move Along,The All-American Rejects,Move Along,vroom,12644,punk-rock,61,0.92,0.526,0.371,0.615,3.98,0
6cb0HzFQPN4BGADOmSzPCw,ABC,The Jackson 5,ABC,vroom,12644,soul,0,0.869,0.53,0.233,0.935,2.91,0
4eLSCSELtKxZwXnFbNLXT5,On Top Of The World,Imagine Dragons,Night Visions,vroom,12644,rock,0,0.925,0.588,0.0881,0.759,3.16,0
6FE2iI43OZnszFLuLtvvmg,Classic,MKTO,MKTO,vroom,12644,rock,82,0.791,0.72,0.157,0.756,2.92,0
0El2Zyt68nYySFDG87hZgM,Sun Daze,Florida Georgia Line,Anything Goes,vroom,12644,country,0,0.944,0.484,0.471,0.839,3.08,0
6HUnnBwYZqcED1eQztxMBN,Solo Dance,Martin Jensen,Solo Dance,vroom,12644,edm,69,0.846,0.746,0.195,0.403,2.92,0
0KKkJNfGyhkQ5aFogxQAPU,That's What I Like,Bruno Mars,24K Magic,vroom,12644,dance,83,0.56,0.853,0.0944,0.86,3.44,0
7KXjTSCq5nL1LoYtL7XAwS,HUMBLE.,Kendrick Lamar,DAMN.,vroom,12644,hip-hop,84,0.621,0.908,0.0958,0.421,2.95,1
3Fzlg5r1IjhLk2qRw667od,Dancing in the Moonlight,Toploader,Onka's Big Moka,vroom,12644,alt-rock,67,0.845,0.639,0.336,0.871,3.88,0
0VgkVdmE4gld66l8iyGjgx,Mask Off,Future,FUTURE,vroom,12644,hip-hop,83,0.434,0.833,0.165,0.281,3.41,0
6eRPYyh1EPRqDhgb3Nardw,Spirit of Life,Blackmill,Miracle,mood,12645,dubstep,49,0.596,0.537,0.358,0.109,6.26,0
51NFxnQvaosfDDutk0tams,bellyache,Billie Eilish,Bellyache,mood,12645,electro,79,0.573,0.695,0.482,0.408,2.99,0
75GQIYnRaBg7ndHxhfYuQy,Go All The Way,Raspberries,Raspberries,Guardians of the Galaxy ,12648,j-rock,62,0.849,0.305,0.0995,0.555,3.42,0
2hE5Lm5XOHR4t3xlhIFauP,Fooled Around And Fell In Love,Elvin Bishop,Struttin' My Stuff,Guardians of the Galaxy ,12648,blues,57,0.585,0.634,0.0953,0.61,4.6,0
6cuKJ1bFFy4OjfkCI9YBqc,I'm Not In Love,10cc,The Original Soundtrack,Guardians of the Galaxy ,12648,blues,71,0.523,0.404,0.282,0.164,6.11,0
3b0EOvScbZUc0qJx0E1L2z,I Want You Back,The Jackson 5,Diana Ross Presents The Jackson 5,Guardians of the Galaxy ,12648,soul,77,0.538,0.469,0.37,0.886,2.94,0
27SdWb2rFzO6GWiYDBTD9j,Cheap Thrills,Sia,This Is Acting,Boom Boom,12649,dance,78,0.698,0.628,0.0907,0.732,3.53,0
5kErKPSPv8EgdZ04R3el1K,It's Raining Men,The Weather Girls,It's Raining Men,Boom Boom,12649,disco,64,0.925,0.682,0.702,0.611,3.54,0
0KKkJNfGyhkQ5aFogxQAPU,That's What I Like,Bruno Mars,24K Magic,Boom Boom,12649,dance,83,0.56,0.853,0.0944,0.86,3.44,0
5v7kaZNsnyByrSJOfO8gKq,Skrt,Kodak Black,Skrt,gangsta,12650,hip-hop,0,0.352,0.901,0.122,0.199,3.75,0
0VgkVdmE4gld66l8iyGjgx,Mask Off,Future,FUTURE,gangsta,12650,hip-hop,83,0.434,0.833,0.165,0.281,3.41,0
7KXjTSCq5nL1LoYtL7XAwS,HUMBLE.,Kendrick Lamar,DAMN.,gangsta,12650,hip-hop,84,0.621,0.908,0.0958,0.421,2.95,1
6gBFPUFcJLzWGx4lenP6h2,goosebumps,Travis Scott,Birds In The Trap Sing McKnight,gangsta,12650,hip-hop,84,0.728,0.841,0.149,0.43,4.06,0
5Wj1rJnCLpMHdLaxsFtJLs,Bennie And The Jets - Remastered 2014,Elton John,Goodbye Yellow Brick Road,Drive time ,12652,piano,74,0.673,0.665,0.497,0.779,5.38,0
4VrWlk8IQxevMvERoX08iC,Chandelier,Sia,1000 Forms Of Fear,Drive time ,12652,dance,80,0.787,0.399,0.0685,0.572,3.6,0
4EnkwZd0UJAuHpNMMemQaA,Closing Time,Semisonic,Feeling Strangely Fine,Drive time ,12652,alt-rock,0,0.854,0.478,0.115,0.274,4.56,0
4P5KoWXOxwuobLmHXLMobV,Come As You Are,Nirvana,Nevermind,Drive time ,12652,alt-rock,79,0.824,0.5,0.0916,0.539,3.65,0
7iL6o9tox1zgHpKUfh9vuC,In Da Club,50 Cent,Get Rich Or Die Tryin',Drive time ,12652,hip-hop,83,0.713,0.899,0.0708,0.777,3.22,1
1QQfbfMfyzNZhT5fg3RpuS,Buffalo Soldier,Bob Marley & The Wailers,Confrontation,Drive time ,12652,reggae,72,0.463,0.929,0.0634,0.757,4.29,0
61dXuN3VyqGOyOeMfJXIPh,Could You Be Loved,Bob Marley & The Wailers,Uprising,Drive time ,12652,reggae,78,0.72,0.916,0.0958,0.76,3.95,0
4efoEY8iDBzUqitjmNDhpN,Three Little Birds,Bob Marley & The Wailers,Exodus,Drive time ,12652,reggae,78,0.49,0.826,0.0415,0.627,3.0,0
7lGKEWMXVWWTt3X71Bv44I,Unsteady,X Ambassadors,VHS,Drive time ,12652,alt-rock,74,0.665,0.389,0.116,0.199,3.23,0
7qiZfU4dY1lWllzX7mPBI3,Shape of You,Ed Sheeran,÷,Drive time ,12652,pop,86,0.652,0.825,0.0931,0.931,3.9,0
56Nlo5jWQ547qaYRfH6vzS,Collision,Still Fresh,Coeur noir,Drive time ,12652,french,32,0.568,0.775,0.113,0.478,3.69,0
2Ih217RCGAmyQR68Nn7Cqo,You Know How We Do It,Ice Cube,Lethal Injection,Drive time ,12652,funk,79,0.52,0.747,0.142,0.601,3.88,0
16LnNR25rqcvQVNv5UEQ7g,X,Xzibit,The Greatest,Drive time ,12652,hardcore,63,0.678,0.936,0.0838,0.822,4.26,0
2Vpj5colB0MPy3Zg5SITEC,Bow Down,Westside Connection,Bow Down,Drive time ,12652,hardcore,55,0.455,0.892,0.344,0.473,3.44,0
4MxZW1XEcPuIZmkANsJabC,Party Up,DMX,...And Then There Was X,Drive time ,12652,hardcore,72,0.931,0.51,0.5,0.53,4.48,1
5ngSGTy4Tw8cIBCMeIgoc9,Why We Thugs,Ice Cube,"Laugh Now, Cry Later",Drive time ,12652,funk,0,0.59,0.783,0.148,0.664,3.74,0
4tXA1TUmKvz7CbUT9LUHDx,X Gon' Give It To Ya,DMX,The Definition Of X: Pick Of The Litter,Drive time ,12652,hardcore,74,0.899,0.761,0.0719,0.673,3.63,1
3dSGqXMll4UJUohLANG0ce,Do For Love,2Pac,R U Still Down? [Remember Me],Drive time ,12652,funk,75,0.63,0.874,0.0582,0.717,4.69,0
3m660poUr1chesgkkjQM7P,Sorry Not Sorry,Demi Lovato,Tell Me You Love Me,Drive time ,12652,dance,0,0.643,0.705,0.262,0.884,3.4,0
0XRbYXQUymj9SJkrr8YK5B,Keep Ya Head Up,2Pac,Strictly 4 My N.I.G.G.A.Z...,Drive time ,12652,funk,71,0.732,0.598,0.508,0.595,4.38,0
3pfXxHoydFRfD7IBGJTQAN,Pony,Ginuwine,R&B: From Doo-Wop To Hip-Hop,Drive time ,12652,soul,73,0.605,0.749,0.115,0.966,4.2,0
5kGsDi86P9pZux4x4wopHV,Me And My Girlfriend,Makaveli,The Don Killuminati: The 7 Day Theory,Drive time ,12652,hardcore,64,0.893,0.828,0.217,0.711,5.14,0
75p6fgACKYIyIhsoG411SZ,Hey Pretty Girl,Kip Moore,Up All Night,????,12654,country,0,0.373,0.431,0.259,0.0884,3.6,0
5kNe7PE09d6Kvw5pAsx23n,Die A Happy Man,Thomas Rhett,Tangled Up,????,12654,country,1,0.389,0.59,0.117,0.389,3.79,0
0BCy325UZyR9z0t0uxwn2N,H.O.L.Y.,Florida Georgia Line,Dig Your Roots,????,12654,country,71,0.666,0.523,0.0728,0.564,3.24,0
1XazlqB4YAtvouCmJPWXlM,Wanna Be That Song,Brett Eldredge,Illinois,????,12654,country,0,0.686,0.518,0.114,0.337,3.94,0
7mldq42yDuxiUNn08nvzHO,Body Like A Back Road,Sam Hunt,Body Like A Back Road,????,12654,country,0,0.458,0.732,0.136,0.661,2.76,0
1OzSfjFW08DTD51XoNnog7,"That's How You Know - From ""Enchanted""/Soundtrack Version",Amy Adams,Enchanted,Disney Princess,12655,disney,31,0.638,0.48,0.133,0.535,3.82,0
0qcr5FMsEO85NAQjrlDRKo,"Let It Go - From ""Frozen""/Soundtrack Version",Idina Menzel,Frozen,Disney Princess,12655,show-tunes,75,0.485,0.543,0.12,0.371,3.73,0
7o2CTH4ctstm8TNelqjb51,Sweet Child O' Mine,Guns N' Roses,Appetite For Destruction,Rock,12656,hard-rock,84,0.91,0.454,0.116,0.629,5.93,0
53968oKecrFxkErocab2Al,November Rain,Guns N' Roses,Use Your Illusion I,Rock,12656,hard-rock,81,0.641,0.294,0.112,0.226,8.96,0
0ZEhlT9v8CdOKu55zhYGv9,Don't Cry (Original),Guns N' Roses,Use Your Illusion I,Rock,12656,hard-rock,78,0.59,0.456,0.104,0.243,4.75,0
1bdXMstfxFWYSkEFTnJMoN,Enter Sandman,Metallica,Metallica,Rock,12656,hard-rock,81,0.828,0.577,0.0581,0.604,5.52,0
4QEFQlNFerDnWvNU8NASiV,Dragula,Rob Zombie,Hellbilly Deluxe,Rock,12656,alt-rock,1,0.978,0.579,0.0955,0.558,3.71,0
10V8XpuyMoEcSMfM79WDET,Living Dead Girl,Rob Zombie,Hellbilly Deluxe,Rock,12656,alt-rock,2,0.948,0.518,0.228,0.548,3.36,0
2aIB1CdRRG7YLBu9hNw9nR,The Beautiful People,Marilyn Manson,Antichrist Superstar,Rock,12656,alt-rock,1,0.948,0.609,0.042,0.786,3.65,0
2miAut6dp9BWdGmOxwSGEC,Sweet Dreams (Are Made Of This),Marilyn Manson,Smells Like Children,Rock,12656,alt-rock,2,0.664,0.221,0.239,0.101,4.89,0
3Q8IgbIg5sgm1cq5GeJ54N,Tainted Love,Marilyn Manson,The Golden Age Of Grotesque,Rock,12656,industrial,62,0.876,0.622,0.292,0.537,3.34,0
3cwDSDzTiWr5H5xMQhQ6Mx,Du hast,Rammstein,Sehnsucht,Rock,12656,alt-rock,75,0.922,0.64,0.332,0.716,3.9,0
7rSERmjAT38lC5QhJ8hnQc,I'm Shipping Up To Boston,Dropkick Murphys,The Warrior's Code,Rock,12656,punk-rock,70,0.928,0.452,0.226,0.6,2.56,0
6L89mwZXSOwYl76YXfX13s,Basket Case,Green Day,Dookie,Rock,12656,punk,2,0.943,0.441,0.091,0.781,3.03,0
1Dr1fXbc2IxaK1Mu8P8Khz,When I Come Around,Green Day,Dookie,Rock,12656,punk,76,0.909,0.531,0.231,0.814,2.97,0
12qZHAeOyTf93YAWvGDTat,All The Small Things,blink-182,Enema Of The State,Rock,12656,punk-rock,2,0.9,0.442,0.395,0.609,2.8,0
2fY6tqgrlrg1ky9fgs0t5u,Wanted Dead Or Alive,Bon Jovi,Slippery When Wet,Rock,12656,metal,2,0.818,0.265,0.323,0.251,5.14,0
70Z9t1qhytWtG4cCmmi7mU,I Wanna Rock,Twisted Sister,Stay Hungry,Rock,12656,hard-rock,73,0.911,0.504,0.355,0.671,3.0,0
04MNKrAnzrHDUzuXAtNoLr,Live And Let Die,Guns N' Roses,Use Your Illusion I,Rock,12656,hard-rock,72,0.777,0.262,0.12,0.264,3.07,0
0J6mQxEZnlRt9ymzFntA6z,Livin' On A Prayer,Bon Jovi,Slippery When Wet,Rock,12656,metal,1,0.89,0.527,0.222,0.818,4.15,0
5DiXcVovI0FcY2s0icWWUu,Mr. Jones,Counting Crows,August And Everything After,Rock,12656,alt-rock,0,0.836,0.571,0.182,0.73,4.54,0
27SdWb2rFzO6GWiYDBTD9j,Cheap Thrills,Sia,This Is Acting,Car Rides,12657,dance,78,0.698,0.628,0.0907,0.732,3.53,0
25khomWgBVamSdKw7hzm3l,The Hills,The Weeknd,Beauty Behind The Madness,Car Rides,12657,pop,3,0.551,0.565,0.139,0.125,4.04,0
62vpWI1CHwFy7tMIcSStl8,No Role Modelz,J. Cole,2014 Forest Hills Drive,Car Rides,12657,hip-hop,88,0.521,0.69,0.0534,0.494,4.88,0
4Hf7WnR761jpxPr5D46Bcd,Treat You Better,Shawn Mendes,Illuminate,Car Rides,12657,dance,84,0.819,0.444,0.107,0.747,3.13,0
46jLy47W8rkf8rEX04gMKB,Wherever I Go,OneRepublic,Oh My My,Car Rides,12657,piano,70,0.689,0.552,0.27,0.349,2.83,0
6M6Tk58pQvABy6ru66dY3d,No Money,Galantis,The Aviary,Car Rides,12657,edm,68,0.915,0.674,0.273,0.78,3.19,0
1rIKgCH4H52lrvDcz50hS8,Lush Life,Zara Larsson,So Good,Car Rides,12657,dance,78,0.712,0.694,0.211,0.799,3.35,0
2DpCdPMg1BADE4HDnxt3Rd,"Sit Still, Look Pretty",Daya,"Sit Still, Look Pretty",Car Rides,12657,dance,63,0.787,0.655,0.178,0.554,3.37,0
0OwX5aROoW1Iip8FV51Efg,Alarm,Anne-Marie,Alarm,Car Rides,12657,dance,0,0.589,0.756,0.176,0.811,3.43,0
60lwJa695S26FsYbhCVFVa,Hurts So Good,Astrid S,Astrid S,Car Rides,12657,dance,69,0.609,0.675,0.0957,0.378,3.48,0
6i0V12jOa3mr6uu4WYhUBr,Heathens,Twenty One Pilots,Heathens,Car Rides,12657,rock,81,0.396,0.732,0.105,0.548,3.27,0
6sDQ4uiWw9OdVrCXFLSlZt,Rap God,Eminem,The Marshall Mathers LP2,Car Rides,12657,hip-hop,78,0.843,0.708,0.799,0.625,6.06,1
6mb6lVLNrcUgLnEN8QnDJd,How Far I'll Go,Auli'i Cravalho,Moana,Car Rides,12657,disney,49,0.307,0.571,0.178,0.108,2.72,0
4Hf7WnR761jpxPr5D46Bcd,Treat You Better,Shawn Mendes,Illuminate,Shared,12658,dance,84,0.819,0.444,0.107,0.747,3.13,0
0qYTZCo5Bwh1nsUFGZP3zn,Felices los 4,Maluma,Felices los 4,Shared,12658,latino,74,0.756,0.766,0.349,0.716,3.83,0
3hB5DgAiMAQ4DzYbsMq1IT,Love Yourself,Justin Bieber,Purpose,Shared,12658,pop,84,0.378,0.609,0.28,0.515,3.9,0
62vpWI1CHwFy7tMIcSStl8,No Role Modelz,J. Cole,2014 Forest Hills Drive,Shared,12658,hip-hop,88,0.521,0.69,0.0534,0.494,4.88,0
3kNVYo6BJE9AENxzokM9YC,Muerte En Hawaii,Calle 13,Entren Los Que Quieran,Shared,12658,afrobeat,71,0.588,0.675,0.95,0.879,3.16,0
4aWn4NHlELpOehxsBaQeoe,Don't You (Forget About Me),Simple Minds,Once Upon A Time,80s Playlist,12659,synth-pop,2,0.858,0.638,0.333,0.743,4.38,0
3BGbqEDio3ocx1v4egIYr6,Walk Like an Egyptian,The Bangles,Different Light,80s Playlist,12659,disco,63,0.891,0.724,0.3,0.818,3.41,0
39shmbIHICJ2Wxnk1fPSdz,Should I Stay or Should I Go - Remastered,The Clash,Combat Rock,80s Playlist,12659,punk-rock,80,0.836,0.743,0.384,0.82,3.15,0
6HYf9ZEZKuxy581QVmYA6c,She Blinded Me With Science,Thomas Dolby,The Golden Age Of Wireless,80s Playlist,12659,synth-pop,14,0.755,0.799,0.0661,0.975,3.69,0
6wVViUl2xSRoDK2T7dMZbR,Bizarre Love Triangle,New Order,Brotherhood [Collector's Edition],80s Playlist,12659,synth-pop,66,0.885,0.613,0.0997,0.919,4.39,0
40dJCw4xU6Bd5ie9rfagNo,Everybody Wants To Rule The World,Tears For Fears,Songs From The Big Chair,80s Playlist,12659,synth-pop,87,0.795,0.645,0.104,0.535,4.19,0
7o7E1nrHWncYY7PY94gCiX,Video Killed The Radio Star,The Buggles,The Age Of Plastic,80s Playlist,12659,synth-pop,72,0.678,0.68,0.204,0.251,4.23,0
4y1LsJpmMti1PfRQV9AWWe,Girls Just Want to Have Fun,Cyndi Lauper,She's So Unusual,80s Playlist,12659,disco,79,0.799,0.71,0.349,0.725,3.97,0
2A6yzRGMgSQCUapR2ptm6A,True Colors,Cyndi Lauper,True Colors,80s Playlist,12659,disco,70,0.207,0.397,0.116,0.268,3.77,0
7gSQv1OHpkIoAdUiRLdmI6,I Won't Back Down,Tom Petty,Full Moon Fever,80s Playlist,12659,rock,1,0.63,0.765,0.223,0.963,2.97,0
0J6mQxEZnlRt9ymzFntA6z,Livin' On A Prayer,Bon Jovi,Slippery When Wet,80s Playlist,12659,metal,1,0.89,0.527,0.222,0.818,4.15,0
3KYiA4vq6RPO1dE2XROXd8,You Give Love A Bad Name,Bon Jovi,Slippery When Wet,80s Playlist,12659,metal,1,0.964,0.532,0.359,0.804,3.71,0
4TOYmUloyDslQIj0k3pXn3,Town Called Malice,The Jam,The Gift,80s Playlist,12659,punk-rock,0,0.955,0.534,0.0719,0.759,2.9,0
0EMmVUYs9ZZRHtlADB88uz,Come On Eileen,Dexys Midnight Runners,Too Rye Ay,80s Playlist,12659,ska,2,0.769,0.45,0.306,0.604,4.79,0
5oQcOu1omDykbIPSdSQQNJ,1985,Bowling For Soup,A Hangover You Don't Deserve,80s Playlist,12659,punk-rock,71,0.887,0.606,0.337,0.903,3.22,0
2WfaOiMkCvy7F5fcp2zZ8L,Take On Me,a-ha,Hunting High And Low,80s Playlist,12659,synth-pop,0,0.931,0.524,0.0588,0.811,3.75,0
5DH7nDryMhpixm4G4B7RP9,The Longest Time,Billy Joel,An Innocent Man,80s Playlist,12659,piano,68,0.333,0.637,0.147,0.588,3.63,0
3Cx4yrFaX8CeHwBMReOWXI,We Didn't Start the Fire,Billy Joel,Storm Front,80s Playlist,12659,piano,76,0.967,0.712,0.356,0.895,4.8,0
6ZANrVuAMp2rpjhfbOuJly,Same Old Love,Selena Gomez,Revival,Good For You,12660,dance,71,0.593,0.672,0.214,0.438,3.82,0
2vW5tqS1EFel9yYOQ7WZmE,Ex's & Oh's,Elle King,Love Stuff,Good For You,12660,blues,73,0.921,0.612,0.0576,0.446,3.37,0
50r1EUDpmSZRPo5aIZpmWi,E.T.,Katy Perry,Teenage Dream,Good For You,12660,dance,0,0.863,0.603,0.389,0.731,3.43,0
0PDUDa38GO8lMxLCRc4lL1,PILLOWTALK,ZAYN,Mind Of Mine (Deluxe Edition),Good For You,12660,dance,78,0.7,0.584,0.0939,0.438,3.38,1
2TRFIQpTqq12xGpFJEr0Ft,Worth It,Fifth Harmony,Reflection,Good For You,12660,dance,64,0.78,0.858,0.133,0.602,3.74,0
360Wr96ywrCQq4kTAJ8Pq6,Pacify Her,Melanie Martinez,Cry Baby,Good For You,12660,electro,0,0.593,0.576,0.237,0.366,3.67,0
6wNeKPXF0RDKyvfKfri5hf,Dollhouse,Melanie Martinez,Cry Baby,Good For You,12660,electro,74,0.708,0.725,0.777,0.555,3.86,0
7j56HrjR9cGzvekvZY3Faz,HandClap,Fitz and The Tantrums,Fitz and The Tantrums,Good For You,12660,alt-rock,0,0.836,0.634,0.0828,0.715,3.22,0
7qiZfU4dY1lWllzX7mPBI3,Shape of You,Ed Sheeran,÷,Good For You,12660,pop,86,0.652,0.825,0.0931,0.931,3.9,0
1QEEqeFIZktqIpPI4jSVSF,More Than a Feeling,Boston,Boston,Sony VAIO - Back to School,12661,country,79,0.681,0.377,0.0504,0.285,4.75,0
5tVA6TkbaAH9QMITTQRrNv,Free Fallin',Tom Petty,Full Moon Fever,Sony VAIO - Back to School,12661,folk,0,0.504,0.619,0.06,0.568,4.27,0
1bWeLRzg1BxZpPfEMkbsnN,Alive And Kicking,Simple Minds,Once Upon A Time,Sony VAIO - Back to School,12661,synth-pop,66,0.913,0.572,0.128,0.561,4.82,0
0OBwxFLu6Yj61s2OagYbgY,Gimme All Your Lovin',ZZ Top,Eliminator,Sony VAIO - Back to School,12661,blues,71,0.788,0.63,0.0883,0.63,4.02,0
71SvEDmsOwIWw1IozsZoMA,Any Way You Want It,Journey,Departure,Sony VAIO - Back to School,12661,hard-rock,73,0.932,0.529,0.136,0.571,3.36,0
5X76oXHcR5uCXali0gOyX5,White Room,Cream,Wheels Of Fire,Sony VAIO - Back to School,12661,blues,70,0.576,0.553,0.0365,0.457,5.05,0
5EWPGh7jbTNO2wakv8LjUI,Free Bird,Lynyrd Skynyrd,Pronounced' Leh-'Nerd 'Skin-'Nerd,Sony VAIO - Back to School,12661,blues,77,0.834,0.249,0.0924,0.338,9.12,0
1syFMBjjRvL3uReOM8yWEb,My Savior My God,Aaron Shust,Anything Worth Saying,Jesus music ,12662,world-music,54,0.467,0.563,0.0945,0.241,4.87,0
0jOSpB2zK2O0SNxj8ZT5lp,How Great Is Our God,Chris Tomlin,How Great Is Our God: The Essential Collection,Jesus music ,12662,alt-rock,64,0.573,0.318,0.0854,0.0765,5.09,0
40lKptao1hxVqA7fd1OOGp,Our God,Chris Tomlin,And If Our God Is For Us...,Jesus music ,12662,alt-rock,63,0.778,0.509,0.19,0.216,4.75,0
1CvoOXxJqC2VHwgjZxjGX5,Good Good Father,Chris Tomlin,The Ultimate Playlist,Jesus music ,12662,alt-rock,66,0.587,0.429,0.108,0.164,4.89,0
06yQb4UTUcjerrSKmpA0zp,Cornerstone - Studio Version,Hillsong Worship,Cornerstone (Deluxe Edition) [Live],Jesus music ,12662,world-music,37,0.794,0.388,0.0957,0.328,3.45,0
3QntQwzIBV704yqCHLLmyH,Sinking Deep,Hillsong Young & Free,This Is Living,Jesus music ,12662,world-music,54,0.25,0.538,0.109,0.1,4.12,0
27uBwOJbW6kHsCbKGukxMK,At The Cross (Love Ran Red),Chris Tomlin,Love Ran Red,Jesus music ,12662,world-music,58,0.535,0.391,0.205,0.127,4.18,0
3ZGcwqEcYCDm1siVd0yAiN,"At Your Name (Yahweh, Yahweh)",Phil Wickham,Response,Jesus music ,12662,world-music,45,0.766,0.276,0.0874,0.19,3.91,0
4dzOxPZFYX77xpMwv4EhnO,Fat Lip,Sum 41,"All Killer, No Filler",Pop Punk,12663,punk,74,0.914,0.402,0.065,0.626,2.97,1
2TfSHkHiFO4gRztVIkggkE,"Sugar, We're Goin Down",Fall Out Boy,From Under The Cork Tree,Pop Punk,12663,emo,2,0.887,0.5,0.114,0.631,3.82,0
3SqOC9IRDYGSq9cH6K2GQI,The Anthem,Good Charlotte,Good Charlotte/The Young And The Hopeless,Pop Punk,12663,metal,74,0.939,0.494,0.139,0.893,2.92,0
3mcG2NI5G5vhrQtRda1YnA,The Middle,Jimmy Eat World,Bleed American,Pop Punk,12663,alt-rock,0,0.848,0.644,0.0676,0.928,2.8,0
18GC3F8YPGB8CePXcTUizQ,Thnks fr th Mmrs,Fall Out Boy,Infinity On High,Pop Punk,12663,emo,2,0.897,0.458,0.103,0.602,3.39,0
5wTMQjEx9LWeFwLjolPCUy,What's My Age Again?,blink-182,Blink 182 (Sound and Vision Q4 2007),Pop Punk,12663,punk-rock,4,0.951,0.391,0.0878,0.468,2.48,0
6hqt1z34Oz0OZtSfy62OFD,The Hell Song,Sum 41,Does This Look Infected?,Pop Punk,12663,punk,66,0.935,0.359,0.351,0.658,3.31,1
23oxJmDc1V9uLUSmN2LIvx,Ocean Avenue,Yellowcard,Ocean Avenue,Pop Punk,12663,punk,74,0.904,0.486,0.0947,0.786,3.3,0
3354J49VpkbZJho7Ztdzpw,Jumper - 1998 Edit,Third Eye Blind,Third Eye Blind,Pop Punk,12663,grunge,67,0.543,0.599,0.291,0.624,4.55,0
0a7BloCiNzLDD9qSQHh5m7,"Dance, Dance",Fall Out Boy,From Under The Cork Tree,Pop Punk,12663,emo,77,0.961,0.622,0.0854,0.449,3.0,0
2ydUT1pFhuLDnouelIv4WH,The Rock Show,blink-182,Take Off Your Pants And Jacket,Pop Punk,12663,punk-rock,73,0.959,0.41,0.0766,0.83,2.86,0
1Dr1fXbc2IxaK1Mu8P8Khz,When I Come Around,Green Day,Dookie,Pop Punk,12663,punk,76,0.909,0.531,0.231,0.814,2.97,0
4YPhn26bIFm2KUkL1VLzQG,Say It Ain't So,Weezer,Weezer,Pop Punk,12663,alt-rock,1,0.551,0.635,0.07,0.451,4.28,0
6WkSUgo1VdpzgtiXKlFPcY,Dammit,blink-182,Dude Ranch,Pop Punk,12663,punk-rock,68,0.974,0.429,0.164,0.33,2.76,0
4bPQs0PHn4xbipzdPfn6du,I Write Sins Not Tragedies,Panic! At The Disco,A Fever You Can't Sweat Out,Pop Punk,12663,rock,3,0.792,0.565,0.114,0.639,3.13,0
6ZOBP3NvffbU4SZcrnt1k6,Kryptonite,3 Doors Down,The Better Life,Pop Punk,12663,alt-rock,0,0.848,0.544,0.134,0.489,3.9,0
7oK9VyNzrYvRFo7nQEYkWN,Mr. Brightside,The Killers,Hot Fuss,Pop Punk,12663,alt-rock,2,0.931,0.344,0.0903,0.251,3.71,0
4wzjNqjKAKDU82e8uMhzmr,Face Down,The Red Jumpsuit Apparatus,Don't You Fake It,Pop Punk,12663,punk-rock,76,0.932,0.545,0.127,0.464,3.2,0
3pfXxHoydFRfD7IBGJTQAN,Pony,Ginuwine,R&B: From Doo-Wop To Hip-Hop,sexxx,12664,soul,73,0.605,0.749,0.115,0.966,4.2,0
359krpyCKcFF8SFvqWES9L,Wagon Wheel,Old Crow Medicine Show,O.C.M.S.,Texas Country,12665,bluegrass,67,0.403,0.621,0.114,0.634,3.87,0
5kNe7PE09d6Kvw5pAsx23n,Die A Happy Man,Thomas Rhett,Tangled Up,Texas Country,12665,country,1,0.389,0.59,0.117,0.389,3.79,0
3pfXxHoydFRfD7IBGJTQAN,Pony,Ginuwine,R&B: From Doo-Wop To Hip-Hop,lil,12666,soul,73,0.605,0.749,0.115,0.966,4.2,0
3eDk8vNTpDnoso8D2qmYFi,Make You Feel Good,Fetty Wap,Make You Feel Good,lil,12666,j-dance,44,0.626,0.658,0.682,0.738,2.35,0
20I6sIOMTCkB6w7ryavxtO,Call Me Maybe,Carly Rae Jepsen,Kiss,Pop Hits,12667,electro,80,0.58,0.783,0.108,0.66,3.22,0
1eyzqe2QqGZUmfcPZtrIyt,Midnight City,M83,"Hurry Up, We're Dreaming",Pop Hits,12667,french,76,0.729,0.507,0.0658,0.272,4.02,0
5U2m76qAMdr3gXI0g6ptlG,Come & Get It,Selena Gomez,Stars Dance,Pop Hits,12667,dance,0,0.783,0.552,0.0954,0.575,3.87,0
5edBgVtRD0fvWk140Sl21T,Counting Stars,OneRepublic,Native,Pop Hits,12667,piano,83,0.705,0.664,0.118,0.477,4.29,0
0VgkVdmE4gld66l8iyGjgx,Mask Off,Future,FUTURE,summa 17,12668,hip-hop,83,0.434,0.833,0.165,0.281,3.41,0
7mldq42yDuxiUNn08nvzHO,Body Like A Back Road,Sam Hunt,Body Like A Back Road,summa 17,12668,country,0,0.458,0.732,0.136,0.661,2.76,0
0KKkJNfGyhkQ5aFogxQAPU,That's What I Like,Bruno Mars,24K Magic,summa 17,12668,dance,83,0.56,0.853,0.0944,0.86,3.44,0
7KXjTSCq5nL1LoYtL7XAwS,HUMBLE.,Kendrick Lamar,DAMN.,summa 17,12668,hip-hop,84,0.621,0.908,0.0958,0.421,2.95,1
6gBFPUFcJLzWGx4lenP6h2,goosebumps,Travis Scott,Birds In The Trap Sing McKnight,summa 17,12668,hip-hop,84,0.728,0.841,0.149,0.43,4.06,0
7i2DJ88J7jQ8K7zqFX2fW8,Now Or Never,Halsey,hopeless fountain kingdom,summa 17,12668,indie-pop,67,0.585,0.67,0.131,0.447,3.58,0
7EOYLyD4pP4YJVgoVeKUQ1,Feel So Close - Radio Edit,Calvin Harris,18 Months,summa 17,12668,electro,80,0.924,0.707,0.204,0.919,3.44,0
72jbDTw1piOOj770jWNeaG,Paris,The Chainsmokers,Memories...Do Not Open,summa 17,12668,dance,74,0.658,0.653,0.0939,0.219,3.69,0
0BCy325UZyR9z0t0uxwn2N,H.O.L.Y.,Florida Georgia Line,Dig Your Roots,summa 17,12668,country,71,0.666,0.523,0.0728,0.564,3.24,0
6HUnnBwYZqcED1eQztxMBN,Solo Dance,Martin Jensen,Solo Dance,summa 17,12668,edm,69,0.846,0.746,0.195,0.403,2.92,0
6uQKuonTU8VKBz5SHZuQXD,This Is How We Do It,Montell Jordan,This Is How We Do It,party,12669,j-dance,66,0.702,0.791,0.423,0.789,3.98,0
4A7qcJp2Sg867JST1pSPJz,Promises,NERO,Welcome Reality,party,12669,drum-and-bass,56,0.943,0.484,0.593,0.345,4.29,0
6pyzBTIjcO2AMkKE6x2Otb,Stayin' Alive,Bee Gees,Greatest,party,12669,disco,77,0.535,0.707,0.0884,0.641,4.76,0
7EOYLyD4pP4YJVgoVeKUQ1,Feel So Close - Radio Edit,Calvin Harris,18 Months,party,12669,electro,80,0.924,0.707,0.204,0.919,3.44,0
6sDQ4uiWw9OdVrCXFLSlZt,Rap God,Eminem,The Marshall Mathers LP2,party,12669,hip-hop,78,0.843,0.708,0.799,0.625,6.06,1
7KXjTSCq5nL1LoYtL7XAwS,HUMBLE.,Kendrick Lamar,DAMN.,HUMBLE.,12670,hip-hop,84,0.621,0.908,0.0958,0.421,2.95,1
1qRA5BS78u3gME0loMl9AA,For What It's Worth,Buffalo Springfield,Buffalo Springfield,Oldies,12671,blues,78,0.519,0.653,0.101,0.822,2.56,0
5Lk0ZGm0xF3EvOg9xXiXcR,Takin' Care Of Business,Bachman-Turner Overdrive,Bachman-Turner Overdrive II,Oldies,12671,blues,0,0.919,0.728,0.152,0.963,4.83,0
3LQuPOvQvNVQaE0YzoiymV,Feelin' Alright,Joe Cocker,With A Little Help From My Friends,Oldies,12671,blues,0,0.796,0.48,0.37,0.906,4.18,0
3RNyGLgSvmVRZ7xKUp8Wgd,In the Summertime,Mungo Jerry,In the Summertime,Oldies,12671,blues,27,0.449,0.754,0.162,0.973,3.53,0
0iA3xXSkSCiJywKyo1UKjQ,Louie Louie,The Kingsmen,The Best of The Kingsmen,Oldies,12671,garage,65,0.709,0.623,0.0967,0.948,2.76,0
75GQIYnRaBg7ndHxhfYuQy,Go All The Way,Raspberries,Raspberries,Oldies,12671,j-rock,62,0.849,0.305,0.0995,0.555,3.42,0
2hE5Lm5XOHR4t3xlhIFauP,Fooled Around And Fell In Love,Elvin Bishop,Struttin' My Stuff,Oldies,12671,blues,57,0.585,0.634,0.0953,0.61,4.6,0
6cuKJ1bFFy4OjfkCI9YBqc,I'm Not In Love,10cc,The Original Soundtrack,Oldies,12671,blues,71,0.523,0.404,0.282,0.164,6.11,0
3b0EOvScbZUc0qJx0E1L2z,I Want You Back,The Jackson 5,Diana Ross Presents The Jackson 5,Oldies,12671,soul,77,0.538,0.469,0.37,0.886,2.94,0
7cdnq45E9aP2XDStHg5vd7,Cherry Bomb,The Runaways,The Runaways,Oldies,12671,punk,0,0.855,0.495,0.141,0.496,2.31,0
0QnjeIN25VdTuwykISJIlJ,The Things We Do For Love,10cc,Deceptive Bends,Oldies,12671,blues,0,0.557,0.437,0.248,0.683,3.49,0
3EFb1qDgIqf9MegIryKtDj,"Monday, Monday - Single Version",The Mamas & The Papas,If You Can Believe Your Eyes & Ears,Oldies,12671,psych-rock,61,0.464,0.488,0.57,0.709,3.47,0
1JO1xLtVc8mWhIoE3YaCL0,Happy Together,The Turtles,Happy Together,Oldies,12671,folk,76,0.367,0.584,0.0818,0.588,2.94,0
3Os0VNtvEnRFlXSK5dvOFu,Tutti Frutti,Little Richard,Here's Little Richard [Remastered & Expanded],Oldies,12671,rock-n-roll,65,0.658,0.555,0.118,0.937,2.44,0
7xe3EQCvXnx6Q0zs41Y65n,Great Balls of Fire,Jerry Lee Lewis,The Essential Jerry Lee Lewis [The Sun Sessions],Oldies,12671,piano,57,0.627,0.592,0.43,0.909,1.85,0
3AhXZa8sUQht0UEdBJgpGc,Like a Rolling Stone,Bob Dylan,Highway 61 Revisited,Oldies,12671,country,70,0.721,0.482,0.189,0.557,6.16,0
2BydLQAh7CUIFvSEqAMc4x,If You Want Me to Stay,Sly & The Family Stone,Fresh,Oldies,12671,psych-rock,67,0.48,0.843,0.108,0.762,3.01,0
6RrXd9Hph4hYR4bf3dbM6H,My Girl,The Temptations,The Temptations Sing Smokey,Oldies,12671,funk,79,0.418,0.572,0.0961,0.694,2.75,0
5lXcSvHRVjQJ3LB2rLKQog,Superstition - Single Version,Stevie Wonder,Song Review: A Greatest Hits Collection,Oldies,12671,funk,0,0.745,0.637,0.0372,0.859,3.99,0
5X76oXHcR5uCXali0gOyX5,White Room,Cream,Wheels Of Fire,Oldies,12671,blues,70,0.576,0.553,0.0365,0.457,5.05,0
3fkPMWQ6cBNBLuFcPyMS8s,Burnin' for You,Blue Öyster Cult,Fire of Unknown Origin,Oldies,12671,blues,67,0.728,0.532,0.0849,0.69,4.52,0
40iyxHnAaCXODDMixY1okn,Rocky Mountain Way,Joe Walsh,"The Smoker You Drink, The Player You Get",Oldies,12671,blues,0,0.571,0.449,0.0748,0.448,5.26,0
3G7tRC24Uh09Hmp1KZ7LQ2,I'm a Believer,The Monkees,More Of The Monkees (Deluxe Edition),Oldies,12671,psych-rock,57,0.772,0.502,0.199,0.935,2.79,0
0s1aSsYlLIEiy16LjFWbdp,Dirty Work,Steely Dan,Can't Buy A Thrill,Oldies,12671,psych-rock,70,0.354,0.631,0.0879,0.522,3.14,0
359krpyCKcFF8SFvqWES9L,Wagon Wheel,Old Crow Medicine Show,O.C.M.S.,ah,12672,bluegrass,67,0.403,0.621,0.114,0.634,3.87,0
1iNEjDQp0ESOeVjgyFJpDO,Everybody,Ingrid Michaelson,Everybody,ah,12672,acoustic,54,0.636,0.742,0.0817,0.48,3.47,0
0Zw4llKeB35SIKASy1aLtV,Eple,Röyksopp,Melody AM,ah,12672,trip-hop,55,0.849,0.68,0.108,0.806,3.64,0
5WObuDOxPHlQaoYUf2W4lh,Flowers In Your Hair,The Lumineers,The Lumineers,ah,12672,folk,64,0.609,0.676,0.209,0.557,1.84,0
0GO8y8jQk1PkHzS31d699N,Tongue Tied,Grouplove,Never Trust A Happy Song,ah,12672,alt-rock,79,0.936,0.56,0.161,0.371,3.63,0
1pTGc8pwyo6xtgXBKCBcFn,Woman in Love,Barbra Streisand,Guilty,ah,12672,disco,68,0.278,0.469,0.133,0.331,3.86,0
3Z9PJ6xiEGmcqo2hESEB5n,Bitter Sweet Symphony,The Verve,Urban Hymns,ah,12672,alt-rock,80,0.917,0.356,0.406,0.518,5.95,0
4CJVkjo5WpmUAKp3R44LNb,Sweet Home Alabama,Lynyrd Skynyrd,Second Helping,rock,12673,blues,2,0.724,0.614,0.146,0.902,4.69,0
08mG3Y1vljYA6bvDt4Wqkj,Back In Black,AC/DC,Back In Black,rock,12673,hard-rock,85,0.7,0.31,0.0828,0.763,4.26,0
2zYzyRzz6pRmhPzyfMEC8s,Highway to Hell,AC/DC,Highway to Hell,rock,12673,hard-rock,85,0.913,0.574,0.156,0.423,3.47,0
7LRMbd3LEoV5wZJvXT1Lwb,T.N.T.,AC/DC,High Voltage,rock,12673,hard-rock,78,0.759,0.754,0.101,0.435,3.58,0
0bVtevEgtDIeRjCJbK3Lmv,Welcome To The Jungle,Guns N' Roses,Appetite For Destruction,rock,12673,hard-rock,80,0.954,0.447,0.298,0.331,4.57,0
1AhDOtG9vPSOmsWgNW0BEY,Bohemian Rhapsody - Remastered 2011,Queen,A Night At The Opera,rock,12673,rock,82,0.404,0.414,0.3,0.224,5.91,0
57ebBLITHpRgRKGrlbxMZS,Faithfully,Journey,Frontiers,rock,12673,hard-rock,68,0.644,0.202,0.109,0.252,4.45,0
4BP3uh0hFLFRb5cjsgLqDh,Fortunate Son,Creedence Clearwater Revival,Willy And The Poor Boys,rock,12673,country,0,0.663,0.64,0.152,0.665,2.35,0
74uGhWp4BYpjFj1V2DzgoO,Pink,Aerosmith,Nine Lives,rock,12673,hard-rock,63,0.751,0.432,0.126,0.776,3.92,0
5rX6C5QVvvZB7XckETNych,All Summer Long,Kid Rock,Rock N Roll Jesus,rock,12673,alternative,0,0.865,0.701,0.0956,0.88,4.96,0
3QZ7uX97s82HFYSmQUAN1D,Tom Sawyer,Rush,Moving Pictures,rock,12673,hard-rock,73,0.901,0.536,0.06,0.666,4.61,0
7wMq5n8mYSKlQIGECKUgTX,Hall of Fame,The Script,#3 Deluxe Version,Pop Music,12674,rock,60,0.872,0.511,0.0975,0.511,3.38,0
46GGxd8TVRt6FjUBfCavVT,Renegades,X Ambassadors,VHS,Pop Music,12674,alt-rock,76,0.862,0.526,0.229,0.528,3.25,0
6Z8R6UsFuGXGtiIxiD8ISb,Safe And Sound,Capital Cities,In A Tidal Wave Of Mystery,Pop Music,12674,rock,83,0.819,0.655,0.104,0.766,3.21,0
1XQnZTR0ER8y5fGO17uX1R,Holocene,Bon Iver,Bon Iver,soft,12675,folk,66,0.304,0.374,0.126,0.147,5.61,0
3UfCFlGruX0DRPCpD1V3pU,Work Song,Hozier,Hozier,soft,12675,singer-songwriter,63,0.388,0.432,0.112,0.256,3.83,0
0IqKeD8ZSP72KbGYyzEcAs,Take Me To Church,Hozier,Hozier,soft,12675,singer-songwriter,83,0.664,0.566,0.116,0.437,4.03,0
3ZMv9EzGoteNi5Qnx0KpEO,Skinny Love,Bon Iver,"For Emma, Forever Ago",soft,12675,folk,73,0.263,0.592,0.127,0.109,3.87,0
1TGimSbipZ3XZ7q3eszBRV,Angel Of Small Death & The Codeine Scene,Hozier,Hozier,soft,12675,singer-songwriter,62,0.638,0.377,0.12,0.369,3.65,0
52Bg6oaos7twR7IUtEpqcE,Between The Bars,Elliott Smith,Either/Or,soft,12675,indie-pop,65,0.074,0.522,0.108,0.342,2.35,0
0eVYGqIPngJQUeRwGeVeXG,The Only Thing,Sufjan Stevens,Carrie & Lowell,soft,12675,singer-songwriter,64,0.146,0.51,0.107,0.498,4.7,0
0ByKWq0hsuYriK5avSMJ5r,Crosses,José González,Veneer,soft,12675,goth,55,0.369,0.666,0.102,0.318,2.72,0
6mORGLOz79w6VsCRLWYYuK,The Night We Met,Lord Huron,Strange Trails,soft,12675,folk,83,0.369,0.544,0.639,0.102,3.47,0
7iV733e1KacKrFRaBNxVEf,Intro: Serendipity,BTS,Love Yourself ? 'Her',September 2017,12676,k-pop,65,0.581,0.477,0.201,0.282,2.33,0
2tdq0CeAGSfhI2l4Gwkvgx,Best Of Me,BTS,Love Yourself ? 'Her',September 2017,12676,k-pop,69,0.756,0.655,0.396,0.469,3.79,0
0ffweDHrg4bZqdG4IfGYuo,Pied Piper,BTS,Love Yourself ? 'Her',September 2017,12676,k-pop,75,0.712,0.583,0.268,0.778,4.09,0
2SYa5Lx1uoCvyDIW4oee9b,MIC Drop,BTS,Love Yourself ? 'Her',September 2017,12676,k-pop,67,0.889,0.667,0.0816,0.541,3.97,0
5nq1uTNIR1cBR72T87viS0,Go Go,BTS,Love Yourself ? 'Her',September 2017,12676,k-pop,71,0.617,0.856,0.0857,0.759,3.93,0
3ryjLm3oupIjJFGc39naNi,dimple,BTS,Love Yourself ? 'Her',September 2017,12676,k-pop,72,0.844,0.612,0.289,0.652,3.28,0
5v7kaZNsnyByrSJOfO8gKq,Skrt,Kodak Black,Skrt,Fire,12677,hip-hop,0,0.352,0.901,0.122,0.199,3.75,0
3zKST4nk4QJE77oLjUZ0Ng,Hey Brother,Avicii,True,Gina,12678,edm,77,0.78,0.545,0.0828,0.458,4.25,0
7cgu4JBW3hq1GwTM1ilkKQ,Talking Body,Tove Lo,Queen Of The Clouds,Gina,12678,electro,67,0.761,0.736,0.0823,0.114,3.97,1
4YPhn26bIFm2KUkL1VLzQG,Say It Ain't So,Weezer,Weezer,Gina,12678,alt-rock,1,0.551,0.635,0.07,0.451,4.28,0
4sFbojhVXQv7dBC9PVCcRn,Sympathy For The Devil,The Rolling Stones,Beggars Banquet,Gina,12678,british,1,0.67,0.636,0.0453,0.572,6.3,0
25khomWgBVamSdKw7hzm3l,The Hills,The Weeknd,Beauty Behind The Madness,Gina,12678,pop,3,0.551,0.565,0.139,0.125,4.04,0
1jNOi6m3Hn8nLEeHCp5Msr,Seven Nation Army,The White Stripes,Elephant,Gina,12678,alt-rock,84,0.446,0.743,0.337,0.278,3.86,0
50r1EUDpmSZRPo5aIZpmWi,E.T.,Katy Perry,Teenage Dream,Gina,12678,dance,0,0.863,0.603,0.389,0.731,3.43,0
6kZFIsYCBeuH0f1zGk1UoM,Simple Man,Lynyrd Skynyrd,(Pronounced 'Leh-'Nérd 'Skin-'Nérd),Gina,12678,blues,74,0.752,0.422,0.129,0.403,5.97,0
3354J49VpkbZJho7Ztdzpw,Jumper - 1998 Edit,Third Eye Blind,Third Eye Blind,Gina,12678,grunge,67,0.543,0.599,0.291,0.624,4.55,0
3gbBpTdY8lnQwqxNCcf795,Pompeii,Bastille,Bad Blood,Gina,12678,rock,1,0.711,0.68,0.241,0.571,3.57,0
33ZXjLCpiINn8eQIDYEPTD,"Shook Ones, Pt. II",Mobb Deep,The Infamous,Gina,12678,hardcore,76,0.786,0.763,0.0817,0.504,5.43,0
378iszndTZAR4dH8kwsLC6,Cheap Thrills,Sia,This Is Acting,Gina,12678,dance,78,0.698,0.628,0.0907,0.732,3.75,0
3CRDbSIZ4r5MsZ0YwxuEkn,Stressed Out,Twenty One Pilots,Blurryface,Gina,12678,rock,85,0.637,0.734,0.0602,0.648,3.37,0
6M6Tk58pQvABy6ru66dY3d,No Money,Galantis,The Aviary,Gina,12678,edm,68,0.915,0.674,0.273,0.78,3.19,0
2QjOHCTQ1Jl3zawyYOpxh6,Sweater Weather,The Neighbourhood,I Love You.,Gina,12678,alt-rock,93,0.807,0.612,0.101,0.398,4.01,0
4vb4mFvYsr2h6enhjJsq9Y,Water Under the Bridge,Adele,25,Gina,12678,british,70,0.833,0.59,0.105,0.538,4.01,0
7f08qp3HROTkfrtNpiYGGo,Dirt On My Boots,Jon Pardi,California Sunrise,Gina,12678,country,0,0.796,0.683,0.197,0.533,3.36,0
7qiZfU4dY1lWllzX7mPBI3,Shape of You,Ed Sheeran,÷,Gina,12678,pop,86,0.652,0.825,0.0931,0.931,3.9,0
7s0lDK7y3XLmI7tcsRAbW0,My Songs Know What You Did In The Dark (Light Em Up),Fall Out Boy,Save Rock And Roll,The ones,12679,emo,0,0.924,0.557,0.537,0.566,3.11,0
6sDQ4uiWw9OdVrCXFLSlZt,Rap God,Eminem,The Marshall Mathers LP2,The ones,12679,hip-hop,78,0.843,0.708,0.799,0.625,6.06,1
4hEl2wrneFEJbJ6SDYWd2f,Not Afraid,Eminem,Recovery,The ones,12679,hip-hop,81,0.954,0.855,0.205,0.668,4.14,1
3JvKfv6T31zO0ini8iNItO,Another Love,Tom Odell,Long Way Down (Deluxe),14,12680,chill,93,0.537,0.445,0.0944,0.131,4.07,0
7brQHA2CgQpcMBiOlfiXYb,Afraid,The Neighbourhood,I Love You.,14,12680,alt-rock,77,0.701,0.464,0.335,0.356,4.19,1
2FslWIASvm578pOKpczLeZ,Oats In The Water,Ben Howard,Every Kingdom,14,12680,british,57,0.474,0.356,0.184,0.094,4.99,0
4FSm0Ca6Hzd7Vx7TpSfcSy,Arabella,Arctic Monkeys,AM,14,12680,garage,78,0.558,0.579,0.212,0.506,3.46,0
1r1fPuhj9H4VdXr7OK6FL5,CASTLE OF GLASS,Linkin Park,LIVING THINGS,14,12680,alternative,73,0.911,0.615,0.0908,0.685,3.42,0
7pq5vONxrAy8T773nhkiW3,Salvation,Gabrielle Aplin,English Rain,14,12680,acoustic,50,0.267,0.379,0.152,0.229,4.14,0
3HPfwpfUtcdyJPvlLtXtNg,Sirens,Pearl Jam,Lightning Bolt,14,12680,grunge,63,0.847,0.523,0.146,0.475,5.67,0
015IsLQFXbEm0f541N2qoX,Red Lights,Tiësto,A Town Called Paradise,14,12680,trance,66,0.83,0.654,0.121,0.548,4.37,0
0ZPfDxZn5O0L84wvPSN2iG,How Long Will I Love You - Bonus Track,Ellie Goulding,Halcyon Days,14,12680,indie-pop,66,0.304,0.512,0.118,0.172,2.57,0
3h7pI8oM2CpXiNSZbQuEtV,Million Pound Girl (Badder Than Bad),Fuse ODG,T.I.N.A.,14,12680,dancehall,54,0.932,0.608,0.0572,0.722,4.1,0
6Uy6K3KdmUdAfelUp0SeXn,Brave,Sara Bareilles,The Blessed Unrest,14,12680,acoustic,70,0.836,0.551,0.0425,0.758,3.68,0
2QjOHCTQ1Jl3zawyYOpxh6,Sweater Weather,The Neighbourhood,I Love You.,14,12680,alt-rock,93,0.807,0.612,0.101,0.398,4.01,0
2kWowW0k4oFymhkr7LmvzO,Come with Me Now,KONGOS,Lunatic,14,12680,blues,67,0.726,0.654,0.0618,0.728,3.53,0
0IqKeD8ZSP72KbGYyzEcAs,Take Me To Church,Hozier,Hozier,14,12680,singer-songwriter,83,0.664,0.566,0.116,0.437,4.03,0
0kH34dqX33tTq0ZEyoBFIm,Fever To The Form,Nick Mulvey,First Mind,14,12680,british,67,0.546,0.358,0.111,0.264,4.22,0
2N0volXQpwsvjDorTTxBAU,Bonfire Heart,James Blunt,Moon Landing,14,12680,rock,0,0.821,0.575,0.124,0.473,3.97,0
7GJClzimvMSghjcrKxuf1M,Budapest,George Ezra,Wanted On Voyage,14,12680,folk,79,0.455,0.717,0.11,0.389,3.35,0
4VrWlk8IQxevMvERoX08iC,Chandelier,Sia,1000 Forms Of Fear,14,12680,dance,80,0.787,0.399,0.0685,0.572,3.6,0
6tCLQ3LO1V9l6qdrrwdV6q,My Silver Lining,First Aid Kit,Stay Gold,14,12680,swedish,66,0.725,0.479,0.209,0.43,3.59,0
3cOO5IQtOYs7huq4Z6lYfr,Love Runs Out,OneRepublic,Native,14,12680,piano,64,0.931,0.715,0.0757,0.742,3.75,0
6YUTL4dYpB9xZO5qExPf05,Summer,Calvin Harris,Motion,14,12680,electro,82,0.856,0.596,0.141,0.743,3.71,0
6FE2iI43OZnszFLuLtvvmg,Classic,MKTO,MKTO,14,12680,rock,82,0.791,0.72,0.157,0.756,2.92,0
6vECYJHxYmm3Ydt3fF01pE,Stolen Dance,Milky Chance,Sadnecessary,14,12680,german,80,0.581,0.884,0.0759,0.728,5.23,0
7qiZfU4dY1lWllzX7mPBI3,Shape of You,Ed Sheeran,÷,Good Vibes Only,12681,pop,86,0.652,0.825,0.0931,0.931,3.9,0
7pzdiluN2tVrxsFGyM2Asc,I Lived,OneRepublic,Native,Good Vibes Only,12681,piano,71,0.851,0.593,0.271,0.344,3.91,0
72jbDTw1piOOj770jWNeaG,Paris,The Chainsmokers,Memories...Do Not Open,Good Vibes Only,12681,dance,74,0.658,0.653,0.0939,0.219,3.69,0
3UwT4FadEGWyMdaSwYcUBY,This Town,Niall Horan,Flicker,Good Vibes Only,12681,dance,80,0.401,0.677,0.116,0.195,3.88,0
0akznwBCaPCVAtiGblDtHt,Cold Ain't For Me,Oceans,Cold Ain't For Me,Good Vibes Only,12681,electronic,48,0.84,0.643,0.391,0.356,3.43,0
5uCax9HTNlzGybIStD3vDh,Say You Won't Let Go,James Arthur,Back from the Edge,Good Vibes Only,12681,pop,85,0.557,0.358,0.0902,0.494,3.52,0
62vpWI1CHwFy7tMIcSStl8,No Role Modelz,J. Cole,2014 Forest Hills Drive,Lit,12682,hip-hop,88,0.521,0.69,0.0534,0.494,4.88,0
6sDQ4uiWw9OdVrCXFLSlZt,Rap God,Eminem,The Marshall Mathers LP2,Lit,12682,hip-hop,78,0.843,0.708,0.799,0.625,6.06,1
3yfqSUWxFvZELEM4PmlwIR,The Real Slim Shady,Eminem,The Marshall Mathers LP,Lit,12682,hip-hop,87,0.661,0.949,0.0454,0.76,4.74,1
4hEl2wrneFEJbJ6SDYWd2f,Not Afraid,Eminem,Recovery,Lit,12682,hip-hop,81,0.954,0.855,0.205,0.668,4.14,1
7DfFc7a6Rwfi3YQMRbDMau,Thinkin Bout You,Frank Ocean,channel ORANGE,Lit,12682,soul,78,0.339,0.721,0.0973,0.2,3.35,0
25khomWgBVamSdKw7hzm3l,The Hills,The Weeknd,Beauty Behind The Madness,Lit,12682,pop,3,0.551,0.565,0.139,0.125,4.04,0
3zByVQLvdXUaDTubfWkpCk,Sweet Caroline,Neil Diamond,Sweet Caroline,Lit,12682,folk,78,0.127,0.529,0.237,0.578,3.39,0
5E30LdtzQTGqRvNd7l6kG5,Daddy Issues,The Neighbourhood,Wiped Out!,Lit,12682,alt-rock,87,0.521,0.588,0.123,0.337,4.34,0
7iL6o9tox1zgHpKUfh9vuC,In Da Club,50 Cent,Get Rich Or Die Tryin',Lit,12682,hip-hop,83,0.713,0.899,0.0708,0.777,3.22,1
1oTHteQbmJw15rPxPVXUTv,Insane in the Brain,Cypress Hill,Black Sunday,Lit,12682,hardcore,75,0.611,0.897,0.0894,0.769,3.47,0
3TZwjdclvWt7iPJUnMpgcs,Jump Around,House Of Pain,House of Pain (Fine Malt Lyrics),Lit,12682,hard-rock,65,0.71,0.854,0.166,0.818,3.58,0
2g8HN35AnVGIk7B8yMucww,Big Poppa,The Notorious B.I.G.,Ready To Die The Remaster,Lit,12682,hardcore,49,0.671,0.765,0.0506,0.798,4.21,1
0VgkVdmE4gld66l8iyGjgx,Mask Off,Future,FUTURE,Lit,12682,hip-hop,83,0.434,0.833,0.165,0.281,3.41,0
2d8JP84HNLKhmd6IYOoupQ,Trap Queen,Fetty Wap,Fetty Wap,Lit,12682,j-dance,74,0.873,0.746,0.354,0.817,3.7,0
5mhUPDWQH3s544WCsa0r9w,Human,The Killers,Day & Age,Lit,12682,alt-rock,75,0.8,0.557,0.0906,0.582,4.09,0
7HGTkn2aX7MNdKs7nV2xBt,Somebody Told Me,The Killers,Hot Fuss,Lit,12682,alt-rock,0,0.981,0.508,0.0555,0.746,3.29,0
4SRqDmPxYX0pUb5B5ut2Ri,So Sick,Ne-Yo,In My Own Words,Lit,12682,dance,3,0.682,0.679,0.287,0.59,3.45,0
7KXjTSCq5nL1LoYtL7XAwS,HUMBLE.,Kendrick Lamar,DAMN.,Lit,12682,hip-hop,84,0.621,0.908,0.0958,0.421,2.95,1
6gBFPUFcJLzWGx4lenP6h2,goosebumps,Travis Scott,Birds In The Trap Sing McKnight,Lit,12682,hip-hop,84,0.728,0.841,0.149,0.43,4.06,0
7LX4aXtvImhdgUHQBlo8Kp,K.,Cigarettes After Sex,Cigarettes After Sex,Lit,12682,ambient,78,0.4,0.454,0.137,0.327,5.33,0
7jA5OcunWRSYXq98puhAX8,For the Damaged Coda,Blonde Redhead,Melody of Certain Damaged Lemons,Lit,12682,alt-rock,60,0.47,0.5,0.0899,0.0766,2.62,0
0vaf64cpnqM7COUZZkoBig,Electric Feel,MGMT,Oracular Spectacular/Congratulations,Chill,12683,alt-rock,77,0.803,0.763,0.348,0.561,3.83,0
6vECYJHxYmm3Ydt3fF01pE,Stolen Dance,Milky Chance,Sadnecessary,Chill,12683,german,80,0.581,0.884,0.0759,0.728,5.23,0
0GmBI692ELKhNrPRdcBP1I,Bleu,Worakls,Bleu,Chill,12683,minimal-techno,49,0.604,0.75,0.161,0.233,7.77,0
3RJuptH9QoeJWzHd4ZCI0u,Lullabies - Adventure Club Remix,Yuna,Lullabies,Chill,12683,malay,52,0.698,0.403,0.256,0.0833,4.22,0
18hTbh3xszreJlzMmi0Kbi,Sad Machine,Porter Robinson,Worlds,Chill,12683,dub,60,0.706,0.47,0.0726,0.327,5.84,0
5QldjuXcxplhjjUqLrzl6H,Kids,MGMT,Oracular Spectacular/Congratulations,Chill,12683,alt-rock,78,0.931,0.451,0.361,0.172,5.05,0
0ikhyMXGBKSx8Yb18h7prS,Imprint of Pleasure,Tube & Berger,Pleasure Dip,Chill,12683,techno,54,0.615,0.806,0.102,0.499,7.38,0
28cnXtME493VX9NOw9cIUh,Hurt,Johnny Cash,American IV: The Man Comes Around,Covers,12684,country,74,0.392,0.534,0.0948,0.163,3.61,0
5WpDQOIHa6ba3rJSay0udr,Turn The Page,Metallica,Garage Inc.,Covers,12684,hard-rock,64,0.813,0.426,0.0937,0.228,6.11,0
7oGZAicScQt96OAW4AruYy,Want to Want Me,Jason Derulo,Everything Is 4,energy,12685,dance,1,0.643,0.772,0.0705,0.669,3.46,0
2d8JP84HNLKhmd6IYOoupQ,Trap Queen,Fetty Wap,Fetty Wap,energy,12685,j-dance,74,0.873,0.746,0.354,0.817,3.7,0
4bPQs0PHn4xbipzdPfn6du,I Write Sins Not Tragedies,Panic! At The Disco,A Fever You Can't Sweat Out,energy,12685,rock,3,0.792,0.565,0.114,0.639,3.13,0
2BaXRCVgn621xHOGoFSuW5,I Really Like You,Carly Rae Jepsen,Emotion,energy,12685,electro,70,0.805,0.62,0.285,0.586,3.41,0
4kbj5MwxO1bq9wjT5g9HaA,Shut Up and Dance,WALK THE MOON,TALKING IS HARD,energy,12685,alt-rock,83,0.866,0.578,0.257,0.619,3.32,0
2TRFIQpTqq12xGpFJEr0Ft,Worth It,Fifth Harmony,Reflection,energy,12685,dance,64,0.78,0.858,0.133,0.602,3.74,0
25khomWgBVamSdKw7hzm3l,The Hills,The Weeknd,Beauty Behind The Madness,energy,12685,pop,3,0.551,0.565,0.139,0.125,4.04,0
0fxpHpK3aw2nFWII6yveDD,"10,000 Reasons (Bless The Lord) - Live",Matt Redman,"10,000 Reasons",Worship,12686,alt-rock,66,0.485,0.431,0.544,0.367,5.71,0
1CvoOXxJqC2VHwgjZxjGX5,Good Good Father,Chris Tomlin,The Ultimate Playlist,Worship,12686,alt-rock,66,0.587,0.429,0.108,0.164,4.89,0
5C64H6dEsQ15bS9gp0D3Xr,This Is Amazing Grace,Phil Wickham,The Ascension,Worship,12686,alt-rock,65,0.814,0.512,0.0991,0.277,4.66,0
28cnXtME493VX9NOw9cIUh,Hurt,Johnny Cash,American IV: The Man Comes Around,Gig,12687,country,74,0.392,0.534,0.0948,0.163,3.61,0
7gSQv1OHpkIoAdUiRLdmI6,I Won't Back Down,Tom Petty,Full Moon Fever,Gig,12687,rock,1,0.63,0.765,0.223,0.963,2.97,0
37431qrKdYaPF0idZ7o1Zr,She Talks To Angels,The Black Crowes,Shake Your Money Maker,Gig,12687,j-rock,67,0.521,0.584,0.22,0.317,5.49,0
5vVmnv4EN3X2VBa5Fo3UFM,Lightning Crashes,Live,Throwing Copper,Gig,12687,grunge,69,0.433,0.385,0.11,0.427,5.41,0
5nkYHBWXu7KCgcdwP6jcB1,What I Got,Sublime,Sublime,Gig,12687,punk,1,0.693,0.804,0.314,0.654,2.85,0
3mcG2NI5G5vhrQtRda1YnA,The Middle,Jimmy Eat World,Bleed American,Gig,12687,alt-rock,0,0.848,0.644,0.0676,0.928,2.8,0
5qqabIl2vWzo9ApSC317sa,Wonderwall - Remastered,Oasis,(What's The Story) Morning Glory? [Remastered],Gig,12687,rock,78,0.896,0.378,0.194,0.469,4.31,0
4CJVkjo5WpmUAKp3R44LNb,Sweet Home Alabama,Lynyrd Skynyrd,Second Helping,Gig,12687,blues,2,0.724,0.614,0.146,0.902,4.69,0
4EnkwZd0UJAuHpNMMemQaA,Closing Time,Semisonic,Feeling Strangely Fine,Gig,12687,alt-rock,0,0.854,0.478,0.115,0.274,4.56,0
6ORqU0bHbVCRjXm9AjyHyZ,Good Riddance (Time of Your Life),Green Day,Nimrod,Gig,12687,punk,0,0.432,0.449,0.161,0.645,2.56,0
6txWz9UapYHVxEd7dDIHXT,No Rain,Blind Melon,Blind Melon,Gig,12687,alt-rock,0,0.573,0.359,0.136,0.562,3.62,0
2nzlgHTbUDzuRtTFoX3qfJ,Glycerine - Remastered,Bush,Sixteen Stone,Gig,12687,grunge,63,0.335,0.421,0.0944,0.0889,4.44,0
7c1Dar0pIAW7w5TzaGjt9t,Jane Says,Jane's Addiction,Nothing's Shocking,Gig,12687,grunge,33,0.597,0.402,0.109,0.496,4.78,0
7mldq42yDuxiUNn08nvzHO,Body Like A Back Road,Sam Hunt,Body Like A Back Road,Gig,12687,country,0,0.458,0.732,0.136,0.661,2.76,0
7f08qp3HROTkfrtNpiYGGo,Dirt On My Boots,Jon Pardi,California Sunrise,Gig,12687,country,0,0.796,0.683,0.197,0.533,3.36,0
7iL6o9tox1zgHpKUfh9vuC,In Da Club,50 Cent,Get Rich Or Die Tryin',Ayeeee,12688,hip-hop,83,0.713,0.899,0.0708,0.777,3.22,1
4aY0tZIaboefmkBEsjAovI,If I Die Young,The Band Perry,The Band Perry,country,12689,country,65,0.497,0.606,0.275,0.362,3.71,0
3duP6mBVDsHM8ioN7o7dAK,Boondocks,Little Big Town,The Road To Here,country,12689,country,0,0.78,0.406,0.474,0.687,4.54,0
0p1BcEcYVO3uk4KDf3gzkY,Wanted,Hunter Hayes,Hunter Hayes (Encore),country,12689,country,0,0.475,0.414,0.0816,0.3,3.81,0
03fT3OHB9KyMtGMt2zwqCT,Play It Again,Luke Bryan,Crash My Party,country,12689,country,75,0.886,0.506,0.0734,0.595,3.78,0
359krpyCKcFF8SFvqWES9L,Wagon Wheel,Old Crow Medicine Show,O.C.M.S.,country,12689,bluegrass,67,0.403,0.621,0.114,0.634,3.87,0
4DMKwE2E2iYDKY01C335Uw,Carry on Wayward Son,Kansas,Leftoverture,country,12689,hard-rock,76,0.786,0.482,0.446,0.793,5.38,0
4vb4mFvYsr2h6enhjJsq9Y,Water Under the Bridge,Adele,25,Oct 2016,12690,british,70,0.833,0.59,0.105,0.538,4.01,0
5kGsDi86P9pZux4x4wopHV,Me And My Girlfriend,Makaveli,The Don Killuminati: The 7 Day Theory,explicit,12691,hardcore,64,0.893,0.828,0.217,0.711,5.14,0
4m5lJ0ZOUqyx2DUCRycGFm,You & I (Nobody in the World),John Legend,Love In The Future,Wedding Songs,12692,soul,63,0.342,0.456,0.124,0.224,4.21,0
6DEeUrq2VhjAj6KOhZcsu3,Me And You,NERO,Welcome Reality,My High-Intensity Workout,12693,drum-and-bass,46,0.925,0.42,0.152,0.236,4.13,0
6QZ8h3RqIgTRTo3hfaqryx,Black Butterflies and Déjà Vu,The Maine,Lovely Little Lonely,My High-Intensity Workout,12693,emo,58,0.945,0.452,0.22,0.504,3.38,0
5x9OwloIhldLWtwDN5R6Mc,Love Has Gone,Netsky,2,My High-Intensity Workout,12693,drum-and-bass,15,0.924,0.383,0.214,0.239,4.19,0
6RUpJeXT6U4SPEafnr9Wr7,Where The Hood At,DMX,Grand Champ,My High-Intensity Workout,12693,hardcore,71,0.948,0.537,0.356,0.792,4.77,1
7BVwi9cIzSc6tpyxsp47vJ,Mess Is Mine,Vance Joy,Dream Your Life Away,mellow,12694,folk,64,0.723,0.595,0.0995,0.272,3.73,0
44f2AVSNQ3xVs1EI0S0bjl,Like Real People Do,Hozier,Hozier,mellow,12694,singer-songwriter,68,0.183,0.569,0.106,0.13,3.3,0
3kYLXiKj14M0YkX32YqqWs,Looking Too Closely,Fink,Hard Believer,mellow,12694,folk,62,0.519,0.477,0.0949,0.102,5.18,0
3UfCFlGruX0DRPCpD1V3pU,Work Song,Hozier,Hozier,mellow,12694,singer-songwriter,63,0.388,0.432,0.112,0.256,3.83,0
03CLsFk6JSz301bKuukPSD,Retrograde,James Blake,Overgrown,mellow,12694,electronic,64,0.251,0.533,0.134,0.186,3.73,0
6Fha6tXHkL3r9m9nNqQG8p,Georgia,Vance Joy,Dream Your Life Away,mellow,12694,folk,62,0.66,0.388,0.0943,0.401,3.84,0
0IqKeD8ZSP72KbGYyzEcAs,Take Me To Church,Hozier,Hozier,mellow,12694,singer-songwriter,83,0.664,0.566,0.116,0.437,4.03,0
2tKOIBLJ2j384tnunmmKi7,From Eden,Hozier,From Eden EP,mellow,12694,singer-songwriter,63,0.676,0.395,0.117,0.315,3.71,0
0j6YwWZVHsIFKr5FDEu68o,Jackie And Wilson,Hozier,Hozier,mellow,12694,singer-songwriter,60,0.712,0.566,0.124,0.753,3.72,0
1TGimSbipZ3XZ7q3eszBRV,Angel Of Small Death & The Codeine Scene,Hozier,Hozier,mellow,12694,singer-songwriter,62,0.638,0.377,0.12,0.369,3.65,0
2Zgnaip1c876zmBhz9HifI,Blame It on Me,George Ezra,Wanted On Voyage,mellow,12694,singer-songwriter,68,0.757,0.537,0.341,0.421,3.26,0
1yJZwBqTyGTB7mz8nZyiel,Barcelona,George Ezra,Wanted On Voyage,mellow,12694,folk,67,0.572,0.629,0.109,0.182,3.15,0
3ZMv9EzGoteNi5Qnx0KpEO,Skinny Love,Bon Iver,"For Emma, Forever Ago",mellow,12694,folk,73,0.263,0.592,0.127,0.109,3.87,0
1SKPmfSYaPsETbRHaiA18G,Somewhere Only We Know,Keane,Hopes And Fears,mellow,12694,piano,85,0.665,0.448,0.0828,0.304,3.95,0
1vZSnCXJtFGaCOfCWyXn0z,Tell Her You Love Her,Echosmith,Talking Dreams,mellow,12694,indie-pop,0,0.556,0.636,0.105,0.175,4.11,0
6wZI4mdT8JwXgkGURnBQiq,Say,John Mayer,Say,mellow,12694,singer-songwriter,61,0.723,0.485,0.075,0.541,3.84,0
2k49U8wuV6PC2JOEhXjm99,Like Yuh Miss Me,Collie Buddz,Blue Dreamz,Raggae,12695,dancehall,0,0.895,0.559,0.121,0.596,2.95,0
2leY00DaWhRD708BGo7tSp,Sweet Wine,Collie Buddz,Blue Dreamz,Raggae,12695,dancehall,26,0.736,0.459,0.235,0.751,2.72,0
3M8FzayQWtkvOhqMn2V4T2,Lean on Me,Bill Withers,Still Bill,All songs,12696,soul,70,0.22,0.619,0.124,0.426,4.31,0
3CRDbSIZ4r5MsZ0YwxuEkn,Stressed Out,Twenty One Pilots,Blurryface,All songs,12696,rock,85,0.637,0.734,0.0602,0.648,3.37,0
3sHH7lklbfpcraDDvYnjo7,Bat Country,Avenged Sevenfold,City Of Evil,All songs,12696,metal,42,0.968,0.541,0.423,0.505,5.2,0
5anCkDvJ17aznvK5TED5uo,Hail to the King,Avenged Sevenfold,Hail to the King,All songs,12696,alternative,0,0.916,0.58,0.126,0.68,5.08,0
25khomWgBVamSdKw7hzm3l,The Hills,The Weeknd,Beauty Behind The Madness,All songs,12696,pop,3,0.551,0.565,0.139,0.125,4.04,0
0IqKeD8ZSP72KbGYyzEcAs,Take Me To Church,Hozier,Hozier,All songs,12696,singer-songwriter,83,0.664,0.566,0.116,0.437,4.03,0
2QjOHCTQ1Jl3zawyYOpxh6,Sweater Weather,The Neighbourhood,I Love You.,All songs,12696,alt-rock,93,0.807,0.612,0.101,0.398,4.01,0
3R7BESMkNMltKGsnZ2ajBZ,Battery,Metallica,Master Of Puppets,All songs,12696,hard-rock,65,0.928,0.481,0.106,0.427,5.21,0
46lFttIf5hnUZMGvjK0Wxo,Runaway (U & I),Galantis,Pharmacy,All songs,12696,edm,75,0.805,0.506,0.0856,0.383,3.78,0
12Pduymbh9dpC5r33i5FgL,Glad You Came,We Came As Romans,"Punk Goes Pop, Vol. 5",All songs,12696,metalcore,59,0.943,0.542,0.0926,0.277,3.06,0
6vECYJHxYmm3Ydt3fF01pE,Stolen Dance,Milky Chance,Sadnecessary,All songs,12696,german,80,0.581,0.884,0.0759,0.728,5.23,0
2d8JP84HNLKhmd6IYOoupQ,Trap Queen,Fetty Wap,Fetty Wap,All songs,12696,j-dance,74,0.873,0.746,0.354,0.817,3.7,0
7dmXD9P68MmRuAY8BA3x42,Far From Home,Five Finger Death Punch,War Is The Answer,All songs,12696,groove,58,0.688,0.464,0.169,0.228,3.54,0
5DiXcVovI0FcY2s0icWWUu,Mr. Jones,Counting Crows,August And Everything After,All songs,12696,alt-rock,0,0.836,0.571,0.182,0.73,4.54,0
7oK9VyNzrYvRFo7nQEYkWN,Mr. Brightside,The Killers,Hot Fuss,All songs,12696,alt-rock,2,0.931,0.344,0.0903,0.251,3.71,0
3fkPMWQ6cBNBLuFcPyMS8s,Burnin' for You,Blue Öyster Cult,Fire of Unknown Origin,All songs,12696,blues,67,0.728,0.532,0.0849,0.69,4.52,0
5QTxFnGygVM4jFQiBovmRo,(Don't Fear) The Reaper,Blue Öyster Cult,Agents Of Fortune,All songs,12696,blues,76,0.927,0.333,0.297,0.385,5.14,0
714hERk9U1W8FMYkoC83CO,You Sexy Thing,Hot Chocolate,Hot Chocolate,All songs,12696,disco,72,0.733,0.791,0.167,0.962,4.08,0
1AhDOtG9vPSOmsWgNW0BEY,Bohemian Rhapsody - Remastered 2011,Queen,A Night At The Opera,All songs,12696,rock,82,0.404,0.414,0.3,0.224,5.91,0
1QEEqeFIZktqIpPI4jSVSF,More Than a Feeling,Boston,Boston,All songs,12696,country,79,0.681,0.377,0.0504,0.285,4.75,0
4DMKwE2E2iYDKY01C335Uw,Carry on Wayward Son,Kansas,Leftoverture,All songs,12696,hard-rock,76,0.786,0.482,0.446,0.793,5.38,0
7yMiX7n9SBvadzox8T5jzT,Clint Eastwood,Gorillaz,Gorillaz,All songs,12696,alternative,3,0.694,0.663,0.0698,0.525,5.68,0
5uuJruktM9fMdN9Va0DUMl,Play That Funky Music,Wild Cherry,Wild Cherry,All songs,12696,disco,71,0.672,0.814,0.061,0.933,5.0,0
3yrSvpt2l1xhsV9Em88Pul,Brown Eyed Girl,Van Morrison,Blowin' Your Mind!,All songs,12696,folk,80,0.583,0.491,0.406,0.908,3.06,0
6ZOBP3NvffbU4SZcrnt1k6,Kryptonite,3 Doors Down,The Better Life,All songs,12696,alt-rock,0,0.848,0.544,0.134,0.489,3.9,0
1N62wozuHCvczCkY4QidpP,Over My Head (Cable Car),The Fray,How To Save A Life,All songs,12696,piano,70,0.729,0.592,0.0653,0.709,3.94,0
49fzPkBb3aOUWYRKaTWVhm,Hit the Road Jack,Ray Charles,Georgia On My Mind,All songs,12696,blues,70,0.571,0.598,0.513,0.962,1.97,0
1kusepF3AacIEtUTYrw4GV,Paper Planes,M.I.A.,Kala,All songs,12696,indie-pop,77,0.848,0.447,0.65,0.485,3.4,0
3ssX20QT5c3nA9wk78V1LQ,Ambitionz Az A Ridah,2Pac,All Eyez On Me,All songs,12696,funk,79,0.91,0.801,0.0737,0.805,4.64,0
21tuvt3CXIsNquc32v8jpc,Show Me How to Live,Audioslave,Audioslave,All songs,12696,grunge,41,0.854,0.433,0.162,0.368,4.63,0
73fzhVcs7n1wZz84eoE2vs,Drive,Incubus,Make Yourself - Tour Edition,All songs,12696,alt-rock,75,0.792,0.645,0.119,0.666,3.88,0
5NeIONQWJ25uPylJBJiO4c,Through Glass,Stone Sour,Come What(ever) May,All songs,12696,grunge,71,0.753,0.545,0.389,0.434,4.72,0
0M955bMOoilikPXwKLYpoi,I Hate Everything About You,Three Days Grace,Three Days Grace,All songs,12696,grunge,72,0.83,0.498,0.139,0.453,3.86,0
0eKyHwckh9vQb8ncZ2DXCs,With Arms Wide Open,Creed,Human Clay,All songs,12696,grunge,56,0.533,0.415,0.176,0.126,4.58,0
3NLrRZoMF0Lx6zTlYqeIo4,Here Without You,3 Doors Down,Away From The Sun,All songs,12696,alt-rock,0,0.545,0.556,0.124,0.193,3.98,0
1iuljeYz6ZG3GTJOZZkoer,RGF Island,Fetty Wap,Fetty Wap,All songs,12696,j-dance,59,0.764,0.746,0.0867,0.518,2.9,0
2d8JP84HNLKhmd6IYOoupQ,Trap Queen,Fetty Wap,Fetty Wap,TU,12697,j-dance,74,0.873,0.746,0.354,0.817,3.7,0
6M6Tk58pQvABy6ru66dY3d,No Money,Galantis,The Aviary,TU,12697,edm,68,0.915,0.674,0.273,0.78,3.19,0
25khomWgBVamSdKw7hzm3l,The Hills,The Weeknd,Beauty Behind The Madness,TU,12697,pop,3,0.551,0.565,0.139,0.125,4.04,0
5p3JunprHCxClJjOmcLV8G,Walk On the Wild Side,Lou Reed,Transformer,celine dion,12698,psych-rock,73,0.318,0.575,0.0934,0.385,4.24,0
2mHchPRtQWet3iIS3jANr1,God Save The Queen,Sex Pistols,"Never Mind The Bollocks, Heres The Sex Pistols",celine dion,12698,punk-rock,63,0.901,0.304,0.158,0.541,3.32,0
0lIoY4ZQsdn5QzhraM9o9u,Because the Night,Patti Smith,Easter,celine dion,12698,punk-rock,69,0.763,0.466,0.119,0.473,3.41,0
2LpirOWiA4eslLRuPpQT7V,Maggie May,Rod Stewart,Every Picture Tells A Story,celine dion,12698,rock,1,0.719,0.594,0.124,0.494,5.84,0
2JO3HwMRPeya8bXbtbyPcf,Love Will Tear Us Apart,Joy Division,The Best Of,celine dion,12698,alt-rock,0,0.902,0.524,0.137,0.907,3.45,0
6wVViUl2xSRoDK2T7dMZbR,Bizarre Love Triangle,New Order,Brotherhood [Collector's Edition],celine dion,12698,synth-pop,66,0.885,0.613,0.0997,0.919,4.39,0
5sWMEcMemPH3Bc8hxeivIi,All Apologies,Nirvana,In Utero - 20th Anniversary Remaster,celine dion,12698,alt-rock,72,0.632,0.446,0.0881,0.359,3.89,0
49t1GWE6ZiEoBgN92oMDdM,Doll Parts,Hole,Live Through This,celine dion,12698,grunge,60,0.542,0.245,0.102,0.365,3.52,0
2VTQAjZr7FPoEJD2sNoH3o,Celebrity Skin,Hole,Celebrity Skin,celine dion,12698,grunge,69,0.905,0.438,0.363,0.723,2.71,0
6txWz9UapYHVxEd7dDIHXT,No Rain,Blind Melon,Blind Melon,celine dion,12698,alt-rock,0,0.573,0.359,0.136,0.562,3.62,0
6vECYJHxYmm3Ydt3fF01pE,Stolen Dance,Milky Chance,Sadnecessary,STRAIGHT UP,12699,german,80,0.581,0.884,0.0759,0.728,5.23,0
4iOoHmJJiqyTxsXSa5uELv,Like I Can,Sam Smith,In The Lonely Hour,STRAIGHT UP,12699,dance,0,0.683,0.628,0.176,0.462,2.78,0
3hJLKtTpgct9Y9wKww0BiR,Miss You - Remastered,The Rolling Stones,Some Girls,STRAIGHT UP,12699,british,69,0.71,0.795,0.344,0.845,4.81,0
0sSdFMuYrn3N9moumV466B,He Can Only Hold Her,Amy Winehouse,Back To Black,STRAIGHT UP,12699,british,65,0.504,0.626,0.0684,0.713,2.75,0
1XL1tUzIm9MiWZzYwdhRBH,A Song For Mama,Boyz II Men,Evolution,new,12700,r-n-b,1,0.443,0.569,0.133,0.15,5.06,0
3Q3myFA7q4Op95DOpHplaY,do re mi,blackbear,digital druglord,new,12700,electro,73,0.593,0.745,0.123,0.17,3.53,0
43ZyHQITOjhciSUUNPVRHc,Gucci Gang,Lil Pump,Lil Pump,new,12700,emo,64,0.523,0.936,0.117,0.699,2.07,0
0z0qRN3HNUCOG9y1R7umuD,Do Like That,Korede Bello,Do like That,new,12700,dancehall,58,0.366,0.835,0.0793,0.659,3.56,0
6QHGyXR0m3PDStlyHN8dYK,Stay Alive,José González,Stay Alive,2014,12701,folk,0,0.306,0.714,0.0924,0.314,4.45,0
3gbBpTdY8lnQwqxNCcf795,Pompeii,Bastille,Bad Blood,2014,12701,rock,1,0.711,0.68,0.241,0.571,3.57,0
7go4n83IV0OO5Ztd1DlDh2,To Where You Are,Josh Groban,Josh Groban,Fall,12702,opera,54,0.322,0.286,0.0994,0.109,3.9,0
4fIWvT19w9PR0VVBuPYpWA,Haven't Met You Yet,Michael Bublé,Crazy Love,Fall,12702,j-pop,72,0.733,0.615,0.109,0.796,4.08,0
62vpWI1CHwFy7tMIcSStl8,No Role Modelz,J. Cole,2014 Forest Hills Drive,Slow,12703,hip-hop,88,0.521,0.69,0.0534,0.494,4.88,0
25khomWgBVamSdKw7hzm3l,The Hills,The Weeknd,Beauty Behind The Madness,Slow,12703,pop,3,0.551,0.565,0.139,0.125,4.04,0
7mldq42yDuxiUNn08nvzHO,Body Like A Back Road,Sam Hunt,Body Like A Back Road,Country Gold,12704,country,0,0.458,0.732,0.136,0.661,2.76,0
10M2Ex445zw585Ducldzkw,In Case You Didn't Know,Brett Young,Brett Young,Country Gold,12704,country,75,0.536,0.607,0.102,0.434,3.75,0
2wxfu24GQpEZQrjDJm5Ac1,Every Little Thing,Carly Pearce,Every Little Thing,Country Gold,12704,country,2,0.427,0.639,0.0903,0.322,3.0,0
7f08qp3HROTkfrtNpiYGGo,Dirt On My Boots,Jon Pardi,California Sunrise,Country Gold,12704,country,0,0.796,0.683,0.197,0.533,3.36,0
4n0xztUAbHPUV8G3NQvF30,How Not To,Dan + Shay,Obsessed,Country Gold,12704,country,0,0.836,0.501,0.152,0.617,3.2,0
0BCy325UZyR9z0t0uxwn2N,H.O.L.Y.,Florida Georgia Line,Dig Your Roots,Country Gold,12704,country,71,0.666,0.523,0.0728,0.564,3.24,0
6ZOPiKQeibCn7fP8dncucL,Blue Ain't Your Color,Keith Urban,Ripcord,Country Gold,12704,country,53,0.416,0.69,0.102,0.479,3.84,0
68DcqqXKi0cRlbPlghUhsb,Amazed,Lonestar,The Greatest Hits,Country Gold,12704,country,71,0.543,0.561,0.124,0.243,4.0,0
03fT3OHB9KyMtGMt2zwqCT,Play It Again,Luke Bryan,Crash My Party,Country Gold,12704,country,75,0.886,0.506,0.0734,0.595,3.78,0
0yD66650JxhqKbW76C2qCo,Country Girl (Shake It For Me),Luke Bryan,Tailgates & Tanlines,Country Gold,12704,country,2,0.904,0.644,0.0834,0.672,3.76,0
4CJVkjo5WpmUAKp3R44LNb,Sweet Home Alabama,Lynyrd Skynyrd,Second Helping,Country Gold,12704,blues,2,0.724,0.614,0.146,0.902,4.69,0
5rX6C5QVvvZB7XckETNych,All Summer Long,Kid Rock,Rock N Roll Jesus,Country Gold,12704,alternative,0,0.865,0.701,0.0956,0.88,4.96,0
0Utg7sirTPqrs6Cx0FbriQ,Chillin' It,Cole Swindell,Cole Swindell,Country Gold,12704,country,1,0.849,0.576,0.109,0.666,3.28,0
5kNe7PE09d6Kvw5pAsx23n,Die A Happy Man,Thomas Rhett,Tangled Up,Country Gold,12704,country,1,0.389,0.59,0.117,0.389,3.79,0
5JnLiuMgRAWoHYOhatFP3s,People Are Crazy,Billy Currington,Little Bit Of Everything,Country Gold,12704,country,0,0.714,0.657,0.127,0.361,3.86,0
63thx7OANplv4I4BQsanHk,You Should Be Here,Cole Swindell,You Should Be Here,Country Gold,12704,country,0,0.641,0.491,0.0857,0.299,3.17,0
6RSNKGdv3nDTHqgw4bdzyF,Yours,Russell Dickerson,Yours,Country Gold,12704,country,67,0.722,0.554,0.0861,0.558,3.62,0
1XazlqB4YAtvouCmJPWXlM,Wanna Be That Song,Brett Eldredge,Illinois,Country Gold,12704,country,0,0.686,0.518,0.114,0.337,3.94,0
6aNwDe5YH5YUPlpHkku52w,Sunshine & Whiskey,Frankie Ballard,Sunshine & Whiskey,Country Gold,12704,country,0,0.737,0.67,0.325,0.753,3.04,0
4W38RXuQNuoTSwVsQA1OGC,Nothin' Like You,Dan + Shay,Where It All Began,Country Gold,12704,country,0,0.704,0.586,0.067,0.442,3.1,0
3yfqSUWxFvZELEM4PmlwIR,The Real Slim Shady,Eminem,The Marshall Mathers LP,Eminem,12705,hip-hop,87,0.661,0.949,0.0454,0.76,4.74,1
4hEl2wrneFEJbJ6SDYWd2f,Not Afraid,Eminem,Recovery,Eminem,12705,hip-hop,81,0.954,0.855,0.205,0.668,4.14,1
6sDQ4uiWw9OdVrCXFLSlZt,Rap God,Eminem,The Marshall Mathers LP2,Eminem,12705,hip-hop,78,0.843,0.708,0.799,0.625,6.06,1
0PDUDa38GO8lMxLCRc4lL1,PILLOWTALK,ZAYN,Mind Of Mine (Deluxe Edition),romantic,12706,dance,78,0.7,0.584,0.0939,0.438,3.38,1
1XQnZTR0ER8y5fGO17uX1R,Holocene,Bon Iver,Bon Iver,everything,12707,folk,66,0.304,0.374,0.126,0.147,5.61,0
7lGKEWMXVWWTt3X71Bv44I,Unsteady,X Ambassadors,VHS,everything,12707,alt-rock,74,0.665,0.389,0.116,0.199,3.23,0
0Z9TbLIhMAXa8BSOiY6um6,Poison & Wine,The Civil Wars,Barton Hollow,everything,12707,acoustic,54,0.186,0.285,0.104,0.203,3.66,0
4JuJZzGcswQszYiKJSnC6i,I'll Be Good,Jaymes Young,Feel Something,everything,12707,rock,0,0.277,0.393,0.0966,0.123,4.12,0
7LwGBxB0h0CVmkOZxYKn0g,In My Veins - Feat. Erin Mccarley,Andrew Belle,In My Veins,everything,12707,acoustic,65,0.42,0.548,0.0899,0.196,5.32,0
3ZMv9EzGoteNi5Qnx0KpEO,Skinny Love,Bon Iver,"For Emma, Forever Ago",everything,12707,folk,73,0.263,0.592,0.127,0.109,3.87,0
73jVPicY2G9YHmzgjk69ae,Robbers,The 1975,The 1975,everything,12707,alt-rock,71,0.692,0.621,0.335,0.381,4.24,0
6Fha6tXHkL3r9m9nNqQG8p,Georgia,Vance Joy,Dream Your Life Away,everything,12707,folk,62,0.66,0.388,0.0943,0.401,3.84,0
7BVwi9cIzSc6tpyxsp47vJ,Mess Is Mine,Vance Joy,Dream Your Life Away,everything,12707,folk,64,0.723,0.595,0.0995,0.272,3.73,0
6liNJDyWJjyHAgDnAX95bw,Fire and the Flood,Vance Joy,Dream Your Life Away,everything,12707,folk,66,0.827,0.596,0.0958,0.329,4.16,0
2jdAk8ATWIL3dwT47XpRfu,Slow Dancing in a Burning Room,John Mayer,Continuum,everything,12707,singer-songwriter,74,0.361,0.667,0.0805,0.29,4.03,0
0JEqGkvUiMTQmFY6sgL9kg,No One,Alicia Keys,As I Am,everything,12707,soul,78,0.549,0.644,0.134,0.167,4.23,0
5sra5UY6sD658OabHL3QtI,Empire State of Mind (Part II) Broken Down,Alicia Keys,The Element Of Freedom,everything,12707,soul,72,0.368,0.484,0.118,0.142,3.61,0
3XVBdLihbNbxUwZosxcGuJ,If I Ain't Got You,Alicia Keys,The Diary Of Alicia Keys,everything,12707,soul,80,0.444,0.609,0.104,0.166,3.81,0
46lFttIf5hnUZMGvjK0Wxo,Runaway (U & I),Galantis,Pharmacy,everything,12707,edm,75,0.805,0.506,0.0856,0.383,3.78,0
7pzdiluN2tVrxsFGyM2Asc,I Lived,OneRepublic,Native,everything,12707,piano,71,0.851,0.593,0.271,0.344,3.91,0
7EOYLyD4pP4YJVgoVeKUQ1,Feel So Close - Radio Edit,Calvin Harris,18 Months,everything,12707,electro,80,0.924,0.707,0.204,0.919,3.44,0
5uCax9HTNlzGybIStD3vDh,Say You Won't Let Go,James Arthur,Back from the Edge,everything,12707,pop,85,0.557,0.358,0.0902,0.494,3.52,0
3kYLXiKj14M0YkX32YqqWs,Looking Too Closely,Fink,Hard Believer,everything,12707,folk,62,0.519,0.477,0.0949,0.102,5.18,0
2GiJYvgVaD2HtM8GqD9EgQ,Electric Love,BØRNS,Dopamine,everything,12707,rock,82,0.797,0.611,0.26,0.518,3.64,0
6ZYS6QQxTLsQ6IFXdVx1r4,Ophelia,The Lumineers,Cleopatra,everything,12707,folk,79,0.573,0.664,0.0857,0.566,2.67,0
5g7rJvWYVrloJZwKiShqlS,Dirty Paws,Of Monsters and Men,My Head Is An Animal,everything,12707,folk,70,0.649,0.359,0.0555,0.133,4.64,0
2ihCaVdNZmnHZWt0fvAM7B,Little Talks,Of Monsters and Men,My Head Is An Animal,everything,12707,folk,0,0.76,0.446,0.319,0.346,4.44,0
1jdNcAD8Ir58RlsdGjJJdx,Ho Hey,The Lumineers,The Lumineers,everything,12707,folk,79,0.471,0.682,0.0908,0.421,2.69,0
15twB7zTglmu0Bg8gW4Mrm,Stubborn Love,The Lumineers,The Lumineers,everything,12707,folk,68,0.544,0.596,0.262,0.262,4.62,0
1eyzqe2QqGZUmfcPZtrIyt,Midnight City,M83,"Hurry Up, We're Dreaming",everything,12707,french,76,0.729,0.507,0.0658,0.272,4.02,0
5QldjuXcxplhjjUqLrzl6H,Kids,MGMT,Oracular Spectacular/Congratulations,everything,12707,alt-rock,78,0.931,0.451,0.361,0.172,5.05,0
6b5rA9rthDbZDOQp9UbOgl,Little Lion Man,Mumford & Sons,Sigh No More,everything,12707,folk,68,0.492,0.517,0.0873,0.455,4.09,0
2QjOHCTQ1Jl3zawyYOpxh6,Sweater Weather,The Neighbourhood,I Love You.,everything,12707,alt-rock,93,0.807,0.612,0.101,0.398,4.01,0
72jbDTw1piOOj770jWNeaG,Paris,The Chainsmokers,Memories...Do Not Open,everything,12707,dance,74,0.658,0.653,0.0939,0.219,3.69,0
7CEV9VwA8XO9wwxTXgYKvY,I And Love And You,The Avett Brothers,I And Love And You,everything,12707,bluegrass,62,0.264,0.424,0.0763,0.169,5.01,0
7qiZfU4dY1lWllzX7mPBI3,Shape of You,Ed Sheeran,÷,everything,12707,pop,86,0.652,0.825,0.0931,0.931,3.9,0
7keXdrB4mz57u4b8YkCwag,Dreaming with a Broken Heart,John Mayer,Continuum,everything,12707,singer-songwriter,62,0.349,0.61,0.201,0.155,4.1,0
5zT5cMnMKoyruPj13TQXGx,I Found,Amber Run,5AM (Deluxe),everything,12707,folk,74,0.303,0.567,0.104,0.252,4.55,0
2kfGoV9a5dbSKCNmUWH2ZF,Turning Page,Sleeping At Last,Turning Page,everything,12707,ambient,72,0.371,0.307,0.11,0.189,4.26,0
1SKPmfSYaPsETbRHaiA18G,Somewhere Only We Know,Keane,Hopes And Fears,everything,12707,piano,85,0.665,0.448,0.0828,0.304,3.95,0
2VqZHRhLDYYupAXrdwNFUx,Ordinary Human,OneRepublic,Ordinary Human,everything,12707,piano,44,0.719,0.282,0.107,0.276,4.84,0
1UqhkbzB1kuFwt2iy4h29Q,Cough Syrup,Young the Giant,Young the Giant,everything,12707,alt-rock,0,0.721,0.533,0.115,0.225,4.16,0
2tznHmp70DxMyr2XhWLOW0,Cigarette Daydreams,Cage The Elephant,Melophobia,everything,12707,blues,79,0.676,0.636,0.0831,0.273,3.48,0
7a8GawTVgHZvBLQOh46he7,I Wanna Be Yours,Arctic Monkeys,AM,everything,12707,garage,92,0.417,0.464,0.0974,0.479,3.07,0
3rq5w4bQGigXOfdN30ATJt,Do I Wanna Know?,Arctic Monkeys,AM,everything,12707,garage,88,0.532,0.548,0.217,0.405,4.54,0
4mKYqRVmYP4tKZGitN2iWh,Hold On,Chord Overstreet,Hold On,everything,12707,acoustic,82,0.443,0.618,0.0829,0.167,3.31,0
6mORGLOz79w6VsCRLWYYuK,The Night We Met,Lord Huron,Strange Trails,everything,12707,folk,83,0.369,0.544,0.639,0.102,3.47,0
5X76oXHcR5uCXali0gOyX5,White Room,Cream,Wheels Of Fire,pantera,12708,blues,70,0.576,0.553,0.0365,0.457,5.05,0
2n1jBz26dVBtSbMvJNjGsu,Until It's Gone,Linkin Park,The Hunting Party,pantera,12708,grunge,58,0.878,0.47,0.235,0.322,3.89,0
7EOYLyD4pP4YJVgoVeKUQ1,Feel So Close - Radio Edit,Calvin Harris,18 Months,poP/pArTy,12709,electro,80,0.924,0.707,0.204,0.919,3.44,0
4E5P1XyAFtrjpiIxkydly4,Replay,Iyaz,Replay,poP/pArTy,12709,dance,76,0.751,0.706,0.168,0.195,3.04,0
3oHNJECGN3bBoGXejlw2b1,Last Friday Night (T.G.I.F.),Katy Perry,Teenage Dream,poP/pArTy,12709,dance,0,0.817,0.65,0.658,0.728,3.84,0
1kusepF3AacIEtUTYrw4GV,Paper Planes,M.I.A.,Kala,poP/pArTy,12709,indie-pop,77,0.848,0.447,0.65,0.485,3.4,0
2JO3HwMRPeya8bXbtbyPcf,Love Will Tear Us Apart,Joy Division,The Best Of,BT,12710,alt-rock,0,0.902,0.524,0.137,0.907,3.45,0
35E2eKIEXXnP5q9L51iOAk,The Killing Moon,Echo & the Bunnymen,Ocean Rain,BT,12710,punk-rock,0,0.85,0.522,0.295,0.71,5.8,0
1LwP9g1Hjbs64jXM2Qsxry,Just Like Honey,The Jesus and Mary Chain,Psychocandy,BT,12710,punk-rock,61,0.552,0.341,0.0591,0.486,3.04,0
3mcG2NI5G5vhrQtRda1YnA,The Middle,Jimmy Eat World,Bleed American,karaoke,12712,alt-rock,0,0.848,0.644,0.0676,0.928,2.8,0
0w5Bdu51Ka25Pf3hojsKHh,Hard Times,Paramore,After Laughter,karaoke,12712,emo,75,0.818,0.695,0.0219,0.916,3.04,0
5EQ9yEra0SzVd673ZfKT4C,Brand New,Ben Rector,Brand New,current ,12713,acoustic,65,0.934,0.555,0.122,0.422,4.07,0
6liNJDyWJjyHAgDnAX95bw,Fire and the Flood,Vance Joy,Dream Your Life Away,current ,12713,folk,66,0.827,0.596,0.0958,0.329,4.16,0
2GiJYvgVaD2HtM8GqD9EgQ,Electric Love,BØRNS,Dopamine,current ,12713,rock,82,0.797,0.611,0.26,0.518,3.64,0
7qiZfU4dY1lWllzX7mPBI3,Shape of You,Ed Sheeran,÷,The Greatest,12714,pop,86,0.652,0.825,0.0931,0.931,3.9,0
0ZUo4YjG4saFnEJhdWp9Bt,Before He Cheats,Carrie Underwood,Some Hearts,The Greatest,12714,country,78,0.749,0.519,0.119,0.29,3.33,0
72jbDTw1piOOj770jWNeaG,Paris,The Chainsmokers,Memories...Do Not Open,The Greatest,12714,dance,74,0.658,0.653,0.0939,0.219,3.69,0
0OwX5aROoW1Iip8FV51Efg,Alarm,Anne-Marie,Alarm,Favorite songs,12715,dance,0,0.589,0.756,0.176,0.811,3.43,0
0prNGof3XqfTvNDxHonvdK,Scars To Your Beautiful,Alessia Cara,Know-It-All,Favorite songs,12715,dance,74,0.739,0.319,0.111,0.449,3.84,0
1vvNmPOiUuyCbgWmtc6yfm,My Way,Calvin Harris,My Way,Favorite songs,12715,electro,76,0.913,0.818,0.161,0.536,3.65,0
4Hf7WnR761jpxPr5D46Bcd,Treat You Better,Shawn Mendes,Illuminate,Favorite songs,12715,dance,84,0.819,0.444,0.107,0.747,3.13,0
3CRDbSIZ4r5MsZ0YwxuEkn,Stressed Out,Twenty One Pilots,Blurryface,Favorite songs,12715,rock,85,0.637,0.734,0.0602,0.648,3.37,0
0PDUDa38GO8lMxLCRc4lL1,PILLOWTALK,ZAYN,Mind Of Mine (Deluxe Edition),Favorite songs,12715,dance,78,0.7,0.584,0.0939,0.438,3.38,1
03f7xZmt2wHCIDJBFPK8G4,Soap,Melanie Martinez,Cry Baby,Favorite songs,12715,electro,0,0.689,0.594,0.129,0.209,3.49,0
25khomWgBVamSdKw7hzm3l,The Hills,The Weeknd,Beauty Behind The Madness,Favorite songs,12715,pop,3,0.551,0.565,0.139,0.125,4.04,0
3hB5DgAiMAQ4DzYbsMq1IT,Love Yourself,Justin Bieber,Purpose,Favorite songs,12715,pop,84,0.378,0.609,0.28,0.515,3.9,0
5imShWWzwqfAJ9gXFpGAQh,Waiting On the World to Change,John Mayer,Continuum,yes,12716,singer-songwriter,73,0.756,0.578,0.249,0.663,3.35,0
61dXuN3VyqGOyOeMfJXIPh,Could You Be Loved,Bob Marley & The Wailers,Uprising,yes,12716,reggae,78,0.72,0.916,0.0958,0.76,3.95,0
7fURZRPkB2S70sYR1naKTK,Black Hole Sun,Soundgarden,Superunknown,yes,12716,alt-rock,0,0.827,0.351,0.0755,0.145,5.3,0
0UOxp1BpnD8uPQMKU4wKjz,I Shot The Sheriff,Eric Clapton,461 Ocean Blvd.,yes,12716,blues,63,0.639,0.73,0.102,0.658,4.4,0
4pU7ed71DOZozQrBQzqkdw,With A Little Help From My Friends,Joe Cocker,With A Little Help From My Friends,yes,12716,blues,67,0.43,0.307,0.0988,0.305,5.24,0
6gYhwQ4mKirCbLFE1eYKhu,Hard Sun,Eddie Vedder,Into The Wild,yes,12716,acoustic,65,0.827,0.438,0.319,0.645,5.37,0
5Xak5fmy089t0FYmh3VJiY,Black,Pearl Jam,Ten,yes,12716,alt-rock,74,0.684,0.36,0.34,0.2,5.71,0
6awTbDHgM907tGecNQYPaV,My Generation - Stereo Version,The Who,My Generation,yes,12716,british,65,0.782,0.412,0.0775,0.705,3.31,0
5UWwZ5lm5PKu6eKsHAGxOk,Everlong,Foo Fighters,The Colour And The Shape,yes,12716,alt-rock,84,0.881,0.413,0.0805,0.364,4.18,0
5FZxsHWIvUsmSK1IAvm2pp,Best of You,Foo Fighters,In Your Honor,yes,12716,alt-rock,76,0.94,0.366,0.188,0.369,4.26,0
7MRyJPksH3G2cXHN8UKYzP,American Girl,Tom Petty and the Heartbreakers,Tom Petty & The Heartbreakers,yes,12716,folk,0,0.823,0.552,0.366,0.775,3.58,0
4uGIJG1jYFonGc4LGp5uQL,Somebody to Love,Jefferson Airplane,Surrealistic Pillow,yes,12716,blues,70,0.578,0.504,0.321,0.654,2.91,0
54eZmuggBFJbV7k248bTTt,A Horse with No Name,America,America,yes,12716,country,0,0.507,0.653,0.155,0.831,4.2,0
3bE5slaVEfaDreqARl6k4M,Yellow Ledbetter,Pearl Jam,Jeremy,yes,12716,grunge,70,0.354,0.504,0.157,0.292,5.06,0
0q6LuUqGLUiCPP1cbdwFs3,On Melancholy Hill,Gorillaz,Plastic Beach,yes,12716,alternative,78,0.739,0.689,0.064,0.578,3.9,0
59WN2psjkt1tyaxjspN8fp,Killing In The Name,Rage Against The Machine,Rage Against The Machine - XX (20th Anniversary Special Edition),yes,12716,alt-rock,80,0.833,0.466,0.0327,0.661,5.23,0
551qy5vUgrUfEUc4dCNfht,Where Did You Sleep Last Night,Nirvana,MTV Unplugged In New York,yes,12716,alt-rock,69,0.59,0.573,0.691,0.364,5.14,0
4YMQXzscifAREG0a7KNGhB,Black Magic Woman,Santana,Santana's Greatest Hits,yes,12716,blues,62,0.552,0.497,0.089,0.633,3.28,0
3LTMnFa0hhwisyq6ILahyj,Sultans Of Swing,Dire Straits,Dire Straits,yes,12716,rock,81,0.794,0.733,0.33,0.931,5.81,0
2oaK4JLVnmRGIO9ytBE1bt,Dark Necessities,Red Hot Chili Peppers,The Getaway,yes,12716,alt-rock,74,0.742,0.7,0.11,0.197,5.03,0
3k9i7UzeSUYWIfUZFeFDUd,Layla - 40th Anniversary Version / 2010 Remastered,Derek & The Dominos,Layla And Other Assorted Love Songs,yes,12716,blues,1,0.903,0.403,0.287,0.498,7.06,0
1bp2IO61zbQrbWNmKKxg3f,The Joker,Steve Miller Band,The Joker,yes,12716,blues,0,0.448,0.596,0.207,0.796,4.41,0
2ctvdKmETyOzPb2GiJJT53,Breathe (In the Air),Pink Floyd,The Dark Side of the Moon,yes,12716,psych-rock,71,0.373,0.431,0.143,0.253,2.83,0
2aoo2jlRnM3A0NyLQqMN2f,All Along the Watchtower,Jimi Hendrix,Electric Ladyland,yes,12716,blues,77,0.805,0.438,0.0842,0.564,4.01,0
1G391cbiT3v3Cywg8T7DM1,Scar Tissue,Red Hot Chili Peppers,Californication,yes,12716,alt-rock,79,0.717,0.595,0.108,0.547,3.6,0
4HA2jo7wkMdN1lmLO6ryzE,End Of The Line,Traveling Wilburys,"The Traveling Wilburys, Vol. 1",yes,12716,blues,73,0.836,0.578,0.0583,0.932,3.49,0
0NWPxcsf5vdjdiFUI8NgkP,Hey Joe,Jimi Hendrix,Are You Experienced,yes,12716,blues,70,0.768,0.346,0.0244,0.532,3.5,0
0W7AbEauB7cP4pidLclApe,Hunger Strike,Temple Of The Dog,Temple Of The Dog,yes,12716,grunge,69,0.567,0.373,0.0916,0.298,4.1,0
7gSQv1OHpkIoAdUiRLdmI6,I Won't Back Down,Tom Petty,Full Moon Fever,yes,12716,rock,1,0.63,0.765,0.223,0.963,2.97,0
3UGpUUtC5r93zMDZXcgwIQ,"If You Want To Sing Out, Sing Out",Yusuf / Cat Stevens,On The Road To Find Out,yes,12716,british,61,0.284,0.687,0.158,0.851,2.79,0
4iLqG9SeJSnt0cSPICSjxv,Attention,Charlie Puth,Attention,feels,12719,dance,83,0.613,0.775,0.134,0.797,3.52,0
1mXVgsBdtIVeCLJnSnmtdV,Too Good At Goodbyes,Sam Smith,The Thrill Of It All,feels,12719,dance,83,0.372,0.681,0.169,0.476,3.35,0
4djIFfof5TpbSGRZUpsTXq,Talk Too Much,COIN,How Will You Know If You Never Try,feels,12719,indie-pop,72,0.888,0.598,0.347,0.482,3.12,0
7qXM4YjJAz6QTLg5gftm0r,Never Gonna Be Alone,Nickelback,Dark Horse,feels,12719,grunge,62,0.802,0.544,0.122,0.59,3.79,0
40LQiUUUKXVGyNs09lHVjW,Lips Of An Angel,Hinder,Extreme Behavior,feels,12719,alt-rock,73,0.736,0.476,0.203,0.251,4.36,0
6mORGLOz79w6VsCRLWYYuK,The Night We Met,Lord Huron,Strange Trails,feels,12719,folk,83,0.369,0.544,0.639,0.102,3.47,0
32DGGj6KlNuBr6WaqRxpxi,How Long,Charlie Puth,How Long,feels,12719,dance,73,0.561,0.845,0.0383,0.811,3.3,0
0p1BcEcYVO3uk4KDf3gzkY,Wanted,Hunter Hayes,Hunter Hayes (Encore),feels,12719,country,0,0.475,0.414,0.0816,0.3,3.81,0
1cOyWWUr3oXJIxY0AjJEx9,YOUTH,Troye Sivan,Blue Neighbourhood,softball,12721,dance,72,0.737,0.628,0.0777,0.592,3.09,0
0Clb9aiXWa0dvVff5aN4VN,Think Before I Talk,Astrid S,Think Before I Talk,softball,12721,house,0,0.599,0.771,0.149,0.535,3.08,0
3hB5DgAiMAQ4DzYbsMq1IT,Love Yourself,Justin Bieber,Purpose,ROADTRIPPIN,12722,pop,84,0.378,0.609,0.28,0.515,3.9,0
3CRDbSIZ4r5MsZ0YwxuEkn,Stressed Out,Twenty One Pilots,Blurryface,ROADTRIPPIN,12722,rock,85,0.637,0.734,0.0602,0.648,3.37,0
4sPmO7WMQUAf45kwMOtONw,Hello,Adele,25,ROADTRIPPIN,12722,british,74,0.43,0.578,0.0854,0.288,4.92,0
46GGxd8TVRt6FjUBfCavVT,Renegades,X Ambassadors,VHS,ROADTRIPPIN,12722,alt-rock,76,0.862,0.526,0.229,0.528,3.25,0
4iOoHmJJiqyTxsXSa5uELv,Like I Can,Sam Smith,In The Lonely Hour,ROADTRIPPIN,12722,dance,0,0.683,0.628,0.176,0.462,2.78,0
7vFv0yFGMJW3qVXbAd9BK9,Your Body Is a Wonderland,John Mayer,Room For Squares,ROADTRIPPIN,12722,singer-songwriter,74,0.729,0.647,0.134,0.687,4.16,0
7hR5toSPEgwFZ78jfHdANM,Half of My Heart,John Mayer,Battle Studies,ROADTRIPPIN,12722,singer-songwriter,65,0.593,0.681,0.106,0.731,4.17,0
4gs07VlJST4bdxGbBsXVue,Heartbreak Warfare,John Mayer,Battle Studies,ROADTRIPPIN,12722,singer-songwriter,65,0.554,0.624,0.299,0.311,4.5,0
5g7rJvWYVrloJZwKiShqlS,Dirty Paws,Of Monsters and Men,My Head Is An Animal,ROADTRIPPIN,12722,folk,70,0.649,0.359,0.0555,0.133,4.64,0
27L8sESb3KR79asDUBu8nW,Stacy's Mom,Fountains Of Wayne,Welcome Interstate Managers,ROADTRIPPIN,12722,alt-rock,76,0.75,0.774,0.0808,0.927,3.3,0
4kbj5MwxO1bq9wjT5g9HaA,Shut Up and Dance,WALK THE MOON,TALKING IS HARD,ROADTRIPPIN,12722,alt-rock,83,0.866,0.578,0.257,0.619,3.32,0
4q1LP4YcHOIUy8XSqpR8HH,Promise,Ben Howard,Every Kingdom,ROADTRIPPIN,12722,british,64,0.189,0.367,0.364,0.177,6.4,0
6DpFDr9jWUan60x5Vk5HdX,Small Things,Ben Howard,I Forget Where We Were,ROADTRIPPIN,12722,british,54,0.595,0.393,0.115,0.165,5.73,0
0UBUnp3ggZivpFWGQxoSok,Keep Your Head Up,Ben Howard,Every Kingdom,ROADTRIPPIN,12722,british,67,0.596,0.508,0.111,0.4,4.41,0
7y4JznkAv2W3IKw9T1o2VK,New,Daya,New,fall_2017,12723,edm,65,0.742,0.715,0.364,0.322,3.85,0
3ZMv9EzGoteNi5Qnx0KpEO,Skinny Love,Bon Iver,"For Emma, Forever Ago",Florida ,12724,folk,73,0.263,0.592,0.127,0.109,3.87,0
2MLHyLy5z5l5YRp7momlgw,Island In The Sun,Weezer,Weezer (Green Album),Florida ,12724,alt-rock,1,0.794,0.654,0.165,0.678,3.34,0
0NqQmmLEN9rlnkh2JW0UIs,Kokomo,The Beach Boys,50 Big Ones: Greatest Hits,Florida ,12724,psych-rock,71,0.635,0.682,0.137,0.927,3.62,0
3WKg25vrbjJlkhsgl2W4p3,Bright,Echosmith,Talking Dreams,Florida ,12724,indie-pop,0,0.431,0.646,0.113,0.292,3.68,0
1ivHxaGL5ld9VS1zsYc4YN,Cherry Wine - Live,Hozier,Hozier,Florida ,12724,singer-songwriter,67,0.111,0.418,0.0982,0.228,4.0,0
03gk2zRwm8uUZDbyZJtPgh,The Nearness Of You,Norah Jones,Come Away With Me,Florida ,12724,j-pop,0,0.0378,0.388,0.0947,0.205,3.13,0
4sPmO7WMQUAf45kwMOtONw,Hello,Adele,25,Florida ,12724,british,74,0.43,0.578,0.0854,0.288,4.92,0
4DMKwE2E2iYDKY01C335Uw,Carry on Wayward Son,Kansas,Leftoverture,Supernatural,12725,hard-rock,76,0.786,0.482,0.446,0.793,5.38,0
4JuJZzGcswQszYiKJSnC6i,I'll Be Good,Jaymes Young,Feel Something,Supernatural,12725,rock,0,0.277,0.393,0.0966,0.123,4.12,0
4mKYqRVmYP4tKZGitN2iWh,Hold On,Chord Overstreet,Hold On,Supernatural,12725,acoustic,82,0.443,0.618,0.0829,0.167,3.31,0
7mldq42yDuxiUNn08nvzHO,Body Like A Back Road,Sam Hunt,Body Like A Back Road,gettin ready,12727,country,0,0.458,0.732,0.136,0.661,2.76,0
1YQWosTIljIvxAgHWTp7KP,Take Five,The Dave Brubeck Quartet,Time Out,BOA,12728,jazz,66,0.26,0.454,0.0675,0.598,5.4,0
392OK8Qdmos0wNDrduiwy0,In Your Own Sweet Way,Wes Montgomery,Incredible Jazz Guitar,BOA,12728,guitar,47,0.0703,0.566,0.11,0.0785,4.86,0
7iL6o9tox1zgHpKUfh9vuC,In Da Club,50 Cent,Get Rich Or Die Tryin',best,12729,hip-hop,83,0.713,0.899,0.0708,0.777,3.22,1
4tXA1TUmKvz7CbUT9LUHDx,X Gon' Give It To Ya,DMX,The Definition Of X: Pick Of The Litter,best,12729,hardcore,74,0.899,0.761,0.0719,0.673,3.63,1
1rsAFUCa6BVMgRQ3FCQQsi,Boss,Lil Pump,Lil Pump,best,12729,emo,61,0.789,0.803,0.378,0.647,1.77,0
1fEl5TPKRJAsuP6TqZ23hB,D Rose,Lil Pump,Lil Pump,best,12729,emo,55,0.553,0.781,0.383,0.308,2.26,0
43ZyHQITOjhciSUUNPVRHc,Gucci Gang,Lil Pump,Lil Pump,best,12729,emo,64,0.523,0.936,0.117,0.699,2.07,0
53QF56cjZA9RTuuMZDrSA6,I Won't Give Up,Jason Mraz,Love Is A Four Letter Word,Wedding,12730,acoustic,69,0.303,0.483,0.115,0.139,4.0,0
3S0OXQeoh0w6AY8WQVckRW,I'm Yours,Jason Mraz,We Sing. We Dance. We Steal Things.,Wedding,12730,acoustic,80,0.444,0.703,0.0973,0.712,4.04,0
5VWmMZCfJ4yVkJw9ZLFXej,"1, 2, 3, 4",Plain White T's,Big Bad World,Wedding,12730,punk-rock,41,0.548,0.458,0.106,0.55,3.31,0
7L605WhF5EGf34ggj87yK6,You And Me,Lifehouse,Lifehouse,Wedding,12730,alt-rock,1,0.427,0.459,0.168,0.357,3.26,0
1dclAs33xgghKN6jgIkDqV,Little Christmas Tree,Michael Jackson,Ultimate Christmas Collection,Christmas,12732,soul,1,0.457,0.468,0.142,0.372,3.63,0
1c7UYTut2SBOPq64o2t0uN,Why Georgia,John Mayer,Room For Squares,Rise,12733,singer-songwriter,64,0.639,0.608,0.0893,0.369,4.48,0
2s4BsyV3KhhrtsdtNfzoqb,Back To Black,Amy Winehouse,Back To Black,Rise,12733,british,81,0.422,0.403,0.0861,0.378,4.01,0
0fioLzGM8ngbD1w6fMmm45,I'm Not The Only One,Sam Smith,In The Lonely Hour,Rise,12733,dance,1,0.487,0.684,0.0821,0.456,3.99,0
4iOoHmJJiqyTxsXSa5uELv,Like I Can,Sam Smith,In The Lonely Hour,Rise,12733,dance,0,0.683,0.628,0.176,0.462,2.78,0
5rX6C5QVvvZB7XckETNych,All Summer Long,Kid Rock,Rock N Roll Jesus,BEST,12734,alternative,0,0.865,0.701,0.0956,0.88,4.96,0
3CRDbSIZ4r5MsZ0YwxuEkn,Stressed Out,Twenty One Pilots,Blurryface,BEST,12734,rock,85,0.637,0.734,0.0602,0.648,3.37,0
3hB5DgAiMAQ4DzYbsMq1IT,Love Yourself,Justin Bieber,Purpose,BEST,12734,pop,84,0.378,0.609,0.28,0.515,3.9,0
2UYhCz40fGREF576lPMtQ2,DJ Turn It Up,Yellow Claw,Yellow Claw,BEST,12734,electronic,64,0.695,0.829,0.112,0.369,3.53,0
1rIKgCH4H52lrvDcz50hS8,Lush Life,Zara Larsson,So Good,BEST,12734,dance,78,0.712,0.694,0.211,0.799,3.35,0
7KXjTSCq5nL1LoYtL7XAwS,HUMBLE.,Kendrick Lamar,DAMN.,Hype,12735,hip-hop,84,0.621,0.908,0.0958,0.421,2.95,1
6gBFPUFcJLzWGx4lenP6h2,goosebumps,Travis Scott,Birds In The Trap Sing McKnight,Hype,12735,hip-hop,84,0.728,0.841,0.149,0.43,4.06,0
0VgkVdmE4gld66l8iyGjgx,Mask Off,Future,FUTURE,Hype,12735,hip-hop,83,0.434,0.833,0.165,0.281,3.41,0
2d8JP84HNLKhmd6IYOoupQ,Trap Queen,Fetty Wap,Fetty Wap,Hype,12735,j-dance,74,0.873,0.746,0.354,0.817,3.7,0
1iuljeYz6ZG3GTJOZZkoer,RGF Island,Fetty Wap,Fetty Wap,Hype,12735,j-dance,59,0.764,0.746,0.0867,0.518,2.9,0
38YgZVHPWOWsKrsCXz6JyP,Come On Get Higher,Matt Nathanson,Some Mad Hope,Chill Out,12736,acoustic,71,0.623,0.672,0.0848,0.617,3.59,0
0z1b34WikhOH9ZxU8QDWcv,One Headlight,The Wallflowers,Bringing Down The Horse,Chill Out,12736,alt-rock,0,0.643,0.683,0.0564,0.771,5.21,0
1qRA5BS78u3gME0loMl9AA,For What It's Worth,Buffalo Springfield,Buffalo Springfield,Chill Out,12736,blues,78,0.519,0.653,0.101,0.822,2.56,0
4efoEY8iDBzUqitjmNDhpN,Three Little Birds,Bob Marley & The Wailers,Exodus,Chill Out,12736,reggae,78,0.49,0.826,0.0415,0.627,3.0,0
1QQfbfMfyzNZhT5fg3RpuS,Buffalo Soldier,Bob Marley & The Wailers,Confrontation,Chill Out,12736,reggae,72,0.463,0.929,0.0634,0.757,4.29,0
3354J49VpkbZJho7Ztdzpw,Jumper - 1998 Edit,Third Eye Blind,Third Eye Blind,Chill Out,12736,grunge,67,0.543,0.599,0.291,0.624,4.55,0
2f5N826udWfjT9iomeaBJt,If You're Gone,Matchbox Twenty,Mad Season,Chill Out,12736,grunge,64,0.659,0.544,0.126,0.361,4.58,0
4bHsxqR3GMrXTxEPLuK5ue,Don't Stop Believin',Journey,Escape,Chill Out,12736,hard-rock,83,0.748,0.5,0.447,0.514,4.18,0
4E6cwWJWZw2zWf7VFbH7wf,Love Song,Sara Bareilles,Little Voice,Chill Out,12736,acoustic,73,0.786,0.583,0.188,0.573,4.31,0
4BHzQ9C00ceJxfG16AlNWb,Send My Love (To Your New Lover),Adele,25,Chill Out,12736,british,72,0.533,0.688,0.172,0.567,3.72,0
0fioLzGM8ngbD1w6fMmm45,I'm Not The Only One,Sam Smith,In The Lonely Hour,Chill Out,12736,dance,1,0.487,0.684,0.0821,0.456,3.99,0
5imShWWzwqfAJ9gXFpGAQh,Waiting On the World to Change,John Mayer,Continuum,Chill Out,12736,singer-songwriter,73,0.756,0.578,0.249,0.663,3.35,0
5DiXcVovI0FcY2s0icWWUu,Mr. Jones,Counting Crows,August And Everything After,Chill Out,12736,alt-rock,0,0.836,0.571,0.182,0.73,4.54,0
6vECYJHxYmm3Ydt3fF01pE,Stolen Dance,Milky Chance,Sadnecessary,Chill Out,12736,german,80,0.581,0.884,0.0759,0.728,5.23,0
64I0PKLFEKlcvc7fEVUGq0,White Tiger - Single Version,Izzy Bizu,White Tiger,Chill Out,12736,british,60,0.582,0.772,0.108,0.319,3.0,0
4KoNBTm9a55KgLMtEaf3n6,If You Could Only See,Tonic,Lemon Parade,Chill Out,12736,grunge,67,0.946,0.433,0.198,0.578,4.36,0
0eKyHwckh9vQb8ncZ2DXCs,With Arms Wide Open,Creed,Human Clay,Chill Out,12736,grunge,56,0.533,0.415,0.176,0.126,4.58,0
6L7CjMm9gJNn8Ze62bRk3g,Sugar Sugar,The Archies,Absolutely the Best of the Archies,Chill Out,12736,r-n-b,69,0.725,0.757,0.108,0.965,2.79,0
5Wj1rJnCLpMHdLaxsFtJLs,Bennie And The Jets - Remastered 2014,Elton John,Goodbye Yellow Brick Road,Chill Out,12736,piano,74,0.673,0.665,0.497,0.779,5.38,0
3yrSvpt2l1xhsV9Em88Pul,Brown Eyed Girl,Van Morrison,Blowin' Your Mind!,Chill Out,12736,folk,80,0.583,0.491,0.406,0.908,3.06,0
2Z2vOukzwOgqR4dkymRSWd,Santeria,Sublime,Sublime,Chill Out,12736,punk,1,0.751,0.665,0.121,0.58,3.04,0
5bQduNI1lNfkNbDCKhBNX6,You Can't Hurry Love,The Supremes,The Supremes A' Go-Go,Chill Out,12736,disco,74,0.711,0.63,0.0813,0.659,2.8,0
5nkYHBWXu7KCgcdwP6jcB1,What I Got,Sublime,Sublime,Chill Out,12736,punk,1,0.693,0.804,0.314,0.654,2.85,0
3b0EOvScbZUc0qJx0E1L2z,I Want You Back,The Jackson 5,Diana Ross Presents The Jackson 5,Chill Out,12736,soul,77,0.538,0.469,0.37,0.886,2.94,0
71SvEDmsOwIWw1IozsZoMA,Any Way You Want It,Journey,Departure,Chill Out,12736,hard-rock,73,0.932,0.529,0.136,0.571,3.36,0
2WfaOiMkCvy7F5fcp2zZ8L,Take On Me,a-ha,Hunting High And Low,Chill Out,12736,synth-pop,0,0.931,0.524,0.0588,0.811,3.75,0
1JO1xLtVc8mWhIoE3YaCL0,Happy Together,The Turtles,Happy Together,Chill Out,12736,folk,76,0.367,0.584,0.0818,0.588,2.94,0
2dEJE18eoskLm4bjSW6kmY,Put Your Records On,Corinne Bailey Rae,Corinne Bailey Rae,Chill Out,12736,british,0,0.506,0.736,0.134,0.563,3.56,0
5qyq1H5OPMlfuvZQ1wQNo7,(Your Love Keeps Lifting Me) Higher & Higher,Jackie Wilson,Higher And Higher,Chill Out,12736,blues,72,0.677,0.634,0.0902,0.939,2.99,0
0bRXwKfigvpKZUurwqAlEh,Lovely Day,Bill Withers,Menagerie,Chill Out,12736,funk,76,0.651,0.692,0.105,0.706,4.24,0
6cb0HzFQPN4BGADOmSzPCw,ABC,The Jackson 5,ABC,Chill Out,12736,soul,0,0.869,0.53,0.233,0.935,2.91,0
3Vby4nGmtbDo7HDJamOWkT,Stuck In The Middle With You,Stealers Wheel,Stealers Wheel,Chill Out,12736,folk,0,0.759,0.768,0.0531,0.96,3.48,0
39shmbIHICJ2Wxnk1fPSdz,Should I Stay or Should I Go - Remastered,The Clash,Combat Rock,Chill Out,12736,punk-rock,80,0.836,0.743,0.384,0.82,3.15,0
1ynmMEK1fkyiZ6Z6F3ThEt,Centerfold,The J. Geils Band,Freeze Frame,Chill Out,12736,blues,74,0.677,0.653,0.403,0.888,3.61,0
2KmEgiY8fQs0G6WNxtzQKr,Baba O'Riley,The Who,Who's Next,Chill Out,12736,blues,76,0.724,0.489,0.287,0.15,5.01,0
6RrXd9Hph4hYR4bf3dbM6H,My Girl,The Temptations,The Temptations Sing Smokey,Chill Out,12736,funk,79,0.418,0.572,0.0961,0.694,2.75,0
6XK6Zw6JkFsHXzAcMWNiIr,Send Me On My Way,Rusted Root,When I Woke,Chill Out,12736,j-rock,68,0.704,0.5,0.138,0.722,4.39,0
0iA3xXSkSCiJywKyo1UKjQ,Louie Louie,The Kingsmen,The Best of The Kingsmen,Chill Out,12736,garage,65,0.709,0.623,0.0967,0.948,2.76,0
6N1EjQjnvhOjFrF6oUmGPa,Summer Of '69,Bryan Adams,Reckless,Chill Out,12736,rock,82,0.834,0.508,0.0732,0.774,3.62,0
4ebcE2SmkG7nplvzFAWRu7,What I Like About You,The Romantics,The Romantics,Chill Out,12736,power-pop,69,0.942,0.514,0.17,0.912,2.92,0
4DRBaZ760gyk7LWnaJFqsJ,I Want To Hold Your Hand - Remastered 2015,The Beatles,1,Chill Out,12736,british,72,0.715,0.49,0.311,0.866,2.43,0
4Z1fbYp0HuxLBje4MOZcSD,Twist And Shout - Remastered 2009,The Beatles,Please Please Me,Chill Out,12736,british,75,0.849,0.482,0.0414,0.937,2.59,0
714hERk9U1W8FMYkoC83CO,You Sexy Thing,Hot Chocolate,Hot Chocolate,Chill Out,12736,disco,72,0.733,0.791,0.167,0.962,4.08,0
3G7tRC24Uh09Hmp1KZ7LQ2,I'm a Believer,The Monkees,More Of The Monkees (Deluxe Edition),Chill Out,12736,psych-rock,57,0.772,0.502,0.199,0.935,2.79,0
1HOMkjp0nHMaTnfAkslCQj,My Sharona,The Knack,Get The Knack,Chill Out,12736,power-pop,75,0.7,0.586,0.0318,0.897,4.92,0
5lXcSvHRVjQJ3LB2rLKQog,Superstition - Single Version,Stevie Wonder,Song Review: A Greatest Hits Collection,Chill Out,12736,funk,0,0.745,0.637,0.0372,0.859,3.99,0
1bp2IO61zbQrbWNmKKxg3f,The Joker,Steve Miller Band,The Joker,Chill Out,12736,blues,0,0.448,0.596,0.207,0.796,4.41,0
7vFv0yFGMJW3qVXbAd9BK9,Your Body Is a Wonderland,John Mayer,Room For Squares,Chill Out,12736,singer-songwriter,74,0.729,0.647,0.134,0.687,4.16,0
6pyzBTIjcO2AMkKE6x2Otb,Stayin' Alive,Bee Gees,Greatest,Chill Out,12736,disco,77,0.535,0.707,0.0884,0.641,4.76,0
3cfOd4CMv2snFaKAnMdnvK,All Star,Smash Mouth,Astro Lounge,Chill Out,12736,alt-rock,0,0.867,0.731,0.0861,0.776,3.34,0
4A7qcJp2Sg867JST1pSPJz,Promises,NERO,Welcome Reality,Dance,12737,drum-and-bass,56,0.943,0.484,0.593,0.345,4.29,0
01XFgRZfZI7oBagNf1Loml,Harlem Shake,Baauer,Harlem Shake,Dance,12737,electronic,58,0.794,0.452,0.416,0.282,3.28,0
3rq5w4bQGigXOfdN30ATJt,Do I Wanna Know?,Arctic Monkeys,AM,sultry ,12738,garage,88,0.532,0.548,0.217,0.405,4.54,0
7m9OqQk4RVRkw9JJdeAw96,Jocelyn Flores,XXXTENTACION,17,Slaps,12739,emo,84,0.391,0.872,0.297,0.437,1.99,0
6a6s6nwO7v7ZtA0mOZqp2P,Montreal,Roosevelt,Elliot EP,life,12740,disco,58,0.642,0.669,0.203,0.838,3.94,0
6r20M5DWYdIoCDmDViBxuz,You Got It,Roy Orbison,Mystery Girl,life,12740,rock-n-roll,69,0.618,0.649,0.192,0.667,3.5,0
39shmbIHICJ2Wxnk1fPSdz,Should I Stay or Should I Go - Remastered,The Clash,Combat Rock,life,12740,punk-rock,80,0.836,0.743,0.384,0.82,3.15,0
16T7MF8iSUkobuam6EovgS,Two Words,Lea Salonga,The Journey so Far,tagalog,12741,show-tunes,21,0.281,0.503,0.91,0.416,5.28,0
7Kutf53V4k0CvU4nKu5oK6,Real Hip-Hop,Das EFX,Hold It Down,dk,12742,hardcore,0,0.76,0.858,0.322,0.951,4.13,0
2H6dHxAxGq5oQ9EiinNpXT,Spirits,The Strumbellas,Hope,summer tunes,12743,folk,63,0.657,0.556,0.113,0.79,3.39,0
2Zgnaip1c876zmBhz9HifI,Blame It on Me,George Ezra,Wanted On Voyage,summer tunes,12743,singer-songwriter,68,0.757,0.537,0.341,0.421,3.26,0
7qiZfU4dY1lWllzX7mPBI3,Shape of You,Ed Sheeran,÷,New New,12744,pop,86,0.652,0.825,0.0931,0.931,3.9,0
0wfbD5rAksdXUzRvMfM3x5,The One,The Chainsmokers,Memories...Do Not Open,New New,12744,edm,59,0.303,0.76,0.294,0.15,2.96,0
5vtyFzfLkCSJvXEZFjQAa1,Your Shirt,Chelsea Cutler,Your Shirt,New New,12744,indie-pop,63,0.478,0.433,0.32,0.173,3.88,0
3PEgB3fkiojxms35ntsTgs,More Than You Know,Axwell /\ Ingrosso,More Than You Know,New New,12744,dance,80,0.741,0.646,0.312,0.571,3.38,0
6r7FXNO57mlZCBY6PXcZZT,Five Hours,Deorro,Five Hours,chill,12745,progressive-house,61,0.821,0.88,0.234,0.575,5.45,0
5V3mdRI2yQxbSsJGDPc5lD,Chop Suey!,System Of A Down,Toxicity,chillin',12746,alternative,83,0.934,0.417,0.132,0.287,3.5,0
6sDQ4uiWw9OdVrCXFLSlZt,Rap God,Eminem,The Marshall Mathers LP2,chillin',12746,hip-hop,78,0.843,0.708,0.799,0.625,6.06,1
4tXA1TUmKvz7CbUT9LUHDx,X Gon' Give It To Ya,DMX,The Definition Of X: Pick Of The Litter,chillin',12746,hardcore,74,0.899,0.761,0.0719,0.673,3.63,1
27SdWb2rFzO6GWiYDBTD9j,Cheap Thrills,Sia,This Is Acting,jamz,12747,dance,78,0.698,0.628,0.0907,0.732,3.53,0
1rIKgCH4H52lrvDcz50hS8,Lush Life,Zara Larsson,So Good,jamz,12747,dance,78,0.712,0.694,0.211,0.799,3.35,0
6MjljecHzHelUDismyKkba,Everytime We Touch - Radio Edit,Cascada,Everytime We Touch,jamz,12747,german,63,0.977,0.64,0.371,0.493,3.32,0
62vpWI1CHwFy7tMIcSStl8,No Role Modelz,J. Cole,2014 Forest Hills Drive,jamz,12747,hip-hop,88,0.521,0.69,0.0534,0.494,4.88,0
0jDWRUbxSn8zQlwFbeLHwo,Evacuate The Dancefloor,Cascada,Evacuate The Dancefloor,jamz,12747,techno,63,0.702,0.762,0.314,0.898,3.45,0
0k2GOhqsrxDTAbFFSdNJjT,Temperature,Sean Paul,The Trinity,jamz,12747,dance,79,0.6,0.951,0.0712,0.822,3.64,0
5N8nNuTmIzkZOfcxXlygUw,Ginza,J Balvin,Energía,jamz,12747,latin,0,0.815,0.749,0.0838,0.866,2.85,0
0ytw2owVvegkIS87txqV1O,Swim Good,Frank Ocean,Swim Good,jamz,12747,soul,69,0.668,0.653,0.0731,0.711,4.29,0
6ic8OlLUNEATToEFU3xmaH,Gimme More,Britney Spears,Blackout,jamz,12747,dance,79,0.844,0.788,0.0723,0.382,4.19,1
2GiJYvgVaD2HtM8GqD9EgQ,Electric Love,BØRNS,Dopamine,jamz,12747,rock,82,0.797,0.611,0.26,0.518,3.64,0
2ekn2ttSfGqwhhate0LSR0,New Rules,Dua Lipa,Dua Lipa,That NEW NEW,12748,dance,81,0.7,0.762,0.153,0.608,3.48,0
3m660poUr1chesgkkjQM7P,Sorry Not Sorry,Demi Lovato,Tell Me You Love Me,That NEW NEW,12748,dance,0,0.643,0.705,0.262,0.884,3.4,0
0PDUDa38GO8lMxLCRc4lL1,PILLOWTALK,ZAYN,Mind Of Mine (Deluxe Edition),car tunes,12749,dance,78,0.7,0.584,0.0939,0.438,3.38,1
1cOyWWUr3oXJIxY0AjJEx9,YOUTH,Troye Sivan,Blue Neighbourhood,car tunes,12749,dance,72,0.737,0.628,0.0777,0.592,3.09,0
3hB5DgAiMAQ4DzYbsMq1IT,Love Yourself,Justin Bieber,Purpose,car tunes,12749,pop,84,0.378,0.609,0.28,0.515,3.9,0
6vSforRhuzsA0D0SO9fG1S,One Call Away,Charlie Puth,Nine Track Mind,car tunes,12749,dance,0,0.613,0.667,0.115,0.472,3.24,0
3CRDbSIZ4r5MsZ0YwxuEkn,Stressed Out,Twenty One Pilots,Blurryface,car tunes,12749,rock,85,0.637,0.734,0.0602,0.648,3.37,0
378iszndTZAR4dH8kwsLC6,Cheap Thrills,Sia,This Is Acting,car tunes,12749,dance,78,0.698,0.628,0.0907,0.732,3.75,0
6KIKRz9eSTXdNsGUnomdtW,Straight Outta Compton,N.W.A.,Straight Outta Compton,Real Hip Hop,12750,hardcore,72,0.878,0.834,0.334,0.418,4.31,0
6RUpJeXT6U4SPEafnr9Wr7,Where The Hood At,DMX,Grand Champ,Real Hip Hop,12750,hardcore,71,0.948,0.537,0.356,0.792,4.77,1
2d8JP84HNLKhmd6IYOoupQ,Trap Queen,Fetty Wap,Fetty Wap,Real Hip Hop,12750,j-dance,74,0.873,0.746,0.354,0.817,3.7,0
2WfaOiMkCvy7F5fcp2zZ8L,Take On Me,a-ha,Hunting High And Low,80,12751,synth-pop,0,0.931,0.524,0.0588,0.811,3.75,0
3koCCeSaVUyrRo3N2gHrd8,Let's Groove,"Earth, Wind & Fire",Raise!,80,12751,disco,79,0.648,0.869,0.126,0.9,5.66,0
40dJCw4xU6Bd5ie9rfagNo,Everybody Wants To Rule The World,Tears For Fears,Songs From The Big Chair,80,12751,synth-pop,87,0.795,0.645,0.104,0.535,4.19,0
6WEBIVqiEsevfgJefTyuQQ,Too Shy,Kajagoogoo,White Feathers,80,12751,synth-pop,61,0.871,0.702,0.0819,0.664,3.71,0
2dCmGcEOQrMQhMMS8Vj7Ca,Super Freak,Rick James,Street Songs,80,12751,disco,3,0.796,0.857,0.0503,0.944,3.42,0
2EGaDf0cPX789H3LNeB03D,Cruel Summer,Bananarama,Bananarama,80,12751,disco,66,0.871,0.666,0.263,0.936,3.59,0
4ECNtOnqzxutZkXP4TE3n3,Separate Ways (Worlds Apart),Journey,Frontiers,80,12751,hard-rock,74,0.962,0.451,0.277,0.377,5.4,0
7mmhMfqs3knRMMlvnMPTHn,Simply Irresistible,Robert Palmer,Heavy Nova [Bonus Tracks Version],80,12751,blues,0,0.934,0.646,0.0443,0.698,4.24,0
4bHsxqR3GMrXTxEPLuK5ue,Don't Stop Believin',Journey,Escape,80,12751,hard-rock,83,0.748,0.5,0.447,0.514,4.18,0
2fY6tqgrlrg1ky9fgs0t5u,Wanted Dead Or Alive,Bon Jovi,Slippery When Wet,80,12751,metal,2,0.818,0.265,0.323,0.251,5.14,0
0KCCNoVVXBatkTRvKOEf2t,I Can't Wait,Nu Shooz,Poolside,80,12751,disco,0,0.844,0.784,0.0682,0.94,5.44,0
5uuJruktM9fMdN9Va0DUMl,Play That Funky Music,Wild Cherry,Wild Cherry,80,12751,disco,71,0.672,0.814,0.061,0.933,5.0,0
13v3siPyvy5TTEZYmGPPse,Give It To Me Baby,Rick James,Street Songs,80,12751,disco,0,0.77,0.693,0.0655,0.883,4.16,0
1OsCKwNZxph96EkNusILRy,Get Down On It - Single Version,Kool & The Gang,The Very Best Of Kool & The Gang,80,12751,disco,1,0.627,0.879,0.056,0.968,3.55,0
7tCJajSmLssGNHnGkbKN2x,Something About You,Level 42,Collected,80,12751,disco,31,0.672,0.721,0.201,0.804,3.77,0
0wokCRaKD0zPNhMRXAgVsr,Ordinary World,Duran Duran,Duran Duran [The Wedding Album],80,12751,synth-pop,73,0.652,0.472,0.14,0.401,5.67,0
04waBn6uK4Af8udH2KqQri,Tragedy,Bee Gees,Spirits Having Flown,80,12751,disco,65,0.532,0.665,0.296,0.81,5.06,0
4aWn4NHlELpOehxsBaQeoe,Don't You (Forget About Me),Simple Minds,Once Upon A Time,80,12751,synth-pop,2,0.858,0.638,0.333,0.743,4.38,0
3BS7w8YLPtEgon7Ioujcsz,"You're Sixteen, You're Beautiful (And You're Mine)",Johnny Burnette,Johnny Burnette's Hits And Other Favorites,80,12751,rock-n-roll,51,0.352,0.431,0.066,0.693,1.98,0
7xe3EQCvXnx6Q0zs41Y65n,Great Balls of Fire,Jerry Lee Lewis,The Essential Jerry Lee Lewis [The Sun Sessions],80,12751,piano,57,0.627,0.592,0.43,0.909,1.85,0
0NqQmmLEN9rlnkh2JW0UIs,Kokomo,The Beach Boys,50 Big Ones: Greatest Hits,80,12751,psych-rock,71,0.635,0.682,0.137,0.927,3.62,0
3BUQFs6aFWh7EFNmI8bfL7,Johnny B. Goode,Chuck Berry,Berry Is On Top,80,12751,blues,76,0.803,0.534,0.307,0.969,2.69,0
1H5IfYyIIAlgDX8zguUzns,Suspicious Minds,Elvis Presley,From Elvis in Memphis,80,12751,rock-n-roll,76,0.382,0.487,0.411,0.714,4.35,0
7fQ3PYTYdu208fQ3JEm2U7,Ain't That A Kick In The Head,Dean Martin,"Dean Martin: The Capitol Recordings, Vol. 11 (1960-1961)",80,12751,jazz,0,0.252,0.647,0.3,0.72,2.45,0
1QV6tiMFM6fSOKOGLMHYYg,Poker Face,Lady Gaga,The Fame,80,12751,dance,3,0.818,0.851,0.0945,0.808,3.95,0
5P5cGNzqh6A353N3ShDK6Y,Bad Romance,Lady Gaga,The Fame Monster,80,12751,dance,0,0.921,0.695,0.0842,0.714,4.91,0
1xgsWtVVhqEVBGuMd0UrZh,Lessons In Love,Level 42,Running In The Family,80,12751,disco,0,0.928,0.685,0.206,0.882,4.1,0
3yrSvpt2l1xhsV9Em88Pul,Brown Eyed Girl,Van Morrison,Blowin' Your Mind!,80,12751,folk,80,0.583,0.491,0.406,0.908,3.06,0
31H6au3jhblhr6MMJiXnCq,Hungry Eyes,Eric Carmen,The Definitive Collection,80,12751,disco,56,0.634,0.719,0.108,0.591,4.18,0
57yz5oqMytzbwdewSG28L9,Smoke Gets In Your Eyes,The Platters,The Platters Golden Hits,80,12751,rock-n-roll,65,0.295,0.203,0.173,0.285,2.72,0
3v9xlH6BpmRbqL7hgNJhfT,I Get Around (Mono),The Beach Boys,All Summer Long,80,12751,psych-rock,66,0.625,0.39,0.0663,0.514,2.24,0
3haZcHm3HydDVxm3je3Zmg,"Help Me, Rhonda",The Beach Boys,Summer Days (And Summer Nights),80,12751,psych-rock,29,0.716,0.528,0.0552,0.851,2.8,0
0laYHRpNTS6i8FXdupHkJ4,Love You Like A Love Song,Selena Gomez & The Scene,When The Sun Goes Down,80,12751,dance,81,0.678,0.858,0.0741,0.922,3.14,0
42et6fnHCw1HIPSrdPprMl,Semi-Charmed Life,Third Eye Blind,Third Eye Blind,80,12751,grunge,75,0.864,0.64,0.123,0.701,4.47,0
2hE5Lm5XOHR4t3xlhIFauP,Fooled Around And Fell In Love,Elvin Bishop,Struttin' My Stuff,80,12751,blues,57,0.585,0.634,0.0953,0.61,4.6,0
0yD66650JxhqKbW76C2qCo,Country Girl (Shake It For Me),Luke Bryan,Tailgates & Tanlines,80,12751,country,2,0.904,0.644,0.0834,0.672,3.76,0
4328LiswXNpXdT57eYFFJN,You Wanted More,Tonic,Sugar,80,12751,grunge,0,0.949,0.336,0.237,0.597,3.85,0
3PbHle8KhJp6GuO1jLdEmQ,Be Like That,3 Doors Down,The Better Life,80,12751,grunge,62,0.702,0.487,0.129,0.306,4.43,0
0nyrltZrQGAJMBZc1bYvuQ,Get Up Offa That Thing,James Brown,20 All-Time Greatest Hits!,80,12751,funk,3,0.776,0.827,0.545,0.786,4.17,0
28cnXtME493VX9NOw9cIUh,Hurt,Johnny Cash,American IV: The Man Comes Around,80,12751,country,74,0.392,0.534,0.0948,0.163,3.61,0
1gWV7TfmbUkqQ0ab4hoWdi,Main Titles,Ramin Djawadi,Game of Thrones (Music from the HBO® Series - Season 4),80,12751,german,58,0.695,0.194,0.12,0.481,1.73,0
1SKPmfSYaPsETbRHaiA18G,Somewhere Only We Know,Keane,Hopes And Fears,good stuff,12752,piano,85,0.665,0.448,0.0828,0.304,3.95,0
44IeABaLLsnFVb7rjzNTzS,The Story,Brandi Carlile,The Story & Cover Stories,good stuff,12752,acoustic,66,0.5,0.544,0.109,0.177,3.97,0
2bbhyUWJ5VjdfI3P4PRLu2,Samson,Regina Spektor,Begin To Hope,good stuff,12752,piano,56,0.193,0.49,0.113,0.184,3.16,0
02WDuAXXKumemrvsmrVBvH,Wavin' Flag - Coca-Cola® Celebration Mix,K'NAAN,Troubadour,good stuff,12752,reggae,67,0.767,0.58,0.0518,0.776,3.55,0
4rMNgxEwGWoPHIUcvB5BrB,It Will Rain,Bruno Mars,It Will Rain,good stuff,12752,dance,0,0.835,0.572,0.082,0.468,4.3,0
2MUH1tZ71fU7JPcZLxXT6t,Hometown Glory,Adele,19,good stuff,12752,british,62,0.336,0.436,0.102,0.21,4.52,0
1CkvWZme3pRgbzaxZnTl5X,Rolling in the Deep,Adele,21,good stuff,12752,british,81,0.769,0.73,0.0473,0.507,3.8,0
59tg0OPhiHlbsVZ9GFqUk5,Chasing Pavements,Adele,19,good stuff,12752,british,74,0.47,0.616,0.111,0.325,3.51,0
24cKN8P2uGWypxTw5WaNlq,Don't You Remember,Adele,21,good stuff,12752,british,64,0.4,0.644,0.0866,0.227,4.05,0
5fVZC9GiM4e8vu99W0Xf6J,How to Save a Life,The Fray,How To Save A Life,good stuff,12752,piano,80,0.743,0.64,0.101,0.361,4.38,0
3Lca29U4AaObrsNauGFhgK,How Great Is Our God - World Edition,Chris Tomlin,How Great Is Our God: The Essential Collection,good stuff,12752,world-music,42,0.555,0.356,0.107,0.0759,6.09,0
20I6sIOMTCkB6w7ryavxtO,Call Me Maybe,Carly Rae Jepsen,Kiss,good stuff,12752,electro,80,0.58,0.783,0.108,0.66,3.22,0
4Q2X6uDFKtYcrBIkPKcOlT,All In Forms,Bonobo,Black Sands,good stuff,12752,trip-hop,43,0.557,0.701,0.164,0.586,4.86,0
64BbK9SFKH2jk86U3dGj2P,Otherside,Red Hot Chili Peppers,Californication,good stuff,12752,alt-rock,80,0.795,0.458,0.0756,0.513,4.26,0
1ndGB6rvxKYN9seCYO1dTF,The Zephyr Song,Red Hot Chili Peppers,By The Way,good stuff,12752,metal,71,0.803,0.725,0.0891,0.403,3.87,0
4zpcjApaOqEqkjrfLZUTI0,Proud and Humble,Imelda May,Mayhem,good stuff,12752,rockabilly,27,0.743,0.607,0.389,0.615,4.01,0
0RUXHlYhA057fCOe2vqIqu,Ships In The Night,Mat Kearney,Young Love,good stuff,12752,acoustic,44,0.885,0.448,0.0476,0.134,4.26,0
56AecW9Anb0CY6HpgWvcg9,Let It Be Me,Ray LaMontagne,Gossip In The Grain,good stuff,12752,acoustic,58,0.283,0.614,0.114,0.331,4.67,0
1kusepF3AacIEtUTYrw4GV,Paper Planes,M.I.A.,Kala,good stuff,12752,indie-pop,77,0.848,0.447,0.65,0.485,3.4,0
4Ouhoi2lAhrLJKFzUqEzwl,Born To Die,Lana Del Rey,Born To Die - The Paradise Edition,good stuff,12752,pop,6,0.636,0.206,0.217,0.394,4.76,0
5tVA6TkbaAH9QMITTQRrNv,Free Fallin',Tom Petty,Full Moon Fever,good stuff,12752,folk,0,0.504,0.619,0.06,0.568,4.27,0
3gbBpTdY8lnQwqxNCcf795,Pompeii,Bastille,Bad Blood,good stuff,12752,rock,1,0.711,0.68,0.241,0.571,3.57,0
0COqiPhxzoWICwFCS4eZcp,Bring Me To Life,Evanescence,Fallen,good stuff,12752,alternative,0,0.943,0.318,0.242,0.298,3.93,0
5ByAIlEEnxYdvpnezg7HTX,Juicy,The Notorious B.I.G.,Ready To Die The Remaster,that good good,12753,hardcore,62,0.767,0.887,0.0527,0.607,5.04,1
6iBaw0T7b3pTmMH1eMrul0,Bad Girls,M.I.A.,Matangi,that good good,12753,indie-pop,76,0.912,0.639,0.097,0.343,3.79,0
4BHzQ9C00ceJxfG16AlNWb,Send My Love (To Your New Lover),Adele,25,that good good,12753,british,72,0.533,0.688,0.172,0.567,3.72,0
7qiZfU4dY1lWllzX7mPBI3,Shape of You,Ed Sheeran,÷,that good good,12753,pop,86,0.652,0.825,0.0931,0.931,3.9,0
7KXjTSCq5nL1LoYtL7XAwS,HUMBLE.,Kendrick Lamar,DAMN.,that good good,12753,hip-hop,84,0.621,0.908,0.0958,0.421,2.95,1
6aNwDe5YH5YUPlpHkku52w,Sunshine & Whiskey,Frankie Ballard,Sunshine & Whiskey,Good country,12755,country,0,0.737,0.67,0.325,0.753,3.04,0
0El2Zyt68nYySFDG87hZgM,Sun Daze,Florida Georgia Line,Anything Goes,Good country,12755,country,0,0.944,0.484,0.471,0.839,3.08,0
4W38RXuQNuoTSwVsQA1OGC,Nothin' Like You,Dan + Shay,Where It All Began,Good country,12755,country,0,0.704,0.586,0.067,0.442,3.1,0
5kNe7PE09d6Kvw5pAsx23n,Die A Happy Man,Thomas Rhett,Tangled Up,Good country,12755,country,1,0.389,0.59,0.117,0.389,3.79,0
3fqwjXwUGN6vbzIwvyFMhx,Tennessee Whiskey,Chris Stapleton,Traveller,Good country,12755,country,81,0.37,0.392,0.0821,0.512,4.89,0
1LM5zQv5pBKPyO7rm7Uz6U,My Church,Maren Morris,HERO (Deluxe Edition),Good country,12755,country,69,0.743,0.517,0.107,0.664,3.3,0
0BCy325UZyR9z0t0uxwn2N,H.O.L.Y.,Florida Georgia Line,Dig Your Roots,Good country,12755,country,71,0.666,0.523,0.0728,0.564,3.24,0
7mldq42yDuxiUNn08nvzHO,Body Like A Back Road,Sam Hunt,Body Like A Back Road,Good country,12755,country,0,0.458,0.732,0.136,0.661,2.76,0
46LI9mnlQ8fJHH47ioBubg,When You Say Nothing At All,Alison Krauss & Union Station,A Tribute Album,Country Music,12756,bluegrass,64,0.243,0.514,0.0822,0.388,4.35,0
6U5pgPq1bsJ6UBeakd4mfQ,What Hurts The Most,Rascal Flatts,Me And My Gang,Country Music,12756,country,71,0.674,0.537,0.265,0.33,3.57,0
5JnLiuMgRAWoHYOhatFP3s,People Are Crazy,Billy Currington,Little Bit Of Everything,Country Music,12756,country,0,0.714,0.657,0.127,0.361,3.86,0
75p6fgACKYIyIhsoG411SZ,Hey Pretty Girl,Kip Moore,Up All Night,Country Music,12756,country,0,0.373,0.431,0.259,0.0884,3.6,0
0Utg7sirTPqrs6Cx0FbriQ,Chillin' It,Cole Swindell,Cole Swindell,Country Music,12756,country,1,0.849,0.576,0.109,0.666,3.28,0
03fT3OHB9KyMtGMt2zwqCT,Play It Again,Luke Bryan,Crash My Party,Country Music,12756,country,75,0.886,0.506,0.0734,0.595,3.78,0
7hKpnp7A7bjiZEyywa5Qn4,Girl Crush,Little Big Town,Pain Killer,Country Music,12756,country,70,0.225,0.5,0.112,0.355,3.22,0
1LM5zQv5pBKPyO7rm7Uz6U,My Church,Maren Morris,HERO (Deluxe Edition),Country Music,12756,country,69,0.743,0.517,0.107,0.664,3.3,0
7j3nbSiaWphYU2cFgyQXd9,Everything Is Embarrassing,Sky Ferreira,"Night Time, My Time",Dance party,12757,synth-pop,55,0.783,0.667,0.0418,0.564,4.17,0
35rdv7N27twjo4gnUzmnRZ,Polish Girl,Neon Indian,Era Extraña,Dance party,12757,synth-pop,47,0.886,0.63,0.125,0.454,4.4,0
3iVAyrTlbWGBq0laeQ18z2,Walking On A Dream,Empire of the Sun,Walking On A Dream,Dance party,12757,alt-rock,79,0.701,0.871,0.0589,0.716,3.31,0
5WBnKCEsPwsvWHUZmLjS3s,Alive,Empire of the Sun,Ice On The Dune,Dance party,12757,alt-rock,65,0.882,0.524,0.071,0.399,3.41,0
6tC2iHfUlzB2W4ntXXL2BH,Propane Nightmares,Pendulum,In Silico,Dance party,12757,drum-and-bass,58,0.966,0.356,0.192,0.215,5.22,0
0q6LuUqGLUiCPP1cbdwFs3,On Melancholy Hill,Gorillaz,Plastic Beach,Dance party,12757,alternative,78,0.739,0.689,0.064,0.578,3.9,0
37EJtTS7jT5WUyXGZzrwnI,Santa Monica,Everclear,Sparkle And Fade,Dance party,12757,alt-rock,0,0.942,0.491,0.367,0.398,3.19,0
3oZUlZMXkj51AyYG8lGaE7,Shut Me Up,Mindless Self Indulgence,You'll Rebel To Anything (Expanded and Remastered),Dance party,12757,industrial,59,0.797,0.589,0.0246,0.787,2.81,0
4kbj5MwxO1bq9wjT5g9HaA,Shut Up and Dance,WALK THE MOON,TALKING IS HARD,Dance party,12757,alt-rock,83,0.866,0.578,0.257,0.619,3.32,0
3DAXssr04d5kQnNSazn9GC,Organ Donor - Extended Overhaul,DJ Shadow,Pre-Emptive Strike,Dance party,12757,trip-hop,42,0.641,0.662,0.273,0.724,4.43,0
4bPQs0PHn4xbipzdPfn6du,I Write Sins Not Tragedies,Panic! At The Disco,A Fever You Can't Sweat Out,old songs,12758,rock,3,0.792,0.565,0.114,0.639,3.13,0
3XVBdLihbNbxUwZosxcGuJ,If I Ain't Got You,Alicia Keys,The Diary Of Alicia Keys,old songs,12758,soul,80,0.444,0.609,0.104,0.166,3.81,0
6ihL9TjfRjadfEePzXXyVF,Gives You Hell,The All-American Rejects,When The World Comes Down,old songs,12758,punk-rock,0,0.675,0.725,0.0537,0.595,3.55,0
4LXDHgBC1mbz3uoehYxH9b,"Whenever, Wherever",Shakira,Laundry Service (Alben für die Ewigkeit),old songs,12758,latin,75,0.832,0.794,0.203,0.871,3.27,0
4djIFfof5TpbSGRZUpsTXq,Talk Too Much,COIN,How Will You Know If You Never Try,old songs,12758,indie-pop,72,0.888,0.598,0.347,0.482,3.12,0
2LBqCSwhJGcFQeTHMVGwy3,Die For You,The Weeknd,Starboy,Playlist 7,12759,pop,88,0.525,0.582,0.134,0.51,4.34,0
62vpWI1CHwFy7tMIcSStl8,No Role Modelz,J. Cole,2014 Forest Hills Drive,Playlist 7,12759,hip-hop,88,0.521,0.69,0.0534,0.494,4.88,0
3hB5DgAiMAQ4DzYbsMq1IT,Love Yourself,Justin Bieber,Purpose,One Dance,12760,pop,84,0.378,0.609,0.28,0.515,3.9,0
1jNOi6m3Hn8nLEeHCp5Msr,Seven Nation Army,The White Stripes,Elephant,One Dance,12760,alt-rock,84,0.446,0.743,0.337,0.278,3.86,0
6sDQ4uiWw9OdVrCXFLSlZt,Rap God,Eminem,The Marshall Mathers LP2,One Dance,12760,hip-hop,78,0.843,0.708,0.799,0.625,6.06,1
6i0V12jOa3mr6uu4WYhUBr,Heathens,Twenty One Pilots,Heathens,One Dance,12760,rock,81,0.396,0.732,0.105,0.548,3.27,0
3WUa9TpHDoRGeChKDRRUqv,YuNg BrAtZ,XXXTENTACION,Revenge,One Dance,12760,emo,76,0.695,0.755,0.107,0.493,1.7,0
6ELbkUJe5aybo6wz7KfnjS,Grand New Spin,Gold Celeste,The Glow,Spring 2017,12761,garage,49,0.336,0.475,0.0732,0.0988,3.59,0
6jygYHo8uOttsIs45U1YvI,Dreamgaze,CASTLEBEAT,CASTLEBEAT,Spring 2017,12761,garage,54,0.593,0.366,0.152,0.319,2.76,0
51R5mPcJjOnfv9lKY1u5sW,Never Meant,American Football,American Football,out/16,12762,emo,60,0.819,0.436,0.117,0.405,4.47,0
5wTMQjEx9LWeFwLjolPCUy,What's My Age Again?,blink-182,Blink 182 (Sound and Vision Q4 2007),TBT,12763,punk-rock,4,0.951,0.391,0.0878,0.468,2.48,0
1OutzYv6YiN93lrT3pJsWR,It's My Life,No Doubt,It's My Life,TBT,12763,alt-rock,1,0.75,0.606,0.321,0.771,3.77,0
43NhiKnrtGqztxDqXrcUux,Adam's Song,blink-182,Enema Of The State,TBT,12763,punk-rock,0,0.775,0.52,0.364,0.383,4.16,0
7oK9VyNzrYvRFo7nQEYkWN,Mr. Brightside,The Killers,Hot Fuss,TBT,12763,alt-rock,2,0.931,0.344,0.0903,0.251,3.71,0
23oxJmDc1V9uLUSmN2LIvx,Ocean Avenue,Yellowcard,Ocean Avenue,TBT,12763,punk,74,0.904,0.486,0.0947,0.786,3.3,0
3JvKfv6T31zO0ini8iNItO,Another Love,Tom Odell,Long Way Down (Deluxe),November,12764,chill,93,0.537,0.445,0.0944,0.131,4.07,0
0eEXcw3JLVXcRxYrVYMy68,Electric Relaxation,A Tribe Called Quest,The Anthology,November,12764,hardcore,68,0.534,0.866,0.0929,0.841,3.77,0
3omXshBamrREltcf24gYDC,First,Cold War Kids,Hold My Home,November,12764,blues,67,0.692,0.468,0.523,0.561,3.34,0
2H6dHxAxGq5oQ9EiinNpXT,Spirits,The Strumbellas,Hope,November,12764,folk,63,0.657,0.556,0.113,0.79,3.39,0
2GiJYvgVaD2HtM8GqD9EgQ,Electric Love,BØRNS,Dopamine,driving :),12767,rock,82,0.797,0.611,0.26,0.518,3.64,0
4efoEY8iDBzUqitjmNDhpN,Three Little Birds,Bob Marley & The Wailers,Exodus,cloud 9,12768,reggae,78,0.49,0.826,0.0415,0.627,3.0,0
3bdnSozGuKsSIpxWXp9ykO,Because I Got High,Afroman,The Good Times,cloud 9,12768,comedy,69,0.341,0.802,0.0783,0.849,3.3,0
2MLHyLy5z5l5YRp7momlgw,Island In The Sun,Weezer,Weezer (Green Album),cloud 9,12768,alt-rock,1,0.794,0.654,0.165,0.678,3.34,0
1ACZpHI5vZ5Ea4xGlkdGWM,Crazy Rap (Colt 45 & 2 Zig Zags),Afroman,The Good Times,cloud 9,12768,comedy,74,0.367,0.927,0.132,0.576,5.48,0
61S0mEfdRtJ62Fc7fPqx0U,Feeling Good,Nina Simone,I Put A Spell On You,slow jams,12769,blues,1,0.414,0.428,0.238,0.508,2.9,0
0fioLzGM8ngbD1w6fMmm45,I'm Not The Only One,Sam Smith,In The Lonely Hour,slow jams,12769,dance,1,0.487,0.684,0.0821,0.456,3.99,0
3XVBdLihbNbxUwZosxcGuJ,If I Ain't Got You,Alicia Keys,The Diary Of Alicia Keys,slow jams,12769,soul,80,0.444,0.609,0.104,0.166,3.81,0
3xKsf9qdS1CyvXSMEid6g8,Pink + White,Frank Ocean,Blonde,slow jams,12769,soul,85,0.545,0.545,0.417,0.549,3.08,0
4waqcUQWdj0yH26STWl2Rq,Rosas,La Oreja de Van Gogh,Lo Que Te Conte Mientras Te Hacias La Dormida,slow jams,12769,latin,0,0.691,0.773,0.111,0.529,3.94,0
7DfFc7a6Rwfi3YQMRbDMau,Thinkin Bout You,Frank Ocean,channel ORANGE,slow jams,12769,soul,78,0.339,0.721,0.0973,0.2,3.35,0
4u83mwF5tUuWlXS86UOXdu,Wake Up Alone,Amy Winehouse,Back To Black,slow jams,12769,british,62,0.271,0.583,0.148,0.235,3.69,0
3de3pLWU48fpTNlSuM6tyR,Adieu,Tchami,Adieu,baby shower,12770,deep-house,58,0.747,0.717,0.0772,0.335,6.89,0
5N8nNuTmIzkZOfcxXlygUw,Ginza,J Balvin,Energía,baby shower,12770,latin,0,0.815,0.749,0.0838,0.866,2.85,0
3toP91RkMRQw7M0bScJ4F9,Ay Vamos,J Balvin,La Familia B Sides,baby shower,12770,latino,69,0.711,0.718,0.1,0.92,3.77,0
6qDF4wWL49CAVbgT7yuHl8,Sigo Extrañándote,J Balvin,Energía,baby shower,12770,latin,0,0.859,0.896,0.212,0.938,3.35,0
3S0OXQeoh0w6AY8WQVckRW,I'm Yours,Jason Mraz,We Sing. We Dance. We Steal Things., Perfect ,12773,acoustic,80,0.444,0.703,0.0973,0.712,4.04,0
7F3NW2ARKiriXgrkyVpHI1,Beautiful In White,Matt Johnson,"Acoustic Hits, Vol.3", Perfect ,12773,acoustic,50,0.278,0.619,0.121,0.233,4.0,0
2Mw8xQJpIDAgrktDXEqxCs,"Get Up, Stand Up",The Wailers,Burnin',Reggae jams,12774,dub,52,0.572,0.799,0.06,0.828,3.33,0
02sDcMNkzQPHWt6C7R0YBt,Doin' Time - Uptown Dub,Sublime,Sublime,Reggae jams,12774,ska,30,0.688,0.431,0.106,0.605,3.77,0
4efoEY8iDBzUqitjmNDhpN,Three Little Birds,Bob Marley & The Wailers,Exodus,Reggae jams,12774,reggae,78,0.49,0.826,0.0415,0.627,3.0,0
4Yu7Opg3NC2n763yUU2Njh,Cool Down The Pace,Gregory Isaacs,Night Nurse,Reggae jams,12774,dub,57,0.299,0.87,0.0926,0.933,5.25,0
5zmaypMaWb21FUGBxbw8hT,Black Balloon,The Goo Goo Dolls,Dizzy Up The Girl,first,12775,rock,3,0.625,0.339,0.229,0.334,4.16,0
1Eolhana7nKHYpcYpdVcT5,Little Wing,Jimi Hendrix,Axis: Bold As Love,first,12775,blues,71,0.534,0.515,0.0547,0.426,2.43,0
7hR5toSPEgwFZ78jfHdANM,Half of My Heart,John Mayer,Battle Studies,first,12775,singer-songwriter,65,0.593,0.681,0.106,0.731,4.17,0
6XK6Zw6JkFsHXzAcMWNiIr,Send Me On My Way,Rusted Root,When I Woke,first,12775,j-rock,68,0.704,0.5,0.138,0.722,4.39,0
3E6iea9uEmB7gRru4lyP6h,Stop This Train,John Mayer,Continuum,first,12775,singer-songwriter,65,0.437,0.619,0.0971,0.408,4.75,0
0j6YwWZVHsIFKr5FDEu68o,Jackie And Wilson,Hozier,Hozier,first,12775,singer-songwriter,60,0.712,0.566,0.124,0.753,3.72,0
2i3ziETyx5OGbBRD7Ud92p,I Love You Always Forever,Betty Who,The Valley,first,12775,electro,59,0.613,0.532,0.292,0.493,3.72,0
4pPTSOYhY7k6iEkEVpnKMy,Propaganda,DJ Snake,Propaganda,beats,12776,electronic,51,0.928,0.653,0.649,0.239,4.14,0
6r7FXNO57mlZCBY6PXcZZT,Five Hours,Deorro,Five Hours,beats,12776,progressive-house,61,0.821,0.88,0.234,0.575,5.45,0
60lwJa695S26FsYbhCVFVa,Hurts So Good,Astrid S,Astrid S,Feels,12777,dance,69,0.609,0.675,0.0957,0.378,3.48,0
4fINc8dnfcz7AdhFYVA4i7,It Girl,Jason Derulo,Future History,Feels,12777,dance,0,0.718,0.667,0.104,0.345,3.2,0
2GiJYvgVaD2HtM8GqD9EgQ,Electric Love,BØRNS,Dopamine,Feels,12777,rock,82,0.797,0.611,0.26,0.518,3.64,0
1rIKgCH4H52lrvDcz50hS8,Lush Life,Zara Larsson,So Good,Feels,12777,dance,78,0.712,0.694,0.211,0.799,3.35,0
0vaf64cpnqM7COUZZkoBig,Electric Feel,MGMT,Oracular Spectacular/Congratulations,Feels,12777,alt-rock,77,0.803,0.763,0.348,0.561,3.83,0
2H6dHxAxGq5oQ9EiinNpXT,Spirits,The Strumbellas,Hope,Feels,12777,folk,63,0.657,0.556,0.113,0.79,3.39,0
0aersVHlGGXcHeRvHtuaSt,Dancing On Glass,St. Lucia,Matter,Feels,12777,synth-pop,55,0.945,0.564,0.359,0.399,4.11,0
5lRtoB4Gg2gpT1EjAWOui7,Girls Chase Boys,Ingrid Michaelson,Lights Out,Feels,12777,acoustic,56,0.828,0.518,0.0456,0.69,3.69,0
0wfbD5rAksdXUzRvMfM3x5,The One,The Chainsmokers,Memories...Do Not Open,Feels,12777,edm,59,0.303,0.76,0.294,0.15,2.96,0
2WfaOiMkCvy7F5fcp2zZ8L,Take On Me,a-ha,Hunting High And Low,Feels,12777,synth-pop,0,0.931,0.524,0.0588,0.811,3.75,0
7mldq42yDuxiUNn08nvzHO,Body Like A Back Road,Sam Hunt,Body Like A Back Road,Feels,12777,country,0,0.458,0.732,0.136,0.661,2.76,0
3Z9PJ6xiEGmcqo2hESEB5n,Bitter Sweet Symphony,The Verve,Urban Hymns,Feels,12777,alt-rock,80,0.917,0.356,0.406,0.518,5.95,0
1eyzqe2QqGZUmfcPZtrIyt,Midnight City,M83,"Hurry Up, We're Dreaming",Feels,12777,french,76,0.729,0.507,0.0658,0.272,4.02,0
6y2Kaz9QI01XBKJ8mTb7Pf,Skin,Rag'n'Bone Man,Human (Deluxe),Feels,12777,soul,68,0.745,0.564,0.147,0.351,3.99,0
4YjjNHtEsTX6Af4mCTupT5,Bless The Broken Road,Rascal Flatts,Feels Like Today,Feels,12777,country,36,0.448,0.588,0.156,0.362,3.78,0
3Q3myFA7q4Op95DOpHplaY,do re mi,blackbear,digital druglord,Feels,12777,electro,73,0.593,0.745,0.123,0.17,3.53,0
79cuOz3SPQTuFrp8WgftAu,There's Nothing Holdin' Me Back,Shawn Mendes,Illuminate,Feels,12777,dance,86,0.813,0.866,0.0779,0.969,3.32,0
7i2DJ88J7jQ8K7zqFX2fW8,Now Or Never,Halsey,hopeless fountain kingdom,Feels,12777,indie-pop,67,0.585,0.67,0.131,0.447,3.58,0
51PIvodunv6NmX5250zxAh,The Cure,Lady Gaga,The Cure,Feels,12777,dance,0,0.506,0.696,0.0893,0.516,3.52,0
2tznHmp70DxMyr2XhWLOW0,Cigarette Daydreams,Cage The Elephant,Melophobia,Feels,12777,blues,79,0.676,0.636,0.0831,0.273,3.48,0
3m660poUr1chesgkkjQM7P,Sorry Not Sorry,Demi Lovato,Tell Me You Love Me,Feels,12777,dance,0,0.643,0.705,0.262,0.884,3.4,0
6M6Tk58pQvABy6ru66dY3d,No Money,Galantis,The Aviary,Feels,12777,edm,68,0.915,0.674,0.273,0.78,3.19,0
7noz6lydFxH30fneHwKMvp,watch,Billie Eilish,dont smile at me,Feels,12777,electro,79,0.599,0.441,0.103,0.35,2.96,0
3PEgB3fkiojxms35ntsTgs,More Than You Know,Axwell /\ Ingrosso,More Than You Know,Feels,12777,dance,80,0.741,0.646,0.312,0.571,3.38,0
4U45aEWtQhrm8A5mxPaFZ7,Vienna,Billy Joel,The Stranger (30th Anniversary Legacy Edition),Feels,12777,folk,79,0.495,0.532,0.0754,0.308,3.57,0
2jz1bw1p0WQj0PDnVDP0uY,Feels Like Summer,Weezer,Pacific Daydream,Feels,12777,power-pop,54,0.867,0.53,0.737,0.74,3.26,0
46lFttIf5hnUZMGvjK0Wxo,Runaway (U & I),Galantis,Pharmacy,Feels,12777,edm,75,0.805,0.506,0.0856,0.383,3.78,0
5Zc3XI1rq7opdZUwFUdKCj,If I Lose Myself,OneRepublic,Native,123,12778,piano,61,0.688,0.491,0.111,0.279,4.03,0
2Fjz5ZC5BvFdCqcnTZ3ilH,Sing Me to Sleep,Alan Walker,Sing Me to Sleep,123,12778,electro,66,0.622,0.474,0.327,0.158,3.16,0
3G6hxSp260RzGw4sOiDOQ3,Case Of The Ex (Whatcha Gonna Do),Mýa,Fear Of Flying,2000's,12779,soul,0,0.684,0.774,0.0765,0.354,3.95,0
7iL6o9tox1zgHpKUfh9vuC,In Da Club,50 Cent,Get Rich Or Die Tryin',2000's,12779,hip-hop,83,0.713,0.899,0.0708,0.777,3.22,1
1AhDOtG9vPSOmsWgNW0BEY,Bohemian Rhapsody - Remastered 2011,Queen,A Night At The Opera,classic rock,12780,rock,82,0.404,0.414,0.3,0.224,5.91,0
6s0NHplywwr1IjnQpUpWJk,Bad To The Bone,George Thorogood & The Destroyers,BAD TO THE BONE,classic rock,12780,blues,71,0.727,0.459,0.384,0.955,4.87,0
2fY6tqgrlrg1ky9fgs0t5u,Wanted Dead Or Alive,Bon Jovi,Slippery When Wet,classic rock,12780,metal,2,0.818,0.265,0.323,0.251,5.14,0
3KYiA4vq6RPO1dE2XROXd8,You Give Love A Bad Name,Bon Jovi,Slippery When Wet,classic rock,12780,metal,1,0.964,0.532,0.359,0.804,3.71,0
0J6mQxEZnlRt9ymzFntA6z,Livin' On A Prayer,Bon Jovi,Slippery When Wet,classic rock,12780,metal,1,0.89,0.527,0.222,0.818,4.15,0
6R7jplRyXCZPza3UzZqRyj,Dude (Looks Like A Lady),Aerosmith,Live In Berlin,classic rock,12780,hard-rock,71,0.982,0.54,0.0457,0.91,4.13,0
5SZ6zX4rOrEQferfFC2MfP,Walk This Way,Aerosmith,Toys In The Attic,classic rock,12780,hard-rock,75,0.73,0.653,0.0754,0.894,3.67,0
7LRMbd3LEoV5wZJvXT1Lwb,T.N.T.,AC/DC,High Voltage,classic rock,12780,hard-rock,78,0.759,0.754,0.101,0.435,3.58,0
2zYzyRzz6pRmhPzyfMEC8s,Highway to Hell,AC/DC,Highway to Hell,classic rock,12780,hard-rock,85,0.913,0.574,0.156,0.423,3.47,0
08mG3Y1vljYA6bvDt4Wqkj,Back In Black,AC/DC,Back In Black,classic rock,12780,hard-rock,85,0.7,0.31,0.0828,0.763,4.26,0
04MNKrAnzrHDUzuXAtNoLr,Live And Let Die,Guns N' Roses,Use Your Illusion I,classic rock,12780,hard-rock,72,0.777,0.262,0.12,0.264,3.07,0
0bVtevEgtDIeRjCJbK3Lmv,Welcome To The Jungle,Guns N' Roses,Appetite For Destruction,classic rock,12780,hard-rock,80,0.954,0.447,0.298,0.331,4.57,0
7o2CTH4ctstm8TNelqjb51,Sweet Child O' Mine,Guns N' Roses,Appetite For Destruction,classic rock,12780,hard-rock,84,0.91,0.454,0.116,0.629,5.93,0
7990Xs9HQx7FXVIDVPEwj9,Rock And Roll All Nite,KISS,Dressed To Kill,classic rock,12780,hard-rock,1,0.926,0.54,0.651,0.686,2.81,0
1hlveB9M6ijHZRbzZ2teyh,We're Not Gonna Take It,Twisted Sister,Stay Hungry,classic rock,12780,hard-rock,0,0.925,0.502,0.162,0.923,3.66,0
54Eo3yEOIsqcR9vzNVmvay,"Girls, Girls, Girls",Mötley Crüe,"Girls, Girls, Girls",classic rock,12780,hard-rock,26,0.922,0.599,0.356,0.514,4.51,0
63OFKbMaZSDZ4wtesuuq6f,Born To Be Wild,Steppenwolf,Steppenwolf,classic rock,12780,blues,73,0.71,0.438,0.221,0.53,3.51,0
3YBZIN3rekqsKxbJc9FZko,Paradise City,Guns N' Roses,Appetite For Destruction,classic rock,12780,hard-rock,79,0.952,0.273,0.142,0.472,6.82,0
4CJVkjo5WpmUAKp3R44LNb,Sweet Home Alabama,Lynyrd Skynyrd,Second Helping,classic rock,12780,blues,2,0.724,0.614,0.146,0.902,4.69,0
70Z9t1qhytWtG4cCmmi7mU,I Wanna Rock,Twisted Sister,Stay Hungry,classic rock,12780,hard-rock,73,0.911,0.504,0.355,0.671,3.0,0
4DMKwE2E2iYDKY01C335Uw,Carry on Wayward Son,Kansas,Leftoverture,classic rock,12780,hard-rock,76,0.786,0.482,0.446,0.793,5.38,0
4bHsxqR3GMrXTxEPLuK5ue,Don't Stop Believin',Journey,Escape,classic rock,12780,hard-rock,83,0.748,0.5,0.447,0.514,4.18,0
43DeSV93pJPT4lCZaWZ6b1,The Boys Are Back In Town,Thin Lizzy,Jailbreak,classic rock,12780,blues,0,0.87,0.457,0.117,0.694,4.45,0
5EWPGh7jbTNO2wakv8LjUI,Free Bird,Lynyrd Skynyrd,Pronounced' Leh-'Nerd 'Skin-'Nerd,classic rock,12780,blues,77,0.834,0.249,0.0924,0.338,9.12,0
567EwOGPAXg7Y9DQZTEFEE,Here I Go Again,Whitesnake,Saint's and Sinners [Remastered],classic rock,12780,british,58,0.877,0.484,0.14,0.687,5.14,0
6N1EjQjnvhOjFrF6oUmGPa,Summer Of '69,Bryan Adams,Reckless,classic rock,12780,rock,82,0.834,0.508,0.0732,0.774,3.62,0
1iuljeYz6ZG3GTJOZZkoer,RGF Island,Fetty Wap,Fetty Wap,ehh,12781,j-dance,59,0.764,0.746,0.0867,0.518,2.9,0
7HNpXPaTcX5CoNBjTAEWBr,Down By The River,Milky Chance,Sadnecessary,spicy,12782,german,66,0.695,0.687,0.109,0.453,4.02,0
6IE47jpPeatF2Iay7GZtEc,Feel It All Around,Washed Out,Life Of Leisure,spicy,12782,synth-pop,63,0.737,0.34,0.0699,0.499,3.2,0
6AvslIXIi9iaGvukefyVVK,Bottom Of The Deep Blue Sea,MISSIO,Loner,spicy,12782,alt-rock,58,0.754,0.573,0.104,0.241,3.86,0
4U9arGcc4ATa7shChhLQP0,Walk On Water,Thirty Seconds To Mars,Walk On Water,spicy,12782,grunge,64,0.787,0.495,0.167,0.388,3.14,0
18J4ioZBe3MrgPepR0HQ49,Horton Hears A Who - Original Broadway Cast Recording,Kevin Chamberlin,Seussical,theatre,12783,show-tunes,33,0.275,0.596,0.103,0.53,2.63,0
6gRc6jiufBIEBLZpDzJyKH,The People Versus Horton The Elephant - Original Broadway Cast Recording,Kevin Chamberlin,Seussical,theatre,12783,show-tunes,28,0.473,0.494,0.317,0.433,4.52,0
7DD1ojeTUwnW65g5QuZw7X,I Will Survive - 1981 Re-recording,Gloria Gaynor,I Will Survive,Ultimate,12785,disco,64,0.678,0.668,0.265,0.657,4.35,0
1CkvWZme3pRgbzaxZnTl5X,Rolling in the Deep,Adele,21,Ultimate,12785,british,81,0.769,0.73,0.0473,0.507,3.8,0
1j8z4TTjJ1YOdoFEDwJTQa,Ain't It Fun,Paramore,Paramore,Ultimate,12785,emo,1,0.893,0.606,0.021,0.671,4.94,0
5kNe7PE09d6Kvw5pAsx23n,Die A Happy Man,Thomas Rhett,Tangled Up,feels,12786,country,1,0.389,0.59,0.117,0.389,3.79,0
5fVZC9GiM4e8vu99W0Xf6J,How to Save a Life,The Fray,How To Save A Life,feels,12786,piano,80,0.743,0.64,0.101,0.361,4.38,0
0HZhYMZOcUzZKSFwPOti6m,Jar of Hearts,Christina Perri,lovestrong.,feels,12786,rock,0,0.348,0.373,0.12,0.0899,4.11,0
53QF56cjZA9RTuuMZDrSA6,I Won't Give Up,Jason Mraz,Love Is A Four Letter Word,feels,12786,acoustic,69,0.303,0.483,0.115,0.139,4.0,0
7hKpnp7A7bjiZEyywa5Qn4,Girl Crush,Little Big Town,Pain Killer,feels,12786,country,70,0.225,0.5,0.112,0.355,3.22,0
7DfFc7a6Rwfi3YQMRbDMau,Thinkin Bout You,Frank Ocean,channel ORANGE,feels,12786,soul,78,0.339,0.721,0.0973,0.2,3.35,0
0BCy325UZyR9z0t0uxwn2N,H.O.L.Y.,Florida Georgia Line,Dig Your Roots,feels,12786,country,71,0.666,0.523,0.0728,0.564,3.24,0
10M2Ex445zw585Ducldzkw,In Case You Didn't Know,Brett Young,Brett Young,feels,12786,country,75,0.536,0.607,0.102,0.434,3.75,0
6ZYS6QQxTLsQ6IFXdVx1r4,Ophelia,The Lumineers,Cleopatra,feels,12786,folk,79,0.573,0.664,0.0857,0.566,2.67,0
0p1BcEcYVO3uk4KDf3gzkY,Wanted,Hunter Hayes,Hunter Hayes (Encore),feels,12786,country,0,0.475,0.414,0.0816,0.3,3.81,0
7BVwi9cIzSc6tpyxsp47vJ,Mess Is Mine,Vance Joy,Dream Your Life Away,feels,12786,folk,64,0.723,0.595,0.0995,0.272,3.73,0
3NLrRZoMF0Lx6zTlYqeIo4,Here Without You,3 Doors Down,Away From The Sun,feels,12786,alt-rock,0,0.545,0.556,0.124,0.193,3.98,0
1N62wozuHCvczCkY4QidpP,Over My Head (Cable Car),The Fray,How To Save A Life,feels,12786,piano,70,0.729,0.592,0.0653,0.709,3.94,0
6MDTpYxPFL0wtFd0pjfKws,Rhythm Of Love,Plain White T's,Wonders Of The Younger,feels,12786,punk-rock,53,0.549,0.531,0.118,0.681,3.34,0
2BaXRCVgn621xHOGoFSuW5,I Really Like You,Carly Rae Jepsen,Emotion,Lady Jams,12787,electro,70,0.805,0.62,0.285,0.586,3.41,0
7cgu4JBW3hq1GwTM1ilkKQ,Talking Body,Tove Lo,Queen Of The Clouds,Lady Jams,12787,electro,67,0.761,0.736,0.0823,0.114,3.97,1
4MflGTO2ZTcSQ12bWcyRgI,"Honey, I'm Good.",Andy Grammer,Magazines Or Novels,Lady Jams,12787,rock,48,0.802,0.754,0.335,0.583,3.32,0
7oGZAicScQt96OAW4AruYy,Want to Want Me,Jason Derulo,Everything Is 4,Lady Jams,12787,dance,1,0.643,0.772,0.0705,0.669,3.46,0
0prNGof3XqfTvNDxHonvdK,Scars To Your Beautiful,Alessia Cara,Know-It-All,Lady Jams,12787,dance,74,0.739,0.319,0.111,0.449,3.84,0
51PIvodunv6NmX5250zxAh,The Cure,Lady Gaga,The Cure,Lady Jams,12787,dance,0,0.506,0.696,0.0893,0.516,3.52,0
6E1dxU9KL2FYgjv8hM54Dx,disco tits,Tove Lo,BLUE LIPS,Lady Jams,12787,swedish,64,0.728,0.79,0.172,0.333,3.73,1
2MUH1tZ71fU7JPcZLxXT6t,Hometown Glory,Adele,19,Slow Jams,12788,british,62,0.336,0.436,0.102,0.21,4.52,0
59tg0OPhiHlbsVZ9GFqUk5,Chasing Pavements,Adele,19,Slow Jams,12788,british,74,0.47,0.616,0.111,0.325,3.51,0
34kohJpbYshSo3QMpq7wN8,Cold Shoulder,Adele,19,Slow Jams,12788,british,52,0.82,0.65,0.133,0.35,3.2,0
38YgZVHPWOWsKrsCXz6JyP,Come On Get Higher,Matt Nathanson,Some Mad Hope,Slow Jams,12788,acoustic,71,0.623,0.672,0.0848,0.617,3.59,0
3ZMv9EzGoteNi5Qnx0KpEO,Skinny Love,Bon Iver,"For Emma, Forever Ago",Slow Jams,12788,folk,73,0.263,0.592,0.127,0.109,3.87,0
3pLTOP0G0etiWUknFoRpsr,The Cave,Mumford & Sons,Sigh No More,Slow Jams,12788,folk,62,0.499,0.592,0.113,0.346,3.63,0
1SKPmfSYaPsETbRHaiA18G,Somewhere Only We Know,Keane,Hopes And Fears,Slow Jams,12788,piano,85,0.665,0.448,0.0828,0.304,3.95,0
53QF56cjZA9RTuuMZDrSA6,I Won't Give Up,Jason Mraz,Love Is A Four Letter Word,Slow Jams,12788,acoustic,69,0.303,0.483,0.115,0.139,4.0,0
4gs07VlJST4bdxGbBsXVue,Heartbreak Warfare,John Mayer,Battle Studies,Slow Jams,12788,singer-songwriter,65,0.554,0.624,0.299,0.311,4.5,0
1jdNcAD8Ir58RlsdGjJJdx,Ho Hey,The Lumineers,The Lumineers,Slow Jams,12788,folk,79,0.471,0.682,0.0908,0.421,2.69,0
2tP7ZekzXfduShx8C6cbll,I'm Like A Bird,Nelly Furtado,"Whoa, Nelly!",Slow Jams,12788,latin,1,0.607,0.623,0.227,0.614,4.05,0
2jdAk8ATWIL3dwT47XpRfu,Slow Dancing in a Burning Room,John Mayer,Continuum,Slow Jams,12788,singer-songwriter,74,0.361,0.667,0.0805,0.29,4.03,0
5FPnjikbwlDMULCCCa6ZCJ,Daughters,John Mayer,Heavier Things,Slow Jams,12788,singer-songwriter,67,0.413,0.674,0.098,0.503,3.97,0
6oz8T0xhXzkEVxyelC3Hc3,Can't Go Back,Rosi Golan,Lead Balloon,Slow Jams,12788,acoustic,41,0.241,0.559,0.187,0.142,3.79,0
0p1BcEcYVO3uk4KDf3gzkY,Wanted,Hunter Hayes,Hunter Hayes (Encore),Slow Jams,12788,country,0,0.475,0.414,0.0816,0.3,3.81,0
7LwGBxB0h0CVmkOZxYKn0g,In My Veins - Feat. Erin Mccarley,Andrew Belle,In My Veins,Slow Jams,12788,acoustic,65,0.42,0.548,0.0899,0.196,5.32,0
5COPw6K4B6PPpeUXIE2Ry5,Feel Again,OneRepublic,Native,Slow Jams,12788,piano,59,0.815,0.467,0.118,0.335,3.08,0
760GxmiU9FCmP5jgnLsNtz,Kiss Me Slowly,Parachute,The Way It Was,Slow Jams,12788,acoustic,61,0.801,0.47,0.218,0.431,3.93,0
1g8dRVzAvmSOTfTz5m0H9K,Letters From The Sky,Civil Twilight,Civil Twilight,Slow Jams,12788,piano,50,0.7,0.342,0.0994,0.118,4.58,0
6U5pgPq1bsJ6UBeakd4mfQ,What Hurts The Most,Rascal Flatts,Me And My Gang,Slow Jams,12788,country,71,0.674,0.537,0.265,0.33,3.57,0
4I3KMa9p00MJwWbT0vi5iX,One And Only,Adele,21,Slow Jams,12788,british,63,0.468,0.528,0.165,0.185,5.78,0
24cKN8P2uGWypxTw5WaNlq,Don't You Remember,Adele,21,Slow Jams,12788,british,64,0.4,0.644,0.0866,0.227,4.05,0
4YjjNHtEsTX6Af4mCTupT5,Bless The Broken Road,Rascal Flatts,Feels Like Today,Slow Jams,12788,country,36,0.448,0.588,0.156,0.362,3.78,0
7DfFc7a6Rwfi3YQMRbDMau,Thinkin Bout You,Frank Ocean,channel ORANGE,Slow Jams,12788,soul,78,0.339,0.721,0.0973,0.2,3.35,0
4tK4ARuilOrBzwVQK73E0Y,The Remedy (I Won't Worry),Jason Mraz,Waiting For My Rocket To Come,Slow Jams,12788,acoustic,35,0.867,0.589,0.306,0.795,4.27,0
1KHdq8NK9QxnGjdXb55NiG,Falling in Love at a Coffee Shop,Landon Pigg,The Boy Who Never,Slow Jams,12788,acoustic,58,0.561,0.489,0.179,0.238,4.08,0
67EY6aDoIx8czEPS6a2AaI,The Man Who Can't Be Moved,The Script,The Script,Slow Jams,12788,rock,75,0.629,0.605,0.097,0.308,4.02,0
4m5lJ0ZOUqyx2DUCRycGFm,You & I (Nobody in the World),John Legend,Love In The Future,Slow Jams,12788,soul,63,0.342,0.456,0.124,0.224,4.21,0
7IWkJwX9C0J7tHurTD7ViL,When We Were Young,Adele,25,Slow Jams,12788,british,79,0.595,0.376,0.095,0.265,4.85,0
1mXVgsBdtIVeCLJnSnmtdV,Too Good At Goodbyes,Sam Smith,The Thrill Of It All,Slow Jams,12788,dance,83,0.372,0.681,0.169,0.476,3.35,0
6MDijuuArPJv1vbp7K1x3f,Genghis Khan,Miike Snow,iii,Chill Party,12789,swedish,62,0.847,0.688,0.598,0.453,3.54,0
61KHfpOOqUgSWpzfpufkzs,Que Sera,Wax Tailor,Tales of the Forgotten Melodies,Chill Party,12789,trip-hop,60,0.721,0.714,0.174,0.415,2.73,0
0VgkVdmE4gld66l8iyGjgx,Mask Off,Future,FUTURE,workout ,12790,hip-hop,83,0.434,0.833,0.165,0.281,3.41,0
7KXjTSCq5nL1LoYtL7XAwS,HUMBLE.,Kendrick Lamar,DAMN.,workout ,12790,hip-hop,84,0.621,0.908,0.0958,0.421,2.95,1
1QQfbfMfyzNZhT5fg3RpuS,Buffalo Soldier,Bob Marley & The Wailers,Confrontation,Chill,12791,reggae,72,0.463,0.929,0.0634,0.757,4.29,0
61dXuN3VyqGOyOeMfJXIPh,Could You Be Loved,Bob Marley & The Wailers,Uprising,Chill,12791,reggae,78,0.72,0.916,0.0958,0.76,3.95,0
3S0OXQeoh0w6AY8WQVckRW,I'm Yours,Jason Mraz,We Sing. We Dance. We Steal Things.,Chill,12791,acoustic,80,0.444,0.703,0.0973,0.712,4.04,0
4Ouhoi2lAhrLJKFzUqEzwl,Born To Die,Lana Del Rey,Born To Die - The Paradise Edition,Chill,12791,pop,6,0.636,0.206,0.217,0.394,4.76,0
0vaf64cpnqM7COUZZkoBig,Electric Feel,MGMT,Oracular Spectacular/Congratulations,Chill,12791,alt-rock,77,0.803,0.763,0.348,0.561,3.83,0
6Z8R6UsFuGXGtiIxiD8ISb,Safe And Sound,Capital Cities,In A Tidal Wave Of Mystery,Chill,12791,rock,83,0.819,0.655,0.104,0.766,3.21,0
1eyzqe2QqGZUmfcPZtrIyt,Midnight City,M83,"Hurry Up, We're Dreaming",Chill,12791,french,76,0.729,0.507,0.0658,0.272,4.02,0
4aJnMRNeuDZSQN7FaSNGtM,How Did I Get Here,ODESZA,Summer's Gone,Chill,12791,chill,60,0.579,0.707,0.408,0.357,2.19,0
2qC1sUo8xxRRqYsaYEdDuZ,Awake,Tycho,Awake,Chill,12791,electronic,58,0.877,0.552,0.0746,0.597,4.73,0
2WZyfujzMweFLnozyUJBkW,Boston,Augustana,All The Stars and Boulevards,Chill,12791,acoustic,63,0.571,0.404,0.129,0.29,4.1,0
0c7iF5fSBYxCuwsAv2z4iI,Green Mountain State,Trevor Hall,Chapter Of The Forest,Chill,12791,acoustic,61,0.367,0.693,0.111,0.286,4.58,0
48q0vSHcJdhK3IiXH8C5WJ,Why'd You Only Call Me When You're High?,Arctic Monkeys,AM,Chill,12791,garage,88,0.631,0.691,0.104,0.8,2.69,0
6nLvaCZFR1wEzW3sIKpsnr,"Valerie - Live At BBC Radio 1 Live Lounge, London / 2007",Amy Winehouse,Back To Black,Chill,12791,british,75,0.371,0.772,0.167,0.684,3.9,0
3rq5w4bQGigXOfdN30ATJt,Do I Wanna Know?,Arctic Monkeys,AM,Chill,12791,garage,88,0.532,0.548,0.217,0.405,4.54,0
6vECYJHxYmm3Ydt3fF01pE,Stolen Dance,Milky Chance,Sadnecessary,Chill,12791,german,80,0.581,0.884,0.0759,0.728,5.23,0
5O2P9iiztwhomNh8xkR9lJ,Night Changes,One Direction,FOUR,Chill,12791,pop,88,0.52,0.672,0.115,0.37,3.78,0
7GJClzimvMSghjcrKxuf1M,Budapest,George Ezra,Wanted On Voyage,Chill,12791,folk,79,0.455,0.717,0.11,0.389,3.35,0
6Xs7OKt6i0Ddq8B4M5Dgvr,New Americana,Halsey,BADLANDS,Chill,12791,electro,65,0.707,0.339,0.337,0.359,3.06,0
3hB5DgAiMAQ4DzYbsMq1IT,Love Yourself,Justin Bieber,Purpose,Chill,12791,pop,84,0.378,0.609,0.28,0.515,3.9,0
3ZHfX6kbiY7JVsB63lLOLu,The Only Exception,Paramore,brand new eyes,Chill,12791,emo,74,0.563,0.452,0.143,0.209,4.46,0
6ZYS6QQxTLsQ6IFXdVx1r4,Ophelia,The Lumineers,Cleopatra,Chill,12791,folk,79,0.573,0.664,0.0857,0.566,2.67,0
5hc71nKsUgtwQ3z52KEKQk,Somebody Else,The 1975,"I like it when you sleep, for you are so beautiful yet so unaware of it",Chill,12791,alt-rock,73,0.793,0.618,0.126,0.459,5.79,0
73jVPicY2G9YHmzgjk69ae,Robbers,The 1975,The 1975,Chill,12791,alt-rock,71,0.692,0.621,0.335,0.381,4.24,0
5wQnmLuC1W7ATsArWACrgW,Welcome to the Black Parade,My Chemical Romance,The Black Parade,Chill,12791,emo,79,0.905,0.217,0.222,0.236,5.19,0
316r1KLN0bcmpr7TZcMCXT,The Sound,The 1975,"I like it when you sleep, for you are so beautiful yet so unaware of it",Chill,12791,alt-rock,63,0.936,0.648,0.482,0.566,4.15,0
7i2DJ88J7jQ8K7zqFX2fW8,Now Or Never,Halsey,hopeless fountain kingdom,Chill,12791,indie-pop,67,0.585,0.67,0.131,0.447,3.58,0
2u0CelO5c81XS7z3dGpHbS,The Beach,The Neighbourhood,Wiped Out!,Chill,12791,alt-rock,78,0.64,0.245,0.0766,0.105,4.25,0
4vb4mFvYsr2h6enhjJsq9Y,Water Under the Bridge,Adele,25,Chill,12791,british,70,0.833,0.59,0.105,0.538,4.01,0
2H6dHxAxGq5oQ9EiinNpXT,Spirits,The Strumbellas,Hope,Chill,12791,folk,63,0.657,0.556,0.113,0.79,3.39,0
4BHzQ9C00ceJxfG16AlNWb,Send My Love (To Your New Lover),Adele,25,good vibes ,12792,british,72,0.533,0.688,0.172,0.567,3.72,0
3S0OXQeoh0w6AY8WQVckRW,I'm Yours,Jason Mraz,We Sing. We Dance. We Steal Things.,good vibes ,12792,acoustic,80,0.444,0.703,0.0973,0.712,4.04,0
5uCax9HTNlzGybIStD3vDh,Say You Won't Let Go,James Arthur,Back from the Edge,good vibes ,12792,pop,85,0.557,0.358,0.0902,0.494,3.52,0
5hYTyyh2odQKphUbMqc5gN,"How Far I'll Go - From ""Moana""",Alessia Cara,How Far I'll Go,good vibes ,12792,electro,66,0.544,0.309,0.0727,0.16,2.93,0
6PJ8FF6UR8FZXfEvpHkIVN,How Would You Feel (Paean),Ed Sheeran,÷,good vibes ,12792,pop,0,0.439,0.618,0.127,0.242,4.68,0
1msuiw6pnXYfxZ7Edyit9U,"Where Are You Christmas - From ""Dr. Seuss' How The Grinch Stole Christmas"" Soundtrack",Faith Hill,Dr. Seuss' How The Grinch Stole Christmas,Christmas,12793,country,0,0.333,0.373,0.121,0.0815,4.12,0
2WfaOiMkCvy7F5fcp2zZ8L,Take On Me,a-ha,Hunting High And Low,Africa,12794,synth-pop,0,0.931,0.524,0.0588,0.811,3.75,0
40dJCw4xU6Bd5ie9rfagNo,Everybody Wants To Rule The World,Tears For Fears,Songs From The Big Chair,Africa,12794,synth-pop,87,0.795,0.645,0.104,0.535,4.19,0
4aWn4NHlELpOehxsBaQeoe,Don't You (Forget About Me),Simple Minds,Once Upon A Time,Africa,12794,synth-pop,2,0.858,0.638,0.333,0.743,4.38,0
4y1LsJpmMti1PfRQV9AWWe,Girls Just Want to Have Fun,Cyndi Lauper,She's So Unusual,Africa,12794,disco,79,0.799,0.71,0.349,0.725,3.97,0
3Cx4yrFaX8CeHwBMReOWXI,We Didn't Start the Fire,Billy Joel,Storm Front,Africa,12794,piano,76,0.967,0.712,0.356,0.895,4.8,0
5kErKPSPv8EgdZ04R3el1K,It's Raining Men,The Weather Girls,It's Raining Men,Africa,12794,disco,64,0.925,0.682,0.702,0.611,3.54,0
2Wb9ejnmy27DUTUe9YF5Ew,All Night Long (All Night) - Single Version,Lionel Richie,The Definitive Collection,Africa,12794,disco,1,0.584,0.719,0.0288,0.849,4.34,0
6FcQD1qOpqV8NdhY45sKyI,What's Love Got to Do with It,Tina Turner,Simply The Best,Africa,12794,disco,0,0.482,0.855,0.151,0.795,3.78,0
31H6au3jhblhr6MMJiXnCq,Hungry Eyes,Eric Carmen,The Definitive Collection,Africa,12794,disco,56,0.634,0.719,0.108,0.591,4.18,0
0J6mQxEZnlRt9ymzFntA6z,Livin' On A Prayer,Bon Jovi,Slippery When Wet,Africa,12794,metal,1,0.89,0.527,0.222,0.818,4.15,0
7b4yGtR0rujvLi5EBfKKJ2,Take Me Home Tonight,Eddie Money,Can'T Hold Back,Africa,12794,hard-rock,70,0.768,0.608,0.0942,0.748,3.52,0
27L8sESb3KR79asDUBu8nW,Stacy's Mom,Fountains Of Wayne,Welcome Interstate Managers,Africa,12794,alt-rock,76,0.75,0.774,0.0808,0.927,3.3,0
6N1EjQjnvhOjFrF6oUmGPa,Summer Of '69,Bryan Adams,Reckless,Africa,12794,rock,82,0.834,0.508,0.0732,0.774,3.62,0
71SvEDmsOwIWw1IozsZoMA,Any Way You Want It,Journey,Departure,Africa,12794,hard-rock,73,0.932,0.529,0.136,0.571,3.36,0
3koCCeSaVUyrRo3N2gHrd8,Let's Groove,"Earth, Wind & Fire",Raise!,Africa,12794,disco,79,0.648,0.869,0.126,0.9,5.66,0
1ot6jEe4w4hYnsOPjd3xKQ,I'm So Excited,The Pointer Sisters,So Excited! (Expanded Edition),Africa,12794,disco,72,0.868,0.59,0.442,0.798,3.84,0
7o7E1nrHWncYY7PY94gCiX,Video Killed The Radio Star,The Buggles,The Age Of Plastic,Africa,12794,synth-pop,72,0.678,0.68,0.204,0.251,4.23,0
6wjSNO6uJYlgbbfauyWhiw,Wind Of Change,Scorpions,Crazy World,Africa,12794,german,0,0.63,0.429,0.104,0.211,5.22,0
3cfOd4CMv2snFaKAnMdnvK,All Star,Smash Mouth,Astro Lounge,Throwback,12795,alt-rock,0,0.867,0.731,0.0861,0.776,3.34,0
6MjljecHzHelUDismyKkba,Everytime We Touch - Radio Edit,Cascada,Everytime We Touch,Throwback,12795,german,63,0.977,0.64,0.371,0.493,3.32,0
68pN2UQYhwQgPy7VrCFKuV,In Too Deep,Sum 41,"All Killer, No Filler",Throwback,12795,punk,76,0.844,0.568,0.0607,0.766,3.45,1
0jqK7sGTLsHPkQrrcrGuKD,Still Waiting,Sum 41,Does This Look Infected?,Throwback,12795,punk,71,0.95,0.431,0.272,0.56,2.65,1
61sQYdFNS6sEBYCyr1q5gn,I'll Make Love To You,Boyz II Men,II,Throwback,12795,r-n-b,2,0.512,0.562,0.065,0.189,3.95,0
0k2GOhqsrxDTAbFFSdNJjT,Temperature,Sean Paul,The Trinity,Throwback,12795,dance,79,0.6,0.951,0.0712,0.822,3.64,0
3pfXxHoydFRfD7IBGJTQAN,Pony,Ginuwine,R&B: From Doo-Wop To Hip-Hop,Throwback,12795,soul,73,0.605,0.749,0.115,0.966,4.2,0
27L8sESb3KR79asDUBu8nW,Stacy's Mom,Fountains Of Wayne,Welcome Interstate Managers,Throwback,12795,alt-rock,76,0.75,0.774,0.0808,0.927,3.3,0
2tP7ZekzXfduShx8C6cbll,I'm Like A Bird,Nelly Furtado,"Whoa, Nelly!",Throwback,12795,latin,1,0.607,0.623,0.227,0.614,4.05,0
5n8Aro6j1bEGIy7Tpo7FV7,Fuck Tha Police,N.W.A.,Straight Outta Compton,Throwback,12795,hardcore,71,0.75,0.859,0.0538,0.857,5.76,0
2g8HN35AnVGIk7B8yMucww,Big Poppa,The Notorious B.I.G.,Ready To Die The Remaster,Throwback,12795,hardcore,49,0.671,0.765,0.0506,0.798,4.21,1
7iL6o9tox1zgHpKUfh9vuC,In Da Club,50 Cent,Get Rich Or Die Tryin',Throwback,12795,hip-hop,83,0.713,0.899,0.0708,0.777,3.22,1
3yfqSUWxFvZELEM4PmlwIR,The Real Slim Shady,Eminem,The Marshall Mathers LP,Throwback,12795,hip-hop,87,0.661,0.949,0.0454,0.76,4.74,1
4YjjNHtEsTX6Af4mCTupT5,Bless The Broken Road,Rascal Flatts,Feels Like Today,Country,12796,country,36,0.448,0.588,0.156,0.362,3.78,0
6U5pgPq1bsJ6UBeakd4mfQ,What Hurts The Most,Rascal Flatts,Me And My Gang,Country,12796,country,71,0.674,0.537,0.265,0.33,3.57,0
6shSfM6E3vE43WQLZdI0sL,How Do I Live,LeAnn Rimes,Dance Like You Don't Give A... Greatest Remixes,Country,12796,country,69,0.462,0.577,0.0822,0.258,4.45,0
68DcqqXKi0cRlbPlghUhsb,Amazed,Lonestar,The Greatest Hits,Country,12796,country,71,0.543,0.561,0.124,0.243,4.0,0
0ZUo4YjG4saFnEJhdWp9Bt,Before He Cheats,Carrie Underwood,Some Hearts,Country,12796,country,78,0.749,0.519,0.119,0.29,3.33,0
03fT3OHB9KyMtGMt2zwqCT,Play It Again,Luke Bryan,Crash My Party,Country,12796,country,75,0.886,0.506,0.0734,0.595,3.78,0
1VdHooAMVaGXPSty8pifv9,Honky Tonk Badonkadonk,Trace Adkins,Dangerous Man,Country,12796,country,0,0.919,0.643,0.0555,0.823,4.0,0
0yD66650JxhqKbW76C2qCo,Country Girl (Shake It For Me),Luke Bryan,Tailgates & Tanlines,Country,12796,country,2,0.904,0.644,0.0834,0.672,3.76,0
4yRlTvPVfEyhXfp6GZurq9,Never Come Back Again,Austin Plaine,Austin Plaine,Relax,12797,acoustic,57,0.695,0.594,0.119,0.172,3.27,0
62vpWI1CHwFy7tMIcSStl8,No Role Modelz,J. Cole,2014 Forest Hills Drive,turn up,12798,hip-hop,88,0.521,0.69,0.0534,0.494,4.88,0
4UEo1b0wWrtHMC8bVqPiH8,Nightmare,Avenged Sevenfold,Nightmare,hate,12800,alternative,72,0.949,0.554,0.2,0.233,6.24,1
0M955bMOoilikPXwKLYpoi,I Hate Everything About You,Three Days Grace,Three Days Grace,hate,12800,grunge,72,0.83,0.498,0.139,0.453,3.86,0
5RU50TPTgtxJLFNunUS2p5,Fucking Hostile,Pantera,Vulgar Display Of Power,hate,12800,groove,56,0.96,0.479,0.208,0.506,2.81,0
5ObqpomvSAh3IdPRTOR5oD,Crazy Bitch,Buckcherry,15,hate,12800,grunge,68,0.978,0.661,0.0856,0.592,3.38,0
2dCmGcEOQrMQhMMS8Vj7Ca,Super Freak,Rick James,Street Songs,Mom,12801,disco,3,0.796,0.857,0.0503,0.944,3.42,0
6PWRvLP8umTge3ZSycSORw,Please Don't Go,KC & The Sunshine Band,Do You Wanna Go Party?,Mom,12801,disco,71,0.75,0.445,0.0358,0.466,3.8,0
4bHsxqR3GMrXTxEPLuK5ue,Don't Stop Believin',Journey,Escape,Mom,12801,hard-rock,83,0.748,0.5,0.447,0.514,4.18,0
76qB2ZEZlEJAMqMqUjKusp,(Everything I Do) I Do It For You,Bryan Adams,Waking Up The Neighbours,Mom,12801,rock,2,0.365,0.526,0.0618,0.254,6.56,0
3xjLAPMsYy32W9oFHsSsGl,Have You Ever Really Loved A Woman?,Bryan Adams,18 Til I Die,Mom,12801,singer-songwriter,71,0.478,0.57,0.0931,0.358,4.86,0
6tP1NaAIoxSTzeFgCUO66V,Heart Of Glass - Special Mix,Blondie,Greatest Hits,Mom,12801,power-pop,0,0.78,0.659,0.181,0.807,4.54,0
1CkvWZme3pRgbzaxZnTl5X,Rolling in the Deep,Adele,21,Mom,12801,british,81,0.769,0.73,0.0473,0.507,3.8,0
3CKCZ9pfwAfoMZlMncA1Nc,Set Fire to the Rain,Adele,21,Mom,12801,british,80,0.67,0.603,0.112,0.446,4.03,0
31H6au3jhblhr6MMJiXnCq,Hungry Eyes,Eric Carmen,The Definitive Collection,Mom,12801,disco,56,0.634,0.719,0.108,0.591,4.18,0
3LI6JsfBgjt0Rd3bo1xE6a,We're All Alone,Rita Coolidge,The Collection,Mom,12801,r-n-b,0,0.429,0.332,0.0619,0.242,3.69,0
4gMgiXfqyzZLMhsksGmbQV,"Another Brick in the Wall, Pt. 2",Pink Floyd,The Wall,Mom,12801,psych-rock,76,0.394,0.693,0.247,0.721,3.98,0
4hEk1CHls2JEDbKIKy8JxV,Breakfast In America - 2010 Remastered,Supertramp,Breakfast In America,Mom,12801,piano,72,0.663,0.532,0.0734,0.756,2.66,0
6zeE5tKyr8Nu882DQhhSQI,Dust in the Wind,Kansas,Point Of Know Return,Mom,12801,hard-rock,78,0.322,0.475,0.11,0.387,3.44,0
6RrlGSeRyButbPk9b8aH53,She's A Lady,Tom Jones,Tom Jones Sings She's A Lady,Mom,12801,british,63,0.876,0.51,0.248,0.624,2.9,0
11y8GSP2ASv8S9n0FiiDva,Angel Of The Morning,Juice Newton,Juice,Mom,12801,country,59,0.313,0.452,0.0772,0.344,4.17,0
5zhIg69DEG2wJXf5ikaCUH,La Montaña (A Montanha),Roberto Carlos,30 Grandes Canciones,Mom,12801,mpb,43,0.48,0.417,0.675,0.949,3.79,0
2szKcBRJBDxU8Y3DOBVPje,Como No Creer en Dios,Alberto Vazquez,"Tres Epocas de Oro, Vol. 2",Mom,12801,rock-n-roll,32,0.446,0.452,0.126,0.312,3.41,0
34IqERodcAzU3BI5K5Omu9,Jesucristo (Jesús Cristo),Roberto Carlos,Un Gato En La Oscuridad,Mom,12801,mpb,39,0.443,0.538,0.0877,0.731,3.28,0
1qRA5BS78u3gME0loMl9AA,For What It's Worth,Buffalo Springfield,Buffalo Springfield,Rock.,12802,blues,78,0.519,0.653,0.101,0.822,2.56,0
4BP3uh0hFLFRb5cjsgLqDh,Fortunate Son,Creedence Clearwater Revival,Willy And The Poor Boys,Rock.,12802,country,0,0.663,0.64,0.152,0.665,2.35,0
3MFFDRC4wTN9JNGtzXsZlN,Love Her Madly,The Doors,L.A. Woman,Rock.,12802,psych-rock,65,0.587,0.565,0.0416,0.966,3.31,0
1JO1xLtVc8mWhIoE3YaCL0,Happy Together,The Turtles,Happy Together,Rock.,12802,folk,76,0.367,0.584,0.0818,0.588,2.94,0
3Vby4nGmtbDo7HDJamOWkT,Stuck In The Middle With You,Stealers Wheel,Stealers Wheel,Rock.,12802,folk,0,0.759,0.768,0.0531,0.96,3.48,0
2udGjDmpK1dH9VGyw7nrei,Cocaine,Eric Clapton,Slowhand 35th Anniversary,Rock.,12802,blues,69,0.502,0.699,0.317,0.676,3.69,0
5SZ6zX4rOrEQferfFC2MfP,Walk This Way,Aerosmith,Toys In The Attic,Rock.,12802,hard-rock,75,0.73,0.653,0.0754,0.894,3.67,0
2aoo2jlRnM3A0NyLQqMN2f,All Along the Watchtower,Jimi Hendrix,Electric Ladyland,Rock.,12802,blues,77,0.805,0.438,0.0842,0.564,4.01,0
78WVLOP9pN0G3gRLFy1rAa,Piano Man,Billy Joel,Piano Man,Rock.,12802,folk,77,0.55,0.331,0.192,0.429,5.6,0
08mG3Y1vljYA6bvDt4Wqkj,Back In Black,AC/DC,Back In Black,Rock.,12802,hard-rock,85,0.7,0.31,0.0828,0.763,4.26,0
4YMQXzscifAREG0a7KNGhB,Black Magic Woman,Santana,Santana's Greatest Hits,Rock.,12802,blues,62,0.552,0.497,0.089,0.633,3.28,0
2BcvvHttiZRvguFM4hR398,Sunshine Of Your Love,Cream,Disraeli Gears,Rock.,12802,blues,0,0.522,0.683,0.121,0.764,4.16,0
2zYzyRzz6pRmhPzyfMEC8s,Highway to Hell,AC/DC,Highway to Hell,Rock.,12802,hard-rock,85,0.913,0.574,0.156,0.423,3.47,0
5u6y4u5EgDv0peILf60H5t,Oye Como Va,Santana,Abraxas,Rock.,12802,blues,67,0.379,0.736,0.104,0.948,4.28,0
5QTxFnGygVM4jFQiBovmRo,(Don't Fear) The Reaper,Blue Öyster Cult,Agents Of Fortune,Rock.,12802,blues,76,0.927,0.333,0.297,0.385,5.14,0
2d4e45fmUnguxh6yqC7gNT,Dirty Deeds Done Dirt Cheap,AC/DC,Dirty Deeds Done Dirt Cheap,Rock.,12802,hard-rock,74,0.906,0.668,0.135,0.507,3.87,0
7LRMbd3LEoV5wZJvXT1Lwb,T.N.T.,AC/DC,High Voltage,Rock.,12802,hard-rock,78,0.759,0.754,0.101,0.435,3.58,0
1QEEqeFIZktqIpPI4jSVSF,More Than a Feeling,Boston,Boston,Rock.,12802,country,79,0.681,0.377,0.0504,0.285,4.75,0
1AhDOtG9vPSOmsWgNW0BEY,Bohemian Rhapsody - Remastered 2011,Queen,A Night At The Opera,Rock.,12802,rock,82,0.404,0.414,0.3,0.224,5.91,0
3YBZIN3rekqsKxbJc9FZko,Paradise City,Guns N' Roses,Appetite For Destruction,Rock.,12802,hard-rock,79,0.952,0.273,0.142,0.472,6.82,0
39shmbIHICJ2Wxnk1fPSdz,Should I Stay or Should I Go - Remastered,The Clash,Combat Rock,Rock.,12802,punk-rock,80,0.836,0.743,0.384,0.82,3.15,0
6kZFIsYCBeuH0f1zGk1UoM,Simple Man,Lynyrd Skynyrd,(Pronounced 'Leh-'Nérd 'Skin-'Nérd),Rock.,12802,blues,74,0.752,0.422,0.129,0.403,5.97,0
63OFKbMaZSDZ4wtesuuq6f,Born To Be Wild,Steppenwolf,Steppenwolf,Rock.,12802,blues,73,0.71,0.438,0.221,0.53,3.51,0
6awTbDHgM907tGecNQYPaV,My Generation - Stereo Version,The Who,My Generation,Rock.,12802,british,65,0.782,0.412,0.0775,0.705,3.31,0
1gcESexgftSuLuML57Y69q,All Right Now,Free,Fire And Water,Rock.,12802,blues,0,0.481,0.785,0.122,0.77,5.51,0
0wJoRiX5K5BxlqZTolB2LD,Purple Haze,Jimi Hendrix,Are You Experienced,Rock.,12802,blues,71,0.905,0.533,0.0698,0.486,2.85,0
29HbMTL672MugzhklYvStz,The Pusher,Steppenwolf,Steppenwolf,Rock.,12802,blues,0,0.47,0.508,0.14,0.69,5.88,0
72jbDTw1piOOj770jWNeaG,Paris,The Chainsmokers,Memories...Do Not Open,Driving,12803,dance,74,0.658,0.653,0.0939,0.219,3.69,0
7KXjTSCq5nL1LoYtL7XAwS,HUMBLE.,Kendrick Lamar,DAMN.,Driving,12803,hip-hop,84,0.621,0.908,0.0958,0.421,2.95,1
6gBFPUFcJLzWGx4lenP6h2,goosebumps,Travis Scott,Birds In The Trap Sing McKnight,Driving,12803,hip-hop,84,0.728,0.841,0.149,0.43,4.06,0
0VgkVdmE4gld66l8iyGjgx,Mask Off,Future,FUTURE,Driving,12803,hip-hop,83,0.434,0.833,0.165,0.281,3.41,0
75GQIYnRaBg7ndHxhfYuQy,Go All The Way,Raspberries,Raspberries,Guardians of the Galaxy,12804,j-rock,62,0.849,0.305,0.0995,0.555,3.42,0
2hE5Lm5XOHR4t3xlhIFauP,Fooled Around And Fell In Love,Elvin Bishop,Struttin' My Stuff,Guardians of the Galaxy,12804,blues,57,0.585,0.634,0.0953,0.61,4.6,0
6cuKJ1bFFy4OjfkCI9YBqc,I'm Not In Love,10cc,The Original Soundtrack,Guardians of the Galaxy,12804,blues,71,0.523,0.404,0.282,0.164,6.11,0
3b0EOvScbZUc0qJx0E1L2z,I Want You Back,The Jackson 5,Diana Ross Presents The Jackson 5,Guardians of the Galaxy,12804,soul,77,0.538,0.469,0.37,0.886,2.94,0
7cdnq45E9aP2XDStHg5vd7,Cherry Bomb,The Runaways,The Runaways,Guardians of the Galaxy,12804,punk,0,0.855,0.495,0.141,0.496,2.31,0
3umS4y3uQDkqekNjVpiRUs,El Amante,Nicky Jam,Fénix,????,12805,latino,69,0.691,0.683,0.14,0.732,3.66,0
4waqcUQWdj0yH26STWl2Rq,Rosas,La Oreja de Van Gogh,Lo Que Te Conte Mientras Te Hacias La Dormida,????,12805,latin,0,0.691,0.773,0.111,0.529,3.94,0
0qYTZCo5Bwh1nsUFGZP3zn,Felices los 4,Maluma,Felices los 4,????,12805,latino,74,0.756,0.766,0.349,0.716,3.83,0
4SRqDmPxYX0pUb5B5ut2Ri,So Sick,Ne-Yo,In My Own Words,????,12805,dance,3,0.682,0.679,0.287,0.59,3.45,0
6De0lHrwBfPfrhorm9q1Xl,Me Rehúso,Danny Ocean,Me Rehúso,????,12805,latino,80,0.804,0.744,0.0494,0.426,3.43,0
3QEkTxcsLUPfE33cRZ4y2K,Let's Stay Together,Al Green,Let's Stay Together,Unknown,12806,blues,31,0.401,0.756,0.0541,0.52,3.32,0
10vkYRKw6Jjr7try1ir50G,Tired of Being Alone,Al Green,Gets Next to You,Unknown,12806,blues,23,0.397,0.772,0.0753,0.617,2.87,0
2HL7EWAjEm5Bhpr1iWHA4C,Cold Little Heart - Radio Edit,Michael Kiwanuka,Cold Little Heart,Unknown,12806,british,70,0.58,0.629,0.436,0.655,3.5,0
5q0gPpBVNNusEenuXo3hw3,Love & Hate,Michael Kiwanuka,Love & Hate,Unknown,12806,british,65,0.494,0.278,0.173,0.527,7.12,0
3kIMF9JlABZJrxC0eA0757,This Feeling,Alabama Shakes,Sound & Color,Unknown,12806,blues,56,0.334,0.625,0.113,0.306,4.48,0
0vaf64cpnqM7COUZZkoBig,Electric Feel,MGMT,Oracular Spectacular/Congratulations,Mellow Out,12807,alt-rock,77,0.803,0.763,0.348,0.561,3.83,0
2LBqCSwhJGcFQeTHMVGwy3,Die For You,The Weeknd,Starboy,Mellow Out,12807,pop,88,0.525,0.582,0.134,0.51,4.34,0
7DfFc7a6Rwfi3YQMRbDMau,Thinkin Bout You,Frank Ocean,channel ORANGE,Arizona ,12808,soul,78,0.339,0.721,0.0973,0.2,3.35,0
3pfXxHoydFRfD7IBGJTQAN,Pony,Ginuwine,R&B: From Doo-Wop To Hip-Hop,Arizona ,12808,soul,73,0.605,0.749,0.115,0.966,4.2,0
7cgu4JBW3hq1GwTM1ilkKQ,Talking Body,Tove Lo,Queen Of The Clouds,Random,12809,electro,67,0.761,0.736,0.0823,0.114,3.97,1
2bRXehD283NioREYxlohc4,Lights - Single Version,Ellie Goulding,Bright Lights,Random,12809,dance,0,0.802,0.681,0.127,0.791,3.51,0
4Iyo50UoYhuuYORMLrGDci,Weird Fishes/ Arpeggi,Radiohead,In Rainbows,State of Mind,12810,alt-rock,71,0.61,0.531,0.0908,0.199,5.3,0
4FSm0Ca6Hzd7Vx7TpSfcSy,Arabella,Arctic Monkeys,AM,State of Mind,12810,garage,78,0.558,0.579,0.212,0.506,3.46,0
68oUQRwGJGExtkpaSvSbgb,Glory Box,Portishead,Dummy,State of Mind,12810,electronic,0,0.433,0.51,0.0603,0.208,5.09,0
4sFbojhVXQv7dBC9PVCcRn,Sympathy For The Devil,The Rolling Stones,Beggars Banquet,old music,12811,british,1,0.67,0.636,0.0453,0.572,6.3,0
4fXGWiVhlOLdhwRDP6pIFG,Lemon Tree,Fools Garden,Dish Of The Day,old music,12811,german,39,0.477,0.663,0.122,0.643,3.18,0
3zByVQLvdXUaDTubfWkpCk,Sweet Caroline,Neil Diamond,Sweet Caroline,old music,12811,folk,78,0.127,0.529,0.237,0.578,3.39,0
78WVLOP9pN0G3gRLFy1rAa,Piano Man,Billy Joel,Piano Man,old music,12811,folk,77,0.55,0.331,0.192,0.429,5.6,0
1fDsrQ23eTAVFElUMaf38X,American Pie,Don McLean,American Pie,old music,12811,folk,0,0.563,0.461,0.302,0.477,8.61,0
3yrSvpt2l1xhsV9Em88Pul,Brown Eyed Girl,Van Morrison,Blowin' Your Mind!,old music,12811,folk,80,0.583,0.491,0.406,0.908,3.06,0
1QEEqeFIZktqIpPI4jSVSF,More Than a Feeling,Boston,Boston,old music,12811,country,79,0.681,0.377,0.0504,0.285,4.75,0
1AhDOtG9vPSOmsWgNW0BEY,Bohemian Rhapsody - Remastered 2011,Queen,A Night At The Opera,old music,12811,rock,82,0.404,0.414,0.3,0.224,5.91,0
4BP3uh0hFLFRb5cjsgLqDh,Fortunate Son,Creedence Clearwater Revival,Willy And The Poor Boys,old music,12811,country,0,0.663,0.64,0.152,0.665,2.35,0
6N1EjQjnvhOjFrF6oUmGPa,Summer Of '69,Bryan Adams,Reckless,old music,12811,rock,82,0.834,0.508,0.0732,0.774,3.62,0
1qRA5BS78u3gME0loMl9AA,For What It's Worth,Buffalo Springfield,Buffalo Springfield,old music,12811,blues,78,0.519,0.653,0.101,0.822,2.56,0
4BGJSbB5rAcg4pNzD4gfxU,Tiny Dancer,Elton John,Madman Across The Water,old music,12811,piano,78,0.428,0.414,0.148,0.282,6.28,0
6NxsCnLeLd8Ai1TrgGxzIx,Bad Moon Rising,Creedence Clearwater Revival,Green River,old music,12811,country,1,0.769,0.508,0.063,0.939,2.36,0
5Wj1rJnCLpMHdLaxsFtJLs,Bennie And The Jets - Remastered 2014,Elton John,Goodbye Yellow Brick Road,old music,12811,piano,74,0.673,0.665,0.497,0.779,5.38,0
1dv3ePjze9tPq2pk8eWJdR,Gimme Shelter,The Rolling Stones,Let It Bleed,old music,12811,british,0,0.63,0.634,0.169,0.489,4.51,0
5QTxFnGygVM4jFQiBovmRo,(Don't Fear) The Reaper,Blue Öyster Cult,Agents Of Fortune,old music,12811,blues,76,0.927,0.333,0.297,0.385,5.14,0
2KmEgiY8fQs0G6WNxtzQKr,Baba O'Riley,The Who,Who's Next,old music,12811,blues,76,0.724,0.489,0.287,0.15,5.01,0
3AhXZa8sUQht0UEdBJgpGc,Like a Rolling Stone,Bob Dylan,Highway 61 Revisited,old music,12811,country,70,0.721,0.482,0.189,0.557,6.16,0
1xOXXYh6lTW8laxlW7JP2J,Only the Good Die Young,Billy Joel,The Stranger (30th Anniversary Legacy Edition),old music,12811,piano,68,0.872,0.579,0.0935,0.761,3.93,0
4DMKwE2E2iYDKY01C335Uw,Carry on Wayward Son,Kansas,Leftoverture,old music,12811,hard-rock,76,0.786,0.482,0.446,0.793,5.38,0
0EMmVUYs9ZZRHtlADB88uz,Come On Eileen,Dexys Midnight Runners,Too Rye Ay,old music,12811,ska,2,0.769,0.45,0.306,0.604,4.79,0
269OfNY9Je1QWaDnu31KKp,Wild World,Yusuf / Cat Stevens,Tea for the Tillerman,old music,12811,british,77,0.542,0.48,0.113,0.567,3.34,0
1bp2IO61zbQrbWNmKKxg3f,The Joker,Steve Miller Band,The Joker,old music,12811,blues,0,0.448,0.596,0.207,0.796,4.41,0
4c4jJJoaiY21t2TyRZgdWS,Magic Carpet Ride,Steppenwolf,The Second,old music,12811,psych-rock,69,0.651,0.64,0.0341,0.801,4.53,0
1I7zHEdDx8Ny5RxzYPqsU2,Reelin' In The Years,Steely Dan,Can't Buy A Thrill,old music,12811,country,0,0.758,0.52,0.109,0.706,4.62,0
2tbdjsdJ9xtyunKnZBkGxF,Father And Son,Yusuf / Cat Stevens,Tea For The Tillerman,old music,12811,british,74,0.326,0.495,0.0996,0.371,3.68,0
3UGpUUtC5r93zMDZXcgwIQ,"If You Want To Sing Out, Sing Out",Yusuf / Cat Stevens,On The Road To Find Out,old music,12811,british,61,0.284,0.687,0.158,0.851,2.79,0
3Vby4nGmtbDo7HDJamOWkT,Stuck In The Middle With You,Stealers Wheel,Stealers Wheel,old music,12811,folk,0,0.759,0.768,0.0531,0.96,3.48,0
6kZFIsYCBeuH0f1zGk1UoM,Simple Man,Lynyrd Skynyrd,(Pronounced 'Leh-'Nérd 'Skin-'Nérd),old music,12811,blues,74,0.752,0.422,0.129,0.403,5.97,0
5EWPGh7jbTNO2wakv8LjUI,Free Bird,Lynyrd Skynyrd,Pronounced' Leh-'Nerd 'Skin-'Nerd,old music,12811,blues,77,0.834,0.249,0.0924,0.338,9.12,0
2udGjDmpK1dH9VGyw7nrei,Cocaine,Eric Clapton,Slowhand 35th Anniversary,old music,12811,blues,69,0.502,0.699,0.317,0.676,3.69,0
3H7sv3Krffn15BufUuXzf3,Hey Jude - Remastered 2015,The Beatles,1,old music,12811,british,74,0.607,0.386,0.088,0.532,7.09,0
6RrXd9Hph4hYR4bf3dbM6H,My Girl,The Temptations,The Temptations Sing Smokey,old music,12811,funk,79,0.418,0.572,0.0961,0.694,2.75,0
7o2CTH4ctstm8TNelqjb51,Sweet Child O' Mine,Guns N' Roses,Appetite For Destruction,old music,12811,hard-rock,84,0.91,0.454,0.116,0.629,5.93,0
0QXaOq4DrPkX7cJsXhERrE,Hold On Loosely,38 Special,Wild-Eyed Southern Boys,old music,12811,country,0,0.707,0.565,0.0851,0.831,4.68,0
63OFKbMaZSDZ4wtesuuq6f,Born To Be Wild,Steppenwolf,Steppenwolf,old music,12811,blues,73,0.71,0.438,0.221,0.53,3.51,0
3x2bXiU0o4WbsPkawXlfDA,Who Are You,The Who,Who Are You,old music,12811,blues,65,0.648,0.651,0.0655,0.49,6.31,0
0B3hFXFOlbIPt942VGdNfb,You Ain't Seen Nothing Yet,Bachman-Turner Overdrive,Not Fragile,old music,12811,blues,72,0.439,0.475,0.223,0.76,3.96,0
3FmAUR4SPWa3P1KyDf21Fu,Roxanne - Remastered 2003,The Police,Outlandos D'Amour,old music,12811,rock,2,0.752,0.615,0.0479,0.66,3.19,0
3bN4tg6rnNPy9GCkGhym4T,Message In A Bottle - Remastered 2003,The Police,Reggatta De Blanc,old music,12811,rock,3,0.808,0.568,0.218,0.849,4.84,0
3Cx4yrFaX8CeHwBMReOWXI,We Didn't Start the Fire,Billy Joel,Storm Front,old music,12811,piano,76,0.967,0.712,0.356,0.895,4.8,0
7uSZPbd8DxdkmSauCKnITY,We Rise,San Holo,We Rise,music,12812,electronic,57,0.491,0.747,0.0837,0.827,4.44,0
72jbDTw1piOOj770jWNeaG,Paris,The Chainsmokers,Memories...Do Not Open,music,12812,dance,74,0.658,0.653,0.0939,0.219,3.69,0
7qiZfU4dY1lWllzX7mPBI3,Shape of You,Ed Sheeran,÷,music,12812,pop,86,0.652,0.825,0.0931,0.931,3.9,0
62vpWI1CHwFy7tMIcSStl8,No Role Modelz,J. Cole,2014 Forest Hills Drive,music,12812,hip-hop,88,0.521,0.69,0.0534,0.494,4.88,0
5uCax9HTNlzGybIStD3vDh,Say You Won't Let Go,James Arthur,Back from the Edge,music,12812,pop,85,0.557,0.358,0.0902,0.494,3.52,0
0KKkJNfGyhkQ5aFogxQAPU,That's What I Like,Bruno Mars,24K Magic,music,12812,dance,83,0.56,0.853,0.0944,0.86,3.44,0
5hYTyyh2odQKphUbMqc5gN,"How Far I'll Go - From ""Moana""",Alessia Cara,How Far I'll Go,music,12812,electro,66,0.544,0.309,0.0727,0.16,2.93,0
4dHbvCkrv6E5Wx4tvfp4FW,I'm Born To Run,American Authors,What We Live For,music,12812,indie-pop,66,0.93,0.62,0.0788,0.675,3.45,0
0VgkVdmE4gld66l8iyGjgx,Mask Off,Future,FUTURE,music,12812,hip-hop,83,0.434,0.833,0.165,0.281,3.41,0
4Q4jmPHwu0wrJvqrld0FQ6,I Would Like,Zara Larsson,So Good,music,12812,swedish,58,0.713,0.486,0.0839,0.297,3.78,0
7KXjTSCq5nL1LoYtL7XAwS,HUMBLE.,Kendrick Lamar,DAMN.,music,12812,hip-hop,84,0.621,0.908,0.0958,0.421,2.95,1
4iLqG9SeJSnt0cSPICSjxv,Attention,Charlie Puth,Attention,music,12812,dance,83,0.613,0.775,0.134,0.797,3.52,0
79cuOz3SPQTuFrp8WgftAu,There's Nothing Holdin' Me Back,Shawn Mendes,Illuminate,music,12812,dance,86,0.813,0.866,0.0779,0.969,3.32,0
51PIvodunv6NmX5250zxAh,The Cure,Lady Gaga,The Cure,music,12812,dance,0,0.506,0.696,0.0893,0.516,3.52,0
7i2DJ88J7jQ8K7zqFX2fW8,Now Or Never,Halsey,hopeless fountain kingdom,music,12812,indie-pop,67,0.585,0.67,0.131,0.447,3.58,0
3Q3myFA7q4Op95DOpHplaY,do re mi,blackbear,digital druglord,music,12812,electro,73,0.593,0.745,0.123,0.17,3.53,0
3T76zPJz3tWL27FrjJe2ot,Lazaretto,Jack White,Lazaretto,Rockin',12813,garage,58,0.838,0.381,0.101,0.581,3.66,0
5G1sTBGbZT5o4PNRc75RKI,Lonely Boy,The Black Keys,El Camino,Rockin',12813,blues,73,0.872,0.356,0.0997,0.607,3.23,0
0kHwTHf8ye0mSd66pwcrEN,How You Like Me Now,The Heavy,The House That Dirt Built,Rockin',12813,blues,61,0.71,0.647,0.0777,0.268,3.62,0
2pcwmk8c1pTYwX0COSVX52,Woman,Wolfmother,Wolfmother,Rockin',12813,alt-rock,0,0.94,0.236,0.154,0.223,2.93,0
1XWOrz0Da7a0m9T7COlVY3,Blue Orchid,The White Stripes,Get Behind Me Satan,Rockin',12813,blues,66,0.645,0.481,0.332,0.612,2.63,0
1dlgaGdQXmsYKMRuewIZkF,Miss Alissa,Eagles Of Death Metal,Peace Love Death Metal,Rockin',12813,blues,61,0.992,0.549,0.196,0.877,2.64,0
3MjrueDQKVr6xDDseZwhEd,Figure It Out,Royal Blood,Royal Blood,Rockin',12813,alt-rock,0,0.817,0.657,0.248,0.651,3.07,0
75ARkUKb54dQ86YezuoNhn,Hate To Say I Told You So,The Hives,Veni Vidi Vicious,Rockin',12813,garage,69,0.931,0.459,0.412,0.419,3.33,0
7JOizhmt3HlBgQyJEa0AgK,Short Change Hero,The Heavy,The House That Dirt Built,Rockin',12813,blues,60,0.64,0.68,0.124,0.738,5.37,0
2NPHU2WJaI3rrtCNNuQ8L1,Raise Hell,Dorothy,ROCKISDEAD,Rockin',12813,blues,61,0.693,0.547,0.523,0.716,3.03,0
7FqrsV0vBwNiQNQI6jfzni,Old Number Seven,The Devil Makes Three,The Devil Makes Three,Rockin',12813,bluegrass,60,0.427,0.571,0.1,0.894,3.35,0
4kbj5MwxO1bq9wjT5g9HaA,Shut Up and Dance,WALK THE MOON,TALKING IS HARD,workout,12815,alt-rock,83,0.866,0.578,0.257,0.619,3.32,0
3CRDbSIZ4r5MsZ0YwxuEkn,Stressed Out,Twenty One Pilots,Blurryface,workout,12815,rock,85,0.637,0.734,0.0602,0.648,3.37,0
4LXDHgBC1mbz3uoehYxH9b,"Whenever, Wherever",Shakira,Laundry Service (Alben für die Ewigkeit),workout,12815,latin,75,0.832,0.794,0.203,0.871,3.27,0
2TRFIQpTqq12xGpFJEr0Ft,Worth It,Fifth Harmony,Reflection,workout,12815,dance,64,0.78,0.858,0.133,0.602,3.74,0
6g1NlCpW7fgqDnWbCCDrHl,Wake Me Up - Radio Edit,Avicii,True,workout,12815,dance,1,0.807,0.524,0.212,0.62,4.12,0
7wMq5n8mYSKlQIGECKUgTX,Hall of Fame,The Script,#3 Deluxe Version,workout,12815,rock,60,0.872,0.511,0.0975,0.511,3.38,0
3pfXxHoydFRfD7IBGJTQAN,Pony,Ginuwine,R&B: From Doo-Wop To Hip-Hop,workout,12815,soul,73,0.605,0.749,0.115,0.966,4.2,0
6Uy6K3KdmUdAfelUp0SeXn,Brave,Sara Bareilles,The Blessed Unrest,workout,12815,acoustic,70,0.836,0.551,0.0425,0.758,3.68,0
7b4yGtR0rujvLi5EBfKKJ2,Take Me Home Tonight,Eddie Money,Can'T Hold Back,workout,12815,hard-rock,70,0.768,0.608,0.0942,0.748,3.52,0
3SqOC9IRDYGSq9cH6K2GQI,The Anthem,Good Charlotte,Good Charlotte/The Young And The Hopeless,workout,12815,metal,74,0.939,0.494,0.139,0.893,2.92,0
5rX6C5QVvvZB7XckETNych,All Summer Long,Kid Rock,Rock N Roll Jesus,workout,12815,alternative,0,0.865,0.701,0.0956,0.88,4.96,0
1kusepF3AacIEtUTYrw4GV,Paper Planes,M.I.A.,Kala,workout,12815,indie-pop,77,0.848,0.447,0.65,0.485,3.4,0
1yKu2MhpwzDXXH2tzG6xoa,Beverly Hills,Weezer,Make Believe,workout,12815,power-pop,71,0.823,0.693,0.328,0.741,3.27,0
7iL6o9tox1zgHpKUfh9vuC,In Da Club,50 Cent,Get Rich Or Die Tryin',workout,12815,hip-hop,83,0.713,0.899,0.0708,0.777,3.22,1
5oQcOu1omDykbIPSdSQQNJ,1985,Bowling For Soup,A Hangover You Don't Deserve,workout,12815,punk-rock,71,0.887,0.606,0.337,0.903,3.22,0
6ihL9TjfRjadfEePzXXyVF,Gives You Hell,The All-American Rejects,When The World Comes Down,workout,12815,punk-rock,0,0.675,0.725,0.0537,0.595,3.55,0
0k2GOhqsrxDTAbFFSdNJjT,Temperature,Sean Paul,The Trinity,workout,12815,dance,79,0.6,0.951,0.0712,0.822,3.64,0
1rsAFUCa6BVMgRQ3FCQQsi,Boss,Lil Pump,Lil Pump,Luke,12816,emo,61,0.789,0.803,0.378,0.647,1.77,0
6gBFPUFcJLzWGx4lenP6h2,goosebumps,Travis Scott,Birds In The Trap Sing McKnight,Luke,12816,hip-hop,84,0.728,0.841,0.149,0.43,4.06,0
5ByAIlEEnxYdvpnezg7HTX,Juicy,The Notorious B.I.G.,Ready To Die The Remaster,Luke,12816,hardcore,62,0.767,0.887,0.0527,0.607,5.04,1
43ZyHQITOjhciSUUNPVRHc,Gucci Gang,Lil Pump,Lil Pump,Luke,12816,emo,64,0.523,0.936,0.117,0.699,2.07,0
2d8JP84HNLKhmd6IYOoupQ,Trap Queen,Fetty Wap,Fetty Wap,Do It Again,12817,j-dance,74,0.873,0.746,0.354,0.817,3.7,0
1iuljeYz6ZG3GTJOZZkoer,RGF Island,Fetty Wap,Fetty Wap,Do It Again,12817,j-dance,59,0.764,0.746,0.0867,0.518,2.9,0
01XFgRZfZI7oBagNf1Loml,Harlem Shake,Baauer,Harlem Shake,Do It Again,12817,electronic,58,0.794,0.452,0.416,0.282,3.28,0
62vpWI1CHwFy7tMIcSStl8,No Role Modelz,J. Cole,2014 Forest Hills Drive,Do It Again,12817,hip-hop,88,0.521,0.69,0.0534,0.494,4.88,0
4IFQXeJ1vj7YoQzshOKywQ,Toi Et Moi,Paradis,Recto Verso,nov/16,12818,disco,60,0.76,0.703,0.111,0.608,3.68,0
5RGf8qn1TBWVplLyyKUsuV,Blood Sweat & Tears,BTS,Wings,nov/16,12818,k-pop,75,0.885,0.584,0.357,0.605,3.62,0
1nMbZ9OsVNSLEyijI80EST,TT,TWICE,Twicecoaster:lane1,nov/16,12818,k-pop,68,0.852,0.708,0.399,0.396,3.55,0
6RioKpKPuG1vuyU0wnlAZx,21st Century Girl,BTS,Wings,nov/16,12818,k-pop,65,0.906,0.716,0.0547,0.763,3.21,0
6KQSeSPqBa15gMWLO1fdkk,Begin,BTS,Wings,nov/16,12818,k-pop,66,0.842,0.566,0.141,0.308,3.83,0
62c60jSWnJWI4EImxeNeSW,Intro: Boy Meets Evil,BTS,Wings,nov/16,12818,k-pop,64,0.89,0.573,0.132,0.242,2.03,0
3esjTrpXxTrJkCVjrQpcDB,Girl,Jamie xx,In Colour,nov/16,12818,garage,50,0.603,0.359,0.197,0.467,4.09,0
5IfdDiOJitysgex3qEL0bn,$50 Dollars and a Flask of Crown,Bleu Edmondson,Southland,Red dirt,12819,country,43,0.695,0.748,0.246,0.876,3.43,0
1esj1LFgfyFRbU5brtALfE,Crazy Eddie's Last Hurrah,Reckless Kelly,The Day,Red dirt,12819,country,43,0.87,0.53,0.367,0.735,3.42,0
59Yb6w8DywcHViQUsd85Go,Stockyards,Casey Donahew,Lost Days,Red dirt,12819,country,46,0.622,0.708,0.0735,0.777,3.07,0
24NwBd5vZ2CK8VOQVnqdxr,Sweet Emotion,Aerosmith,Toys In The Attic,random,12820,hard-rock,74,0.76,0.38,0.104,0.491,4.57,0
6zeE5tKyr8Nu882DQhhSQI,Dust in the Wind,Kansas,Point Of Know Return,random,12820,hard-rock,78,0.322,0.475,0.11,0.387,3.44,0
7o2CTH4ctstm8TNelqjb51,Sweet Child O' Mine,Guns N' Roses,Appetite For Destruction,random,12820,hard-rock,84,0.91,0.454,0.116,0.629,5.93,0
0bVtevEgtDIeRjCJbK3Lmv,Welcome To The Jungle,Guns N' Roses,Appetite For Destruction,random,12820,hard-rock,80,0.954,0.447,0.298,0.331,4.57,0
5eek2X5459T1HoYJk2CKXv,Last Resort,Papa Roach,Infest,random,12820,alt-rock,80,0.89,0.589,0.201,0.692,3.33,0
5kr3j5Clb9rjEposoMyLVt,Welcome to Paradise,Green Day,Dookie,random,12820,punk,69,0.96,0.37,0.0563,0.717,3.74,0
5ghIJDpPoe3CfHMGu71E6T,Smells Like Teen Spirit,Nirvana,Nevermind,random,12820,alt-rock,83,0.912,0.502,0.106,0.72,5.03,0
1TEZWG1FdjzDdercCguTwj,Nookie,Limp Bizkit,Significant Other,random,12820,metal,69,0.929,0.573,0.718,0.284,4.83,0
3RlsVPIIs5KFhLFhxZ4iDF,Rockstar,Nickelback,All The Right Reasons,random,12820,alt-rock,70,0.91,0.616,0.343,0.693,4.2,0
3yrSvpt2l1xhsV9Em88Pul,Brown Eyed Girl,Van Morrison,Blowin' Your Mind!,random,12820,folk,80,0.583,0.491,0.406,0.908,3.06,0
1JO1xLtVc8mWhIoE3YaCL0,Happy Together,The Turtles,Happy Together,random,12820,folk,76,0.367,0.584,0.0818,0.588,2.94,0
2IgLwduDgZ1sQ7JY4oMvq1,The Joker,Steve Miller Band,Live From Chicago,random,12820,blues,0,0.448,0.596,0.207,0.796,4.49,0
7oVEtyuv9NBmnytsCIsY5I,BURN IT DOWN,Linkin Park,LIVING THINGS,random,12820,alternative,75,0.972,0.585,0.0707,0.585,3.84,0
3Vby4nGmtbDo7HDJamOWkT,Stuck In The Middle With You,Stealers Wheel,Stealers Wheel,random,12820,folk,0,0.759,0.768,0.0531,0.96,3.48,0
3G7tRC24Uh09Hmp1KZ7LQ2,I'm a Believer,The Monkees,More Of The Monkees (Deluxe Edition),random,12820,psych-rock,57,0.772,0.502,0.199,0.935,2.79,0
08mG3Y1vljYA6bvDt4Wqkj,Back In Black,AC/DC,Back In Black,random,12820,hard-rock,85,0.7,0.31,0.0828,0.763,4.26,0
6YUTL4dYpB9xZO5qExPf05,Summer,Calvin Harris,Motion,2014,12822,electro,82,0.856,0.596,0.141,0.743,3.71,0
4VrWlk8IQxevMvERoX08iC,Chandelier,Sia,1000 Forms Of Fear,2014,12822,dance,80,0.787,0.399,0.0685,0.572,3.6,0
0IqKeD8ZSP72KbGYyzEcAs,Take Me To Church,Hozier,Hozier,2014,12822,singer-songwriter,83,0.664,0.566,0.116,0.437,4.03,0
6sDQ4uiWw9OdVrCXFLSlZt,Rap God,Eminem,The Marshall Mathers LP2,Rap,12823,hip-hop,78,0.843,0.708,0.799,0.625,6.06,1
7KXjTSCq5nL1LoYtL7XAwS,HUMBLE.,Kendrick Lamar,DAMN.,Rap,12823,hip-hop,84,0.621,0.908,0.0958,0.421,2.95,1
0bVtevEgtDIeRjCJbK3Lmv,Welcome To The Jungle,Guns N' Roses,Appetite For Destruction,Classics,12824,hard-rock,80,0.954,0.447,0.298,0.331,4.57,0
7o2CTH4ctstm8TNelqjb51,Sweet Child O' Mine,Guns N' Roses,Appetite For Destruction,Classics,12824,hard-rock,84,0.91,0.454,0.116,0.629,5.93,0
3YBZIN3rekqsKxbJc9FZko,Paradise City,Guns N' Roses,Appetite For Destruction,Classics,12824,hard-rock,79,0.952,0.273,0.142,0.472,6.82,0
53968oKecrFxkErocab2Al,November Rain,Guns N' Roses,Use Your Illusion I,Classics,12824,hard-rock,81,0.641,0.294,0.112,0.226,8.96,0
0QyIxB3MqUoSQX0kBjG6NO,Sweet Emotion,Aerosmith,Aerosmith's Greatest Hits,Classics,12824,hard-rock,74,0.76,0.38,0.104,0.491,3.21,0
4BGJSbB5rAcg4pNzD4gfxU,Tiny Dancer,Elton John,Madman Across The Water,Classics,12824,piano,78,0.428,0.414,0.148,0.282,6.28,0
5Wj1rJnCLpMHdLaxsFtJLs,Bennie And The Jets - Remastered 2014,Elton John,Goodbye Yellow Brick Road,Classics,12824,piano,74,0.673,0.665,0.497,0.779,5.38,0
78WVLOP9pN0G3gRLFy1rAa,Piano Man,Billy Joel,Piano Man,Classics,12824,folk,77,0.55,0.331,0.192,0.429,5.6,0
6yjKlmm7vOszkXEUku1EM1,New York State of Mind,Billy Joel,Turnstiles,Classics,12824,piano,63,0.373,0.506,0.323,0.194,6.04,0
1xOXXYh6lTW8laxlW7JP2J,Only the Good Die Young,Billy Joel,The Stranger (30th Anniversary Legacy Edition),Classics,12824,piano,68,0.872,0.579,0.0935,0.761,3.93,0
305WCRhhS10XUcH6AEwZk6,Are You Gonna Be My Girl,Jet,Get Born,Classics,12824,alt-rock,1,0.95,0.598,0.154,0.577,3.56,0
5oQcOu1omDykbIPSdSQQNJ,1985,Bowling For Soup,A Hangover You Don't Deserve,Classics,12824,punk-rock,71,0.887,0.606,0.337,0.903,3.22,0
6gQUbFwwdYXlKdmqRoWKJe,Dude (Looks Like A Lady),Aerosmith,Permanent Vacation,Classics,12824,hard-rock,71,0.982,0.54,0.0457,0.91,4.43,0
1hJrWWK74fKL7eeV3CFOvF,Sweet Virginia,The Rolling Stones,Exile On Main Street,Classics,12824,british,57,0.74,0.477,0.263,0.56,4.44,0
4gvea7UlDkAvsJBPZAd4oB,The Boys Of Summer,Don Henley,Building The Perfect Beast,Classics,12824,country,1,0.775,0.516,0.21,0.858,4.81,0
2IgLwduDgZ1sQ7JY4oMvq1,The Joker,Steve Miller Band,Live From Chicago,Classics,12824,blues,0,0.448,0.596,0.207,0.796,4.49,0
4sFbojhVXQv7dBC9PVCcRn,Sympathy For The Devil,The Rolling Stones,Beggars Banquet,Classics,12824,british,1,0.67,0.636,0.0453,0.572,6.3,0
27L8sESb3KR79asDUBu8nW,Stacy's Mom,Fountains Of Wayne,Welcome Interstate Managers,Classics,12824,alt-rock,76,0.75,0.774,0.0808,0.927,3.3,0
4aWn4NHlELpOehxsBaQeoe,Don't You (Forget About Me),Simple Minds,Once Upon A Time,Classics,12824,synth-pop,2,0.858,0.638,0.333,0.743,4.38,0
71SvEDmsOwIWw1IozsZoMA,Any Way You Want It,Journey,Departure,Classics,12824,hard-rock,73,0.932,0.529,0.136,0.571,3.36,0
3FmAUR4SPWa3P1KyDf21Fu,Roxanne - Remastered 2003,The Police,Outlandos D'Amour,Classics,12824,rock,2,0.752,0.615,0.0479,0.66,3.19,0
2WfaOiMkCvy7F5fcp2zZ8L,Take On Me,a-ha,Hunting High And Low,Classics,12824,synth-pop,0,0.931,0.524,0.0588,0.811,3.75,0
5Z8EDau8uNcP1E8JvmfkZe,School's Out,Alice Cooper,School's Out,Classics,12824,hard-rock,0,0.745,0.292,0.675,0.347,3.5,0
0RFgvrhkf9FiDRLA0BhzpZ,Drift Away,Uncle Kracker,No Stranger To Shame,Classics,12824,country,1,0.66,0.584,0.0979,0.868,4.26,0
1bp2IO61zbQrbWNmKKxg3f,The Joker,Steve Miller Band,The Joker,Classics,12824,blues,0,0.448,0.596,0.207,0.796,4.41,0
3zByVQLvdXUaDTubfWkpCk,Sweet Caroline,Neil Diamond,Sweet Caroline,Classics,12824,folk,78,0.127,0.529,0.237,0.578,3.39,0
6N1EjQjnvhOjFrF6oUmGPa,Summer Of '69,Bryan Adams,Reckless,Classics,12824,rock,82,0.834,0.508,0.0732,0.774,3.62,0
0EMmVUYs9ZZRHtlADB88uz,Come On Eileen,Dexys Midnight Runners,Too Rye Ay,Classics,12824,ska,2,0.769,0.45,0.306,0.604,4.79,0
0svl7cK07gK1ia5ainczU5,Break Ya Neck,Busta Rhymes,Genesis,hophip,12825,hardcore,69,0.809,0.82,0.0613,0.737,3.85,0
3dSGqXMll4UJUohLANG0ce,Do For Love,2Pac,R U Still Down? [Remember Me],hophip,12825,funk,75,0.63,0.874,0.0582,0.717,4.69,0
6iBaw0T7b3pTmMH1eMrul0,Bad Girls,M.I.A.,Matangi,hophip,12825,indie-pop,76,0.912,0.639,0.097,0.343,3.79,0
25khomWgBVamSdKw7hzm3l,The Hills,The Weeknd,Beauty Behind The Madness,hophip,12825,pop,3,0.551,0.565,0.139,0.125,4.04,0
2qOm7ukLyHUXWyR4ZWLwxA,It Was A Good Day,Ice Cube,The Predator,hophip,12825,funk,82,0.744,0.798,0.292,0.794,4.33,0
65iyI1iybyv5ecsfBHSdUf,Gangsta Nation,Westside Connection,Terrorist Threats,hophip,12825,hardcore,67,0.7,0.843,0.876,0.675,4.88,0
33ZXjLCpiINn8eQIDYEPTD,"Shook Ones, Pt. II",Mobb Deep,The Infamous,hophip,12825,hardcore,76,0.786,0.763,0.0817,0.504,5.43,0
4G3dZN9o3o2X4VKwt4CLts,Passin' Me By,The Pharcyde,Bizarre Ride II The Pharcyde,hophip,12825,hardcore,70,0.756,0.759,0.265,0.613,5.06,0
0VgkVdmE4gld66l8iyGjgx,Mask Off,Future,FUTURE,hophip,12825,hip-hop,83,0.434,0.833,0.165,0.281,3.41,0
6gBFPUFcJLzWGx4lenP6h2,goosebumps,Travis Scott,Birds In The Trap Sing McKnight,hophip,12825,hip-hop,84,0.728,0.841,0.149,0.43,4.06,0
6tDxrq4FxEL2q15y37tXT9,Dear Mama,2Pac,Me Against The World,hophip,12825,funk,72,0.54,0.773,0.131,0.322,4.67,0
0iTpQYzJnYgh7kIxyq8A2O,Two Weeks,Grizzly Bear,Veckatimest,Current Favorites,12826,chill,71,0.712,0.537,0.08,0.704,4.05,0
6IE47jpPeatF2Iay7GZtEc,Feel It All Around,Washed Out,Life Of Leisure,Current Favorites,12826,synth-pop,63,0.737,0.34,0.0699,0.499,3.2,0
4ebcE2SmkG7nplvzFAWRu7,What I Like About You,The Romantics,The Romantics,Current Favorites,12826,power-pop,69,0.942,0.514,0.17,0.912,2.92,0
2dEJE18eoskLm4bjSW6kmY,Put Your Records On,Corinne Bailey Rae,Corinne Bailey Rae,Current Favorites,12826,british,0,0.506,0.736,0.134,0.563,3.56,0
1yJZwBqTyGTB7mz8nZyiel,Barcelona,George Ezra,Wanted On Voyage,Current Favorites,12826,folk,67,0.572,0.629,0.109,0.182,3.15,0
2Zgnaip1c876zmBhz9HifI,Blame It on Me,George Ezra,Wanted On Voyage,Current Favorites,12826,singer-songwriter,68,0.757,0.537,0.341,0.421,3.26,0
1mr3616BzLdhXfJmLmRsO8,Fireflies,Owl City,Ocean Eyes,Current Favorites,12826,indie-pop,79,0.662,0.512,0.118,0.472,3.81,0
7rqyZM53JpYj86avtfmyeg,My Type,Saint Motel,My Type,Current Favorites,12826,alt-rock,70,0.896,0.595,0.0748,0.567,3.44,0
7DfFc7a6Rwfi3YQMRbDMau,Thinkin Bout You,Frank Ocean,channel ORANGE,Current Favorites,12826,soul,78,0.339,0.721,0.0973,0.2,3.35,0
7qiZfU4dY1lWllzX7mPBI3,Shape of You,Ed Sheeran,÷,Current Favorites,12826,pop,86,0.652,0.825,0.0931,0.931,3.9,0
1jNOi6m3Hn8nLEeHCp5Msr,Seven Nation Army,The White Stripes,Elephant,Current Favorites,12826,alt-rock,84,0.446,0.743,0.337,0.278,3.86,0
5b9iBVhfYxDF4JJcHrNIx5,Gooey,Glass Animals,ZABA,Current Favorites,12826,indie-pop,71,0.369,0.487,0.0925,0.106,4.82,1
3Z9PJ6xiEGmcqo2hESEB5n,Bitter Sweet Symphony,The Verve,Urban Hymns,Current Favorites,12826,alt-rock,80,0.917,0.356,0.406,0.518,5.95,0
3CRDbSIZ4r5MsZ0YwxuEkn,Stressed Out,Twenty One Pilots,Blurryface,Chaos,12827,rock,85,0.637,0.734,0.0602,0.648,3.37,0
6Fha6tXHkL3r9m9nNqQG8p,Georgia,Vance Joy,Dream Your Life Away,50,12828,folk,62,0.66,0.388,0.0943,0.401,3.84,0
13PUJCvdTSCT1dn70tlGdm,"Welcome Home, Son",Radical Face,Ghost,sleep,12830,folk,71,0.497,0.587,0.142,0.401,4.76,0
3ZMv9EzGoteNi5Qnx0KpEO,Skinny Love,Bon Iver,"For Emma, Forever Ago",sleep,12830,folk,73,0.263,0.592,0.127,0.109,3.87,0
2Cx61IzUXPJyhv3GzGtsZ3,Tiger Striped Sky,Roo Panes,Little Giant,sleep,12830,british,62,0.317,0.473,0.11,0.132,4.03,0
7yvxnSAfrtFBtbyauKU8PO,All My Days,Alexi Murdoch,Time Without Consequence,sleep,12830,british,57,0.319,0.438,0.106,0.529,4.96,0
6xjxMWGsprmtUVMDaMhgH0,Grow Old with Me,Tom Odell,Long Way Down (Deluxe),sleep,12830,chill,59,0.591,0.505,0.174,0.39,3.05,0
1yJZwBqTyGTB7mz8nZyiel,Barcelona,George Ezra,Wanted On Voyage,sleep,12830,folk,67,0.572,0.629,0.109,0.182,3.15,0
1XQnZTR0ER8y5fGO17uX1R,Holocene,Bon Iver,Bon Iver,sleep,12830,folk,66,0.304,0.374,0.126,0.147,5.61,0
0Qw7qGuXlVBZLcfoQ17yZn,Old Pine,Ben Howard,Every Kingdom,sleep,12830,british,68,0.364,0.401,0.162,0.224,5.48,0
37EJtTS7jT5WUyXGZzrwnI,Santa Monica,Everclear,Sparkle And Fade,90's,12831,alt-rock,0,0.942,0.491,0.367,0.398,3.19,0
3cfOd4CMv2snFaKAnMdnvK,All Star,Smash Mouth,Astro Lounge,90's,12831,alt-rock,0,0.867,0.731,0.0861,0.776,3.34,0
5DiXcVovI0FcY2s0icWWUu,Mr. Jones,Counting Crows,August And Everything After,90's,12831,alt-rock,0,0.836,0.571,0.182,0.73,4.54,0
0LWINYMC4s8QTdDSb1B3Q3,Hanginaround,Counting Crows,This Desert Life,90's,12831,alt-rock,0,0.781,0.514,0.731,0.717,4.12,0
5YScXJKtefsgdskIy60N7A,Tubthumping,Chumbawamba,Tubthumper,90's,12831,punk,2,0.871,0.608,0.363,0.61,4.65,0
3CRDbSIZ4r5MsZ0YwxuEkn,Stressed Out,Twenty One Pilots,Blurryface,the best songs ,12832,rock,85,0.637,0.734,0.0602,0.648,3.37,0
73Qlt0XuhuYzEigjitm2ze,Cool for the Summer,Demi Lovato,Confident,the best songs ,12832,dance,81,0.61,0.583,0.14,0.336,3.58,0
3yfqSUWxFvZELEM4PmlwIR,The Real Slim Shady,Eminem,The Marshall Mathers LP,the best songs ,12832,hip-hop,87,0.661,0.949,0.0454,0.76,4.74,1
6sDQ4uiWw9OdVrCXFLSlZt,Rap God,Eminem,The Marshall Mathers LP2,the best songs ,12832,hip-hop,78,0.843,0.708,0.799,0.625,6.06,1
6i0V12jOa3mr6uu4WYhUBr,Heathens,Twenty One Pilots,Heathens,the best songs ,12832,rock,81,0.396,0.732,0.105,0.548,3.27,0
03f7xZmt2wHCIDJBFPK8G4,Soap,Melanie Martinez,Cry Baby,the best songs ,12832,electro,0,0.689,0.594,0.129,0.209,3.49,0
6wNeKPXF0RDKyvfKfri5hf,Dollhouse,Melanie Martinez,Cry Baby,the best songs ,12832,electro,74,0.708,0.725,0.777,0.555,3.86,0
360Wr96ywrCQq4kTAJ8Pq6,Pacify Her,Melanie Martinez,Cry Baby,the best songs ,12832,electro,0,0.593,0.576,0.237,0.366,3.67,0
7qiZfU4dY1lWllzX7mPBI3,Shape of You,Ed Sheeran,÷,the best songs ,12832,pop,86,0.652,0.825,0.0931,0.931,3.9,0
4Hf7WnR761jpxPr5D46Bcd,Treat You Better,Shawn Mendes,Illuminate,the best songs ,12832,dance,84,0.819,0.444,0.107,0.747,3.13,0
3hB5DgAiMAQ4DzYbsMq1IT,Love Yourself,Justin Bieber,Purpose,the best songs ,12832,pop,84,0.378,0.609,0.28,0.515,3.9,0
3gbBpTdY8lnQwqxNCcf795,Pompeii,Bastille,Bad Blood,the best songs ,12832,rock,1,0.711,0.68,0.241,0.571,3.57,0
4VrWlk8IQxevMvERoX08iC,Chandelier,Sia,1000 Forms Of Fear,the best songs ,12832,dance,80,0.787,0.399,0.0685,0.572,3.6,0
7wMq5n8mYSKlQIGECKUgTX,Hall of Fame,The Script,#3 Deluxe Version,the best songs ,12832,rock,60,0.872,0.511,0.0975,0.511,3.38,0
1CkvWZme3pRgbzaxZnTl5X,Rolling in the Deep,Adele,21,the best songs ,12832,british,81,0.769,0.73,0.0473,0.507,3.8,0
2ihCaVdNZmnHZWt0fvAM7B,Little Talks,Of Monsters and Men,My Head Is An Animal,the best songs ,12832,folk,0,0.76,0.446,0.319,0.346,4.44,0
2bRXehD283NioREYxlohc4,Lights - Single Version,Ellie Goulding,Bright Lights,the best songs ,12832,dance,0,0.802,0.681,0.127,0.791,3.51,0
6YUTL4dYpB9xZO5qExPf05,Summer,Calvin Harris,Motion,the best songs ,12832,electro,82,0.856,0.596,0.141,0.743,3.71,0
72jbDTw1piOOj770jWNeaG,Paris,The Chainsmokers,Memories...Do Not Open,the best songs ,12832,dance,74,0.658,0.653,0.0939,0.219,3.69,0
1mr3616BzLdhXfJmLmRsO8,Fireflies,Owl City,Ocean Eyes,the best songs ,12832,indie-pop,79,0.662,0.512,0.118,0.472,3.81,0
0KKkJNfGyhkQ5aFogxQAPU,That's What I Like,Bruno Mars,24K Magic,the best songs ,12832,dance,83,0.56,0.853,0.0944,0.86,3.44,0
7i2DJ88J7jQ8K7zqFX2fW8,Now Or Never,Halsey,hopeless fountain kingdom,the best songs ,12832,indie-pop,67,0.585,0.67,0.131,0.447,3.58,0
7KXjTSCq5nL1LoYtL7XAwS,HUMBLE.,Kendrick Lamar,DAMN.,the best songs ,12832,hip-hop,84,0.621,0.908,0.0958,0.421,2.95,1
0VgkVdmE4gld66l8iyGjgx,Mask Off,Future,FUTURE,the best songs ,12832,hip-hop,83,0.434,0.833,0.165,0.281,3.41,0
5uCax9HTNlzGybIStD3vDh,Say You Won't Let Go,James Arthur,Back from the Edge,the best songs ,12832,pop,85,0.557,0.358,0.0902,0.494,3.52,0
3Q3myFA7q4Op95DOpHplaY,do re mi,blackbear,digital druglord,the best songs ,12832,electro,73,0.593,0.745,0.123,0.17,3.53,0
1oew3nFNY3vMacJAsvry0S,Me And My Broken Heart,Rixton,Let The Road,the best songs ,12832,dance,79,0.783,0.545,0.132,0.551,3.23,0
3yfqSUWxFvZELEM4PmlwIR,The Real Slim Shady,Eminem,The Marshall Mathers LP,rap playlist,12833,hip-hop,87,0.661,0.949,0.0454,0.76,4.74,1
3PvzvltQZLIKk9YgoMP3Yq,The Mother We Share,CHVRCHES,The Bones Of What You Believe,Best of 2013,12834,synth-pop,51,0.722,0.462,0.127,0.327,3.17,0
2vW5tqS1EFel9yYOQ7WZmE,Ex's & Oh's,Elle King,Love Stuff,Shower,12835,blues,73,0.921,0.612,0.0576,0.446,3.37,0
4ECNtOnqzxutZkXP4TE3n3,Separate Ways (Worlds Apart),Journey,Frontiers,Shower,12835,hard-rock,74,0.962,0.451,0.277,0.377,5.4,0
3hB5DgAiMAQ4DzYbsMq1IT,Love Yourself,Justin Bieber,Purpose,Shower,12835,pop,84,0.378,0.609,0.28,0.515,3.9,0
0PjyOURxQ6wiHaBYXf53G2,Healing Begins,Tenth Avenue North,The Light Meets The Dark,Worship,12837,world-music,44,0.583,0.541,0.102,0.276,3.95,0
6jAAYLKxXPyeEoddXu6Gf7,Worn,Tenth Avenue North,The Struggle,Worship,12837,world-music,50,0.42,0.51,0.102,0.19,4.07,0
7wgzG5AFCpAmU80Buk9i0j,Above All - Live,Michael W. Smith,The Second Decade 1993-2003,Worship,12837,world-music,48,0.329,0.405,0.541,0.168,4.56,0
5AcdaSVQfLcUKMaqchfBie,My Lighthouse,Rend Collective,The Art Of Celebration,Worship,12837,world-music,61,0.805,0.545,0.781,0.727,3.74,0
06yQb4UTUcjerrSKmpA0zp,Cornerstone - Studio Version,Hillsong Worship,Cornerstone (Deluxe Edition) [Live],Worship,12837,world-music,37,0.794,0.388,0.0957,0.328,3.45,0
1W7zkKgRv9mrLbfdQ8XyH3,Gangsta,Kehlani,Suicide Squad: The Album,Kick Back,12838,dance,60,0.356,0.447,0.318,0.174,2.95,1
03RENvqJKYdvWUhbuZwJY3,Jubel,Klingande,Ultra Deep House,Kick Back,12838,deep-house,58,0.476,0.698,0.0542,0.181,4.3,0
1mia2jUSO5ea1Pe7xmsLV0,Indian Summer,Jai Wolf,Indian Summer,Kick Back,12838,edm,58,0.825,0.435,0.0845,0.0425,4.14,0
5Ce9z7GqSknXccyppRxNLY,Thief,Ookay,Thief,Kick Back,12838,dub,57,0.797,0.57,0.11,0.212,4.0,0
6HUnnBwYZqcED1eQztxMBN,Solo Dance,Martin Jensen,Solo Dance,Kick Back,12838,edm,69,0.846,0.746,0.195,0.403,2.92,0
7KXjTSCq5nL1LoYtL7XAwS,HUMBLE.,Kendrick Lamar,DAMN.,Kick Back,12838,hip-hop,84,0.621,0.908,0.0958,0.421,2.95,1
567EwOGPAXg7Y9DQZTEFEE,Here I Go Again,Whitesnake,Saint's and Sinners [Remastered],the classics,12840,british,58,0.877,0.484,0.14,0.687,5.14,0
3fkPMWQ6cBNBLuFcPyMS8s,Burnin' for You,Blue Öyster Cult,Fire of Unknown Origin,the classics,12840,blues,67,0.728,0.532,0.0849,0.69,4.52,0
3vV3cr2TpPqFk07zxYUbla,Cum on Feel the Noize,Quiet Riot,Metal Health,the classics,12840,hard-rock,72,0.92,0.409,0.0823,0.37,4.85,0
3YBZIN3rekqsKxbJc9FZko,Paradise City,Guns N' Roses,Appetite For Destruction,the classics,12840,hard-rock,79,0.952,0.273,0.142,0.472,6.82,0
72WZtWs6V7uu3aMgMmEkYe,You Can't Always Get What You Want,The Rolling Stones,Let It Bleed,the classics,12840,british,68,0.62,0.32,0.253,0.472,7.48,0
39shmbIHICJ2Wxnk1fPSdz,Should I Stay or Should I Go - Remastered,The Clash,Combat Rock,the classics,12840,punk-rock,80,0.836,0.743,0.384,0.82,3.15,0
1bdXMstfxFWYSkEFTnJMoN,Enter Sandman,Metallica,Metallica,the classics,12840,hard-rock,81,0.828,0.577,0.0581,0.604,5.52,0
4alHo6RGd0D3OUbTPExTHN,Just What I Needed,The Cars,The Cars,the classics,12840,hard-rock,0,0.627,0.64,0.0764,0.793,3.76,0
4DMKwE2E2iYDKY01C335Uw,Carry on Wayward Son,Kansas,Leftoverture,the classics,12840,hard-rock,76,0.786,0.482,0.446,0.793,5.38,0
3NLrRZoMF0Lx6zTlYqeIo4,Here Without You,3 Doors Down,Away From The Sun,the classics,12840,alt-rock,0,0.545,0.556,0.124,0.193,3.98,0
7b4yGtR0rujvLi5EBfKKJ2,Take Me Home Tonight,Eddie Money,Can'T Hold Back,the classics,12840,hard-rock,70,0.768,0.608,0.0942,0.748,3.52,0
7o2CTH4ctstm8TNelqjb51,Sweet Child O' Mine,Guns N' Roses,Appetite For Destruction,the classics,12840,hard-rock,84,0.91,0.454,0.116,0.629,5.93,0
3iVAyrTlbWGBq0laeQ18z2,Walking On A Dream,Empire of the Sun,Walking On A Dream,August 2013,12841,alt-rock,79,0.701,0.871,0.0589,0.716,3.31,0
6r7FXNO57mlZCBY6PXcZZT,Five Hours,Deorro,Five Hours,August 2013,12841,progressive-house,61,0.821,0.88,0.234,0.575,5.45,0
3RJuptH9QoeJWzHd4ZCI0u,Lullabies - Adventure Club Remix,Yuna,Lullabies,August 2013,12841,malay,52,0.698,0.403,0.256,0.0833,4.22,0
4i13Vno2UPtn6kp2Ge9N2J,New Theory,Washed Out,Life Of Leisure,August 2013,12841,synth-pop,53,0.865,0.549,0.147,0.355,2.81,0
5dKyZWlgjWw1oJgLa4GCZD,Cool Girl,Tove Lo,Lady Wood,August 2013,12841,electro,0,0.695,0.66,0.0752,0.204,3.32,1
06UPCXzhIsXnceSXmKLMEY,Ether,Nas,Stillmatic,rap,12842,hardcore,55,0.831,0.573,0.0909,0.766,4.63,0
5ZVujHtwnsqFJvLnqRSdch,Bad Karma,Axel Thesleff,Bad Karma,rap,12842,edm,63,0.546,0.7,0.172,0.302,6.93,0
7ottDUMz3VomUN2Ln9FWdI,Choices,George Jones,Cold Hard Truth,slow country,12843,honky-tonk,19,0.349,0.476,0.0805,0.316,3.44,0
5lXX4SAV6HBaVnZ6sUQPNE,The Grand Tour,George Jones,George Jones - 16 Biggest Hits,slow country,12843,honky-tonk,29,0.214,0.482,0.287,0.442,3.12,0
5hc71nKsUgtwQ3z52KEKQk,Somebody Else,The 1975,"I like it when you sleep, for you are so beautiful yet so unaware of it",in my head ,12844,alt-rock,73,0.793,0.618,0.126,0.459,5.79,0
7LX4aXtvImhdgUHQBlo8Kp,K.,Cigarettes After Sex,Cigarettes After Sex,in my head ,12844,ambient,78,0.4,0.454,0.137,0.327,5.33,0
3PvzvltQZLIKk9YgoMP3Yq,The Mother We Share,CHVRCHES,The Bones Of What You Believe,in my head ,12844,synth-pop,51,0.722,0.462,0.127,0.327,3.17,0
1GNBUGLY90p5vP6z1eEA7k,Milk & Honey,Billie Marten,Writing of Blues and Yellows (Deluxe Version),in my head ,12844,british,52,0.563,0.291,0.11,0.457,3.98,0
7IWkJwX9C0J7tHurTD7ViL,When We Were Young,Adele,25,chill,12845,british,79,0.595,0.376,0.095,0.265,4.85,0
2D4BSm5Z8Hq5zYbSgJwEOh,She Used To Be Mine,Sara Bareilles,What's Inside: Songs from Waitress,chill,12845,acoustic,67,0.303,0.397,0.101,0.172,4.17,0
2d9totnSVmmczPtHFl8Ys6,Sleep On The Floor,The Lumineers,Cleopatra,chill,12845,folk,70,0.431,0.389,0.13,0.275,3.53,0
5eXnC2B5RU5fAhfwvV2ABD,Oceans,Seafret,Tell Me It's Real (Deluxe),chill,12845,folk,66,0.462,0.372,0.101,0.176,3.59,0
5zCunX8URvLoBHlg1Fnjv6,Already Gone,Sleeping At Last,"Covers, Vol. 2",chill,12845,ambient,69,0.248,0.418,0.108,0.298,4.05,0
15twB7zTglmu0Bg8gW4Mrm,Stubborn Love,The Lumineers,The Lumineers,chill,12845,folk,68,0.544,0.596,0.262,0.262,4.62,0
1wMALZpuqAy7amQsFBWQ8m,All I Ask,Adele,25,chill,12845,british,74,0.28,0.591,0.124,0.348,4.53,0
7mldq42yDuxiUNn08nvzHO,Body Like A Back Road,Sam Hunt,Body Like A Back Road,country love,12846,country,0,0.458,0.732,0.136,0.661,2.76,0
3AsNVBJ7LHsltdu9490ZiS,A Girl Like You,Easton Corbin,A Girl Like You,country love,12846,country,0,0.768,0.733,0.0643,0.83,3.63,0
7f08qp3HROTkfrtNpiYGGo,Dirt On My Boots,Jon Pardi,California Sunrise,country love,12846,country,0,0.796,0.683,0.197,0.533,3.36,0
6aNwDe5YH5YUPlpHkku52w,Sunshine & Whiskey,Frankie Ballard,Sunshine & Whiskey,country love,12846,country,0,0.737,0.67,0.325,0.753,3.04,0
53QF56cjZA9RTuuMZDrSA6,I Won't Give Up,Jason Mraz,Love Is A Four Letter Word,country love,12846,acoustic,69,0.303,0.483,0.115,0.139,4.0,0
03fT3OHB9KyMtGMt2zwqCT,Play It Again,Luke Bryan,Crash My Party,country love,12846,country,75,0.886,0.506,0.0734,0.595,3.78,0
1WzAeadSKJhqykZFbJNmQv,Your Man,Josh Turner,Your Man,country love,12846,country,73,0.637,0.744,0.0696,0.785,3.53,0
5Fim1gaXBgsiFfsQAfQSDS,Hasta el Amanecer,Nicky Jam,Fénix,SEPT. ,12849,latino,71,0.608,0.832,0.0761,0.589,3.31,0
5hYTyyh2odQKphUbMqc5gN,"How Far I'll Go - From ""Moana""",Alessia Cara,How Far I'll Go,SEPT. ,12849,electro,66,0.544,0.309,0.0727,0.16,2.93,0
015IsLQFXbEm0f541N2qoX,Red Lights,Tiësto,A Town Called Paradise,SEPT. ,12849,trance,66,0.83,0.654,0.121,0.548,4.37,0
7yMiX7n9SBvadzox8T5jzT,Clint Eastwood,Gorillaz,Gorillaz,Hip hop,12850,alternative,3,0.694,0.663,0.0698,0.525,5.68,0
62vpWI1CHwFy7tMIcSStl8,No Role Modelz,J. Cole,2014 Forest Hills Drive,Hip hop,12850,hip-hop,88,0.521,0.69,0.0534,0.494,4.88,0
7KXjTSCq5nL1LoYtL7XAwS,HUMBLE.,Kendrick Lamar,DAMN.,Hip hop,12850,hip-hop,84,0.621,0.908,0.0958,0.421,2.95,1
0VgkVdmE4gld66l8iyGjgx,Mask Off,Future,FUTURE,Hip hop,12850,hip-hop,83,0.434,0.833,0.165,0.281,3.41,0
1ILohAFQXEIWBqOg9ibCDI,Keep Breathing,Ingrid Michaelson,Be OK,Grey's Anatomy,12851,acoustic,54,0.308,0.52,0.115,0.187,3.43,0
5fVZC9GiM4e8vu99W0Xf6J,How to Save a Life,The Fray,How To Save A Life,Grey's Anatomy,12851,piano,80,0.743,0.64,0.101,0.361,4.38,0
5auMzVHFr5Zfw6IbKarZ56,Breathe (2 AM),Anna Nalick,Wreck of the Day,Grey's Anatomy,12851,acoustic,65,0.452,0.386,0.0881,0.287,4.66,0
0dHF8t7OIhgPele5WRUfWG,I'm Gonna Be (500 Miles),Sleeping At Last,"Covers, Vol. 1",Grey's Anatomy,12851,ambient,54,0.228,0.394,0.113,0.258,3.53,0
3ZMv9EzGoteNi5Qnx0KpEO,Skinny Love,Bon Iver,"For Emma, Forever Ago",Grey's Anatomy,12851,folk,73,0.263,0.592,0.127,0.109,3.87,0
5aDpULK8MbJmHl42kR5KNI,Collide,Howie Day,Stop All The World Now,feels,12852,acoustic,56,0.625,0.636,0.119,0.342,4.15,0
4oa14QBfWRDfJy2agySy0L,Gravity,Sara Bareilles,Little Voice,feels,12852,acoustic,67,0.275,0.27,0.146,0.231,3.88,0
5fVZC9GiM4e8vu99W0Xf6J,How to Save a Life,The Fray,How To Save A Life,feels,12852,piano,80,0.743,0.64,0.101,0.361,4.38,0
7fex2V7RzWl9nCKyILjibB,Say You Love Me,Jessie Ware,Tough Love,feels,12852,british,62,0.413,0.387,0.262,0.249,4.29,0
60lwJa695S26FsYbhCVFVa,Hurts So Good,Astrid S,Astrid S,feels,12852,dance,69,0.609,0.675,0.0957,0.378,3.48,0
7GgQi7JTG4b6J4iEF4RTjF,Remedy,Adele,25,feels,12852,british,65,0.3,0.405,0.154,0.24,4.09,0
7L605WhF5EGf34ggj87yK6,You And Me,Lifehouse,Lifehouse,feels,12852,alt-rock,1,0.427,0.459,0.168,0.357,3.26,0
6iBaw0T7b3pTmMH1eMrul0,Bad Girls,M.I.A.,Matangi,feels,12852,indie-pop,76,0.912,0.639,0.097,0.343,3.79,0
3omXshBamrREltcf24gYDC,First,Cold War Kids,Hold My Home,feels,12852,blues,67,0.692,0.468,0.523,0.561,3.34,0
5uCax9HTNlzGybIStD3vDh,Say You Won't Let Go,James Arthur,Back from the Edge,feels,12852,pop,85,0.557,0.358,0.0902,0.494,3.52,0
5lXcSvHRVjQJ3LB2rLKQog,Superstition - Single Version,Stevie Wonder,Song Review: A Greatest Hits Collection,Funk,12853,funk,0,0.745,0.637,0.0372,0.859,3.99,0
0M7mg2qFQ1jCAaB8Bzd6LF,Fresh,Kool & The Gang,The Very Best Of Kool & The Gang,Funk,12853,disco,5,0.425,0.845,0.0366,0.93,3.81,0
1vvNmPOiUuyCbgWmtc6yfm,My Way,Calvin Harris,My Way,Summer 2017,12854,electro,76,0.913,0.818,0.161,0.536,3.65,0
4Hf7WnR761jpxPr5D46Bcd,Treat You Better,Shawn Mendes,Illuminate,Summer 2017,12854,dance,84,0.819,0.444,0.107,0.747,3.13,0
0KKkJNfGyhkQ5aFogxQAPU,That's What I Like,Bruno Mars,24K Magic,Summer 2017,12854,dance,83,0.56,0.853,0.0944,0.86,3.44,0
0BCy325UZyR9z0t0uxwn2N,H.O.L.Y.,Florida Georgia Line,Dig Your Roots,Summer 2017,12854,country,71,0.666,0.523,0.0728,0.564,3.24,0
7mldq42yDuxiUNn08nvzHO,Body Like A Back Road,Sam Hunt,Body Like A Back Road,Summer 2017,12854,country,0,0.458,0.732,0.136,0.661,2.76,0
72jbDTw1piOOj770jWNeaG,Paris,The Chainsmokers,Memories...Do Not Open,Summer 2017,12854,dance,74,0.658,0.653,0.0939,0.219,3.69,0
7floNISpH8VF4z4459Qo18,Look At Me!,XXXTENTACION,Look At Me!,Summer 2017,12854,emo,82,0.726,0.763,0.0976,0.349,2.11,0
5rX6C5QVvvZB7XckETNych,All Summer Long,Kid Rock,Rock N Roll Jesus,Summer 2017,12854,alternative,0,0.865,0.701,0.0956,0.88,4.96,0
5Ce9z7GqSknXccyppRxNLY,Thief,Ookay,Thief,Summer 2017,12854,dub,57,0.797,0.57,0.11,0.212,4.0,0
4iLqG9SeJSnt0cSPICSjxv,Attention,Charlie Puth,Attention,Summer 2017,12854,dance,83,0.613,0.775,0.134,0.797,3.52,0
7qiZfU4dY1lWllzX7mPBI3,Shape of You,Ed Sheeran,÷,Summer 2017,12854,pop,86,0.652,0.825,0.0931,0.931,3.9,0
7i2DJ88J7jQ8K7zqFX2fW8,Now Or Never,Halsey,hopeless fountain kingdom,Summer 2017,12854,indie-pop,67,0.585,0.67,0.131,0.447,3.58,0
3fkPMWQ6cBNBLuFcPyMS8s,Burnin' for You,Blue Öyster Cult,Fire of Unknown Origin,sarah,12855,blues,67,0.728,0.532,0.0849,0.69,4.52,0
3VyJGPYr2DF9gdBNosSao4,Can't Find My Way Home,Blind Faith,Blind Faith,sarah,12855,blues,54,0.257,0.561,0.0949,0.579,3.27,0
5u6y4u5EgDv0peILf60H5t,Oye Como Va,Santana,Abraxas,sarah,12855,blues,67,0.379,0.736,0.104,0.948,4.28,0
4dAgcOxkd9xibjif9tVsOT,Dear Mr. Fantasy,Traffic,The Best of Rock and Roll Hall of Fame + Museum Live,sarah,12855,blues,0,0.854,0.201,0.245,0.659,7.57,0
1gcESexgftSuLuML57Y69q,All Right Now,Free,Fire And Water,sarah,12855,blues,0,0.481,0.785,0.122,0.77,5.51,0
5llrpUzc5oZ4U2RLruiDeI,Holding,Yonder Mountain String Band,"Mountain Tracks, Vol. 3",sarah,12855,bluegrass,33,0.702,0.472,0.362,0.351,8.95,0
5lXcSvHRVjQJ3LB2rLKQog,Superstition - Single Version,Stevie Wonder,Song Review: A Greatest Hits Collection,sarah,12855,funk,0,0.745,0.637,0.0372,0.859,3.99,0
6XK6Zw6JkFsHXzAcMWNiIr,Send Me On My Way,Rusted Root,When I Woke,sarah,12855,j-rock,68,0.704,0.5,0.138,0.722,4.39,0
0LWINYMC4s8QTdDSb1B3Q3,Hanginaround,Counting Crows,This Desert Life,sarah,12855,alt-rock,0,0.781,0.514,0.731,0.717,4.12,0
0s1aSsYlLIEiy16LjFWbdp,Dirty Work,Steely Dan,Can't Buy A Thrill,sarah,12855,psych-rock,70,0.354,0.631,0.0879,0.522,3.14,0
0otlwsD3mSogk7VJCTp6Kg,Let My Love Open The Door,Pete Townshend,Empty Glass,sarah,12855,blues,65,0.653,0.651,0.0742,0.729,2.74,0
57460SJgSpCXaRJ9YIYHxy,Going Up The Country,Canned Heat,The Best Of Canned Heat,sarah,12855,psych-rock,62,0.239,0.622,0.109,0.737,2.86,0
6J17MkMmuzBiIOjRH6MOBZ,Rock and Roll Ain't Noise Pollution,AC/DC,Back In Black,sarah,12855,hard-rock,64,0.659,0.576,0.0587,0.717,4.43,0
5Lk0ZGm0xF3EvOg9xXiXcR,Takin' Care Of Business,Bachman-Turner Overdrive,Bachman-Turner Overdrive II,sarah,12855,blues,0,0.919,0.728,0.152,0.963,4.83,0
2wnjZXcAT3rCjjqxLeHjv7,Going Down,Freddie King,Getting Ready... (World),sarah,12855,blues,61,0.526,0.565,0.11,0.637,3.41,0
6mcxQ1Y3uQRU0IHsvdNLH1,Where Is My Mind?,Pixies,Surfer Rosa (Remastered),sarah,12855,alt-rock,77,0.442,0.513,0.0878,0.243,3.95,0
0M7mWKqwTIaVjYyxfZmtTa,"Courtesy Of The Red, White And Blue (The Angry American)",Toby Keith,Unleashed,country ,12856,country,0,0.674,0.426,0.0784,0.378,3.26,0
6U5pgPq1bsJ6UBeakd4mfQ,What Hurts The Most,Rascal Flatts,Me And My Gang,country ,12856,country,71,0.674,0.537,0.265,0.33,3.57,0
4YjjNHtEsTX6Af4mCTupT5,Bless The Broken Road,Rascal Flatts,Feels Like Today,country ,12856,country,36,0.448,0.588,0.156,0.362,3.78,0
5JnLiuMgRAWoHYOhatFP3s,People Are Crazy,Billy Currington,Little Bit Of Everything,country ,12856,country,0,0.714,0.657,0.127,0.361,3.86,0
1WzAeadSKJhqykZFbJNmQv,Your Man,Josh Turner,Your Man,country ,12856,country,73,0.637,0.744,0.0696,0.785,3.53,0
6shSfM6E3vE43WQLZdI0sL,How Do I Live,LeAnn Rimes,Dance Like You Don't Give A... Greatest Remixes,country ,12856,country,69,0.462,0.577,0.0822,0.258,4.45,0
68DcqqXKi0cRlbPlghUhsb,Amazed,Lonestar,The Greatest Hits,country ,12856,country,71,0.543,0.561,0.124,0.243,4.0,0
03fT3OHB9KyMtGMt2zwqCT,Play It Again,Luke Bryan,Crash My Party,country ,12856,country,75,0.886,0.506,0.0734,0.595,3.78,0
5kNe7PE09d6Kvw5pAsx23n,Die A Happy Man,Thomas Rhett,Tangled Up,country ,12856,country,1,0.389,0.59,0.117,0.389,3.79,0
0qYTZCo5Bwh1nsUFGZP3zn,Felices los 4,Maluma,Felices los 4,jesus,12857,latino,74,0.756,0.766,0.349,0.716,3.83,0
5N8nNuTmIzkZOfcxXlygUw,Ginza,J Balvin,Energía,jesus,12857,latin,0,0.815,0.749,0.0838,0.866,2.85,0
6De0lHrwBfPfrhorm9q1Xl,Me Rehúso,Danny Ocean,Me Rehúso,jesus,12857,latino,80,0.804,0.744,0.0494,0.426,3.43,0
1m69ELEgE6k5ZWsap40ozt,Se Preparó,Ozuna,Odisea,jesus,12857,latino,75,0.821,0.739,0.311,0.693,3.13,0
5clFSlfkCRlhnH1cAQjSBi,Sensacion Del Bloque,De La Ghetto,Reggaeton Rulers: Los Que Ponen,jesus,12857,hip-hop,2,0.726,0.709,0.301,0.405,3.04,0
1vZSnCXJtFGaCOfCWyXn0z,Tell Her You Love Her,Echosmith,Talking Dreams,Winter 2015,12858,indie-pop,0,0.556,0.636,0.105,0.175,4.11,0
48LRu8wJeDbUaAlZMg7fBF,I Am Not Alone - Live,Kari Jobe,Majestic,Prayer,12860,world-music,55,0.318,0.452,0.277,0.201,5.55,0
1z5xgcRgxxGEKrXUCEFpA9,Forever - Live,Kari Jobe,Majestic,Prayer,12860,world-music,57,0.697,0.268,0.38,0.112,6.83,0
0fxpHpK3aw2nFWII6yveDD,"10,000 Reasons (Bless The Lord) - Live",Matt Redman,"10,000 Reasons",Prayer,12860,alt-rock,66,0.485,0.431,0.544,0.367,5.71,0
4EHWldZTas5KUyFtT0rQlY,"Lord, I Need You",Matt Maher,All The People Said Amen,Prayer,12860,alt-rock,64,0.451,0.457,0.0928,0.185,3.43,0
7ts0cV2JhfY3rHU6SylMRI,The Anthem (Full Song) - Live,Planetshakers,Limitless,Prayer,12860,world-music,49,0.874,0.339,0.366,0.16,7.7,0
5r5Lj2MkgwQJz6TaBdL865,Spiderhead,Cage The Elephant,Melophobia,Firefly,12862,blues,63,0.946,0.543,0.106,0.547,3.71,0
2tznHmp70DxMyr2XhWLOW0,Cigarette Daydreams,Cage The Elephant,Melophobia,Firefly,12862,blues,79,0.676,0.636,0.0831,0.273,3.48,0
0tkBOcK7oRVXQJY97zzSvr,Telescope,Cage The Elephant,Melophobia,Firefly,12862,blues,65,0.481,0.589,0.0986,0.176,3.8,0
4sebUbjqbcgDSwG6PbSGI0,Come a Little Closer,Cage The Elephant,Melophobia,Firefly,12862,blues,74,0.778,0.44,0.151,0.304,3.82,0
3gbBpTdY8lnQwqxNCcf795,Pompeii,Bastille,Bad Blood,Firefly,12862,rock,1,0.711,0.68,0.241,0.571,3.57,0
2Kgjd9G808FhUDRhS2gidG,Cecilia And The Satellite,Andrew McMahon in the Wilderness,Andrew McMahon In The Wilderness,Firefly,12862,piano,61,0.844,0.381,0.318,0.239,3.73,0
3iVAyrTlbWGBq0laeQ18z2,Walking On A Dream,Empire of the Sun,Walking On A Dream,Firefly,12862,alt-rock,79,0.701,0.871,0.0589,0.716,3.31,0
0IqKeD8ZSP72KbGYyzEcAs,Take Me To Church,Hozier,Hozier,Firefly,12862,singer-songwriter,83,0.664,0.566,0.116,0.437,4.03,0
1TGimSbipZ3XZ7q3eszBRV,Angel Of Small Death & The Codeine Scene,Hozier,Hozier,Firefly,12862,singer-songwriter,62,0.638,0.377,0.12,0.369,3.65,0
0j6YwWZVHsIFKr5FDEu68o,Jackie And Wilson,Hozier,Hozier,Firefly,12862,singer-songwriter,60,0.712,0.566,0.124,0.753,3.72,0
2NtAwdkesWt1QkcMTe4IjN,Someone New,Hozier,Hozier,Firefly,12862,singer-songwriter,67,0.539,0.593,0.286,0.577,3.71,0
2Tjlq3aGhg3dIZFvSfsnyc,From Eden,Hozier,Hozier,Firefly,12862,singer-songwriter,63,0.676,0.395,0.117,0.315,4.72,0
3UfCFlGruX0DRPCpD1V3pU,Work Song,Hozier,Hozier,Firefly,12862,singer-songwriter,63,0.388,0.432,0.112,0.256,3.83,0
33SfII0eODY8JCxUhnt4T2,Sedated,Hozier,Hozier,Firefly,12862,singer-songwriter,55,0.61,0.66,0.105,0.29,3.46,0
44f2AVSNQ3xVs1EI0S0bjl,Like Real People Do,Hozier,Hozier,Firefly,12862,singer-songwriter,68,0.183,0.569,0.106,0.13,3.3,0
7HGTkn2aX7MNdKs7nV2xBt,Somebody Told Me,The Killers,Hot Fuss,Firefly,12862,alt-rock,0,0.981,0.508,0.0555,0.746,3.29,0
5mhUPDWQH3s544WCsa0r9w,Human,The Killers,Day & Age,Firefly,12862,alt-rock,75,0.8,0.557,0.0906,0.582,4.09,0
7oK9VyNzrYvRFo7nQEYkWN,Mr. Brightside,The Killers,Hot Fuss,Firefly,12862,alt-rock,2,0.931,0.344,0.0903,0.251,3.71,0
70wYA8oYHoMzhRRkARoMhU,When You Were Young,The Killers,Sam's Town,Firefly,12862,alt-rock,5,0.976,0.441,0.298,0.248,3.67,0
3omXshBamrREltcf24gYDC,First,Cold War Kids,Hold My Home,Firefly,12862,blues,67,0.692,0.468,0.523,0.561,3.34,0
2GiJYvgVaD2HtM8GqD9EgQ,Electric Love,BØRNS,Dopamine,Firefly,12862,rock,82,0.797,0.611,0.26,0.518,3.64,0
4kbj5MwxO1bq9wjT5g9HaA,Shut Up and Dance,WALK THE MOON,TALKING IS HARD,Firefly,12862,alt-rock,83,0.866,0.578,0.257,0.619,3.32,0
0Utg7sirTPqrs6Cx0FbriQ,Chillin' It,Cole Swindell,Cole Swindell,Country,12863,country,1,0.849,0.576,0.109,0.666,3.28,0
0El2Zyt68nYySFDG87hZgM,Sun Daze,Florida Georgia Line,Anything Goes,Country,12863,country,0,0.944,0.484,0.471,0.839,3.08,0
1fBl642IhJOE5U319Gy2Go,Animal,Neon Trees,Habits,flex,12864,alt-rock,66,0.829,0.482,0.378,0.739,3.54,0
2TRFIQpTqq12xGpFJEr0Ft,Worth It,Fifth Harmony,Reflection,flex,12864,dance,64,0.78,0.858,0.133,0.602,3.74,0
1cOyWWUr3oXJIxY0AjJEx9,YOUTH,Troye Sivan,Blue Neighbourhood,flex,12864,dance,72,0.737,0.628,0.0777,0.592,3.09,0
2DpCdPMg1BADE4HDnxt3Rd,"Sit Still, Look Pretty",Daya,"Sit Still, Look Pretty",flex,12864,dance,63,0.787,0.655,0.178,0.554,3.37,0
75p6fgACKYIyIhsoG411SZ,Hey Pretty Girl,Kip Moore,Up All Night,Feels,12865,country,0,0.373,0.431,0.259,0.0884,3.6,0
2WQAknZHrJAEQOFXe0F44P,Austin,Blake Shelton,Blake Shelton,Feels,12865,country,0,0.609,0.603,0.0982,0.275,3.84,0
5kNe7PE09d6Kvw5pAsx23n,Die A Happy Man,Thomas Rhett,Tangled Up,Feels,12865,country,1,0.389,0.59,0.117,0.389,3.79,0
4BcrWCZPXuoGU0SnAsJW1s,He Stopped Loving Her Today,George Jones,George Jones - 16 Biggest Hits,Feels,12865,honky-tonk,54,0.232,0.333,0.252,0.398,3.29,0
68DcqqXKi0cRlbPlghUhsb,Amazed,Lonestar,The Greatest Hits,Feels,12865,country,71,0.543,0.561,0.124,0.243,4.0,0
5JnLiuMgRAWoHYOhatFP3s,People Are Crazy,Billy Currington,Little Bit Of Everything,Feels,12865,country,0,0.714,0.657,0.127,0.361,3.86,0
03CLsFk6JSz301bKuukPSD,Retrograde,James Blake,Overgrown,BLISS,12866,electronic,64,0.251,0.533,0.134,0.186,3.73,0
7a8GawTVgHZvBLQOh46he7,I Wanna Be Yours,Arctic Monkeys,AM,BLISS,12866,garage,92,0.417,0.464,0.0974,0.479,3.07,0
1go7dWxLl1q4m7kyuifwRG,You're So Dark,Arctic Monkeys,One For The Road,BLISS,12866,garage,58,0.649,0.484,0.0898,0.838,3.05,0
6nsLzJfvp5OLd4mgqUJkpq,Waiting For Love,Avicii,Stories,BLISS,12866,dance,81,0.736,0.579,0.198,0.613,3.84,0
1zCoCopxgQmozHBuuyfW2K,"Gone, Gone, Gone",Phillip Phillips,The World From The Side Of The Moon,chill,12867,folk,67,0.642,0.664,0.114,0.501,3.49,0
7vFv0yFGMJW3qVXbAd9BK9,Your Body Is a Wonderland,John Mayer,Room For Squares,chill,12867,singer-songwriter,74,0.729,0.647,0.134,0.687,4.16,0
6mghCOaaSvrke0z1EUVUIf,"Hey, Soul Sister",Train,"Save Me, San Francisco (Golden Gate Edition)",chill,12867,rock,82,0.886,0.673,0.0826,0.795,3.61,0
3S0OXQeoh0w6AY8WQVckRW,I'm Yours,Jason Mraz,We Sing. We Dance. We Steal Things.,chill,12867,acoustic,80,0.444,0.703,0.0973,0.712,4.04,0
53QF56cjZA9RTuuMZDrSA6,I Won't Give Up,Jason Mraz,Love Is A Four Letter Word,chill,12867,acoustic,69,0.303,0.483,0.115,0.139,4.0,0
4MflGTO2ZTcSQ12bWcyRgI,"Honey, I'm Good.",Andy Grammer,Magazines Or Novels,chill,12867,rock,48,0.802,0.754,0.335,0.583,3.32,0
48UPSzbZjgc449aqz8bxox,Californication,Red Hot Chili Peppers,Californication,chill,12867,alt-rock,2,0.765,0.592,0.127,0.327,5.5,0
4YjjNHtEsTX6Af4mCTupT5,Bless The Broken Road,Rascal Flatts,Feels Like Today,chill,12867,country,36,0.448,0.588,0.156,0.362,3.78,0
5kNe7PE09d6Kvw5pAsx23n,Die A Happy Man,Thomas Rhett,Tangled Up,chill,12867,country,1,0.389,0.59,0.117,0.389,3.79,0
5nkYHBWXu7KCgcdwP6jcB1,What I Got,Sublime,Sublime,chill,12867,punk,1,0.693,0.804,0.314,0.654,2.85,0
2Z2vOukzwOgqR4dkymRSWd,Santeria,Sublime,Sublime,chill,12867,punk,1,0.751,0.665,0.121,0.58,3.04,0
4sPmO7WMQUAf45kwMOtONw,Hello,Adele,25,chill,12867,british,74,0.43,0.578,0.0854,0.288,4.92,0
3hB5DgAiMAQ4DzYbsMq1IT,Love Yourself,Justin Bieber,Purpose,chill,12867,pop,84,0.378,0.609,0.28,0.515,3.9,0
6vSforRhuzsA0D0SO9fG1S,One Call Away,Charlie Puth,Nine Track Mind,chill,12867,dance,0,0.613,0.667,0.115,0.472,3.24,0
25khomWgBVamSdKw7hzm3l,The Hills,The Weeknd,Beauty Behind The Madness,party bus,12868,pop,3,0.551,0.565,0.139,0.125,4.04,0
2d8JP84HNLKhmd6IYOoupQ,Trap Queen,Fetty Wap,Fetty Wap,party bus,12868,j-dance,74,0.873,0.746,0.354,0.817,3.7,0
33JcUj9qQDayKswunZP9ar,Best Friend,Young Thug,Best Friend,Desiigner  Panda,12869,hip-hop,4,0.598,0.959,0.358,0.408,3.55,0
6KIKRz9eSTXdNsGUnomdtW,Straight Outta Compton,N.W.A.,Straight Outta Compton,Desiigner  Panda,12869,hardcore,72,0.878,0.834,0.334,0.418,4.31,0
5v7kaZNsnyByrSJOfO8gKq,Skrt,Kodak Black,Skrt,Desiigner  Panda,12869,hip-hop,0,0.352,0.901,0.122,0.199,3.75,0
3gbBpTdY8lnQwqxNCcf795,Pompeii,Bastille,Bad Blood,Desiigner  Panda,12869,rock,1,0.711,0.68,0.241,0.571,3.57,0
7qiZfU4dY1lWllzX7mPBI3,Shape of You,Ed Sheeran,÷,car,12870,pop,86,0.652,0.825,0.0931,0.931,3.9,0
7vFv0yFGMJW3qVXbAd9BK9,Your Body Is a Wonderland,John Mayer,Room For Squares,car,12870,singer-songwriter,74,0.729,0.647,0.134,0.687,4.16,0
72jbDTw1piOOj770jWNeaG,Paris,The Chainsmokers,Memories...Do Not Open,car,12870,dance,74,0.658,0.653,0.0939,0.219,3.69,0
5FPnjikbwlDMULCCCa6ZCJ,Daughters,John Mayer,Heavier Things,car,12870,singer-songwriter,67,0.413,0.674,0.098,0.503,3.97,0
0egGmGkZ8maYdEYo4RrVsZ,Lemme Freak,Lil Dicky,Professional Rapper,car,12870,comedy,56,0.656,0.8,0.354,0.437,4.76,0
40LQiUUUKXVGyNs09lHVjW,Lips Of An Angel,Hinder,Extreme Behavior,car,12870,alt-rock,73,0.736,0.476,0.203,0.251,4.36,0
4gs07VlJST4bdxGbBsXVue,Heartbreak Warfare,John Mayer,Battle Studies,car,12870,singer-songwriter,65,0.554,0.624,0.299,0.311,4.5,0
59tg0OPhiHlbsVZ9GFqUk5,Chasing Pavements,Adele,19,car,12870,british,74,0.47,0.616,0.111,0.325,3.51,0
0KKkJNfGyhkQ5aFogxQAPU,That's What I Like,Bruno Mars,24K Magic,car,12870,dance,83,0.56,0.853,0.0944,0.86,3.44,0
5hYTyyh2odQKphUbMqc5gN,"How Far I'll Go - From ""Moana""",Alessia Cara,How Far I'll Go,car,12870,electro,66,0.544,0.309,0.0727,0.16,2.93,0
0oiCeOPwm4zhwfyIpAE37y,Love on the Weekend,John Mayer,The Search for Everything,car,12870,singer-songwriter,66,0.583,0.718,0.0612,0.422,3.54,0
6l9HDwqU46DHCuNyvbmFdP,New Soul,Yael Naim,Yael Naim,car,12870,french,59,0.371,0.582,0.122,0.604,3.75,0
7L605WhF5EGf34ggj87yK6,You And Me,Lifehouse,Lifehouse,car,12870,alt-rock,1,0.427,0.459,0.168,0.357,3.26,0
3yrSvpt2l1xhsV9Em88Pul,Brown Eyed Girl,Van Morrison,Blowin' Your Mind!,car,12870,folk,80,0.583,0.491,0.406,0.908,3.06,0
4BGJSbB5rAcg4pNzD4gfxU,Tiny Dancer,Elton John,Madman Across The Water,car,12870,piano,78,0.428,0.414,0.148,0.282,6.28,0
5WwqdeavrQrbeAMDxGawse,Can't Fight This Feeling,REO Speedwagon,Wheels Are Turnin',car,12870,hard-rock,73,0.48,0.408,0.0877,0.19,4.91,0
3cfOd4CMv2snFaKAnMdnvK,All Star,Smash Mouth,Astro Lounge,car,12870,alt-rock,0,0.867,0.731,0.0861,0.776,3.34,0
78WVLOP9pN0G3gRLFy1rAa,Piano Man,Billy Joel,Piano Man,car,12870,folk,77,0.55,0.331,0.192,0.429,5.6,0
0RFgvrhkf9FiDRLA0BhzpZ,Drift Away,Uncle Kracker,No Stranger To Shame,car,12870,country,1,0.66,0.584,0.0979,0.868,4.26,0
1AhDOtG9vPSOmsWgNW0BEY,Bohemian Rhapsody - Remastered 2011,Queen,A Night At The Opera,car,12870,rock,82,0.404,0.414,0.3,0.224,5.91,0
1fDsrQ23eTAVFElUMaf38X,American Pie,Don McLean,American Pie,car,12870,folk,0,0.563,0.461,0.302,0.477,8.61,0
4CJVkjo5WpmUAKp3R44LNb,Sweet Home Alabama,Lynyrd Skynyrd,Second Helping,car,12870,blues,2,0.724,0.614,0.146,0.902,4.69,0
3RlsVPIIs5KFhLFhxZ4iDF,Rockstar,Nickelback,All The Right Reasons,car,12870,alt-rock,70,0.91,0.616,0.343,0.693,4.2,0
7oK9VyNzrYvRFo7nQEYkWN,Mr. Brightside,The Killers,Hot Fuss,car,12870,alt-rock,2,0.931,0.344,0.0903,0.251,3.71,0
6cb0HzFQPN4BGADOmSzPCw,ABC,The Jackson 5,ABC,car,12870,soul,0,0.869,0.53,0.233,0.935,2.91,0
6RrXd9Hph4hYR4bf3dbM6H,My Girl,The Temptations,The Temptations Sing Smokey,car,12870,funk,79,0.418,0.572,0.0961,0.694,2.75,0
3zByVQLvdXUaDTubfWkpCk,Sweet Caroline,Neil Diamond,Sweet Caroline,car,12870,folk,78,0.127,0.529,0.237,0.578,3.39,0
4efoEY8iDBzUqitjmNDhpN,Three Little Birds,Bob Marley & The Wailers,Exodus,car,12870,reggae,78,0.49,0.826,0.0415,0.627,3.0,0
0wfbD5rAksdXUzRvMfM3x5,The One,The Chainsmokers,Memories...Do Not Open,car,12870,edm,59,0.303,0.76,0.294,0.15,2.96,0
1ARJhjuI6TNYZCxYygFQ4F,Right Now (Na Na Na),Akon,Freedom,car,12870,dance,71,0.857,0.83,0.413,0.607,4.01,0
3Q3myFA7q4Op95DOpHplaY,do re mi,blackbear,digital druglord,car,12870,electro,73,0.593,0.745,0.123,0.17,3.53,0
6HUnnBwYZqcED1eQztxMBN,Solo Dance,Martin Jensen,Solo Dance,car,12870,edm,69,0.846,0.746,0.195,0.403,2.92,0
2xYlyywNgefLCRDG8hlxZq,"Take Me Home, Country Roads",John Denver,"The John Denver Collection, Vol. 1: Take Me Home Country Roads",car,12870,country,73,0.395,0.462,0.121,0.625,3.3,0
0jllH0usRFD4LJkJnGK9Lf,Complicated,Olivia O'Brien,Complicated,car,12870,electro,71,0.355,0.657,0.123,0.0808,3.15,0
3XVBdLihbNbxUwZosxcGuJ,If I Ain't Got You,Alicia Keys,The Diary Of Alicia Keys,car,12870,soul,80,0.444,0.609,0.104,0.166,3.81,0
7i2DJ88J7jQ8K7zqFX2fW8,Now Or Never,Halsey,hopeless fountain kingdom,car,12870,indie-pop,67,0.585,0.67,0.131,0.447,3.58,0
7MeXwzhSDGfqNfuFANgzVC,Toxicity,System Of A Down,Toxicity,Fml,12871,alternative,81,0.873,0.413,0.204,0.48,3.65,0
7ixuc4KOSHm0BsrwsRLM3i,Fingerprint,Lane 8,Fingerprint,Fml,12871,progressive-house,57,0.821,0.637,0.154,0.303,6.74,0
0YchKPFRbVwwO4dH5hKrRi,Strobe,deadmau5,For Lack of a Better Name,Fml,12871,electronic,45,0.524,0.436,0.114,0.0365,10.62,0
3MhbB5T6ZickGjX7Plty7x,Frosty The Snowman,Ella Fitzgerald,Ella Wishes You A Swinging Christmas,Christmas,12872,blues,0,0.502,0.579,0.281,0.836,2.2,0
5humEOJehpAwMJEJmb0JJ2,The Christmas Song (Merry Christmas To You),Nat King Cole,The Nat King Cole Story,Christmas,12872,jazz,1,0.21,0.32,0.138,0.208,3.18,0
3PEgB3fkiojxms35ntsTgs,More Than You Know,Axwell /\ Ingrosso,More Than You Know,Summer Jamz,12873,dance,80,0.741,0.646,0.312,0.571,3.38,0
72jbDTw1piOOj770jWNeaG,Paris,The Chainsmokers,Memories...Do Not Open,shower,12874,dance,74,0.658,0.653,0.0939,0.219,3.69,0
3ouugfdFz6exFXUxu7wRvD,If You Can't Hang,Sleeping With Sirens,Let's Cheers To This,shower,12874,emo,22,0.975,0.394,0.118,0.466,4.17,0
4MjJlPgUYMQjvHOQq0uvOv,Better Off Dead,Sleeping With Sirens,Madness,shower,12874,metalcore,62,0.969,0.239,0.452,0.245,3.06,0
50PWlIBU7PlGGwzgN8TiFJ,Million Reasons,Lady Gaga,Joanne,shower,12874,dance,0,0.423,0.666,0.106,0.154,3.42,0
1G391cbiT3v3Cywg8T7DM1,Scar Tissue,Red Hot Chili Peppers,Californication,Summer 2,12876,alt-rock,79,0.717,0.595,0.108,0.547,3.6,0
2tKOIBLJ2j384tnunmmKi7,From Eden,Hozier,From Eden EP,Summer 2,12876,singer-songwriter,63,0.676,0.395,0.117,0.315,3.71,0
56fZFRtOSMIMyVh0ZIF0AT,Knee Socks,Arctic Monkeys,AM,Summer 2,12876,garage,76,0.542,0.665,0.342,0.587,4.29,0
7DVNEcKN7bE50N6xQ74mh2,Snap Out Of It,Arctic Monkeys,AM,Summer 2,12876,garage,80,0.638,0.728,0.116,0.872,3.22,0
6eNQBntWe7hh6N0h62tRcg,When A Fire Starts To Burn,Disclosure,Settle,Summer 2,12876,house,0,0.732,0.863,0.243,0.672,4.73,0
48LRu8wJeDbUaAlZMg7fBF,I Am Not Alone - Live,Kari Jobe,Majestic,Favorite Songs,12877,world-music,55,0.318,0.452,0.277,0.201,5.55,0
4BHzQ9C00ceJxfG16AlNWb,Send My Love (To Your New Lover),Adele,25,Favorite Songs,12877,british,72,0.533,0.688,0.172,0.567,3.72,0
3CRDbSIZ4r5MsZ0YwxuEkn,Stressed Out,Twenty One Pilots,Blurryface,Favorite Songs,12877,rock,85,0.637,0.734,0.0602,0.648,3.37,0
5Az8KU81g2aLBbJN67F2CI,Mind Over Matter,Young the Giant,Mind Over Matter,wedding,12878,alt-rock,71,0.763,0.466,0.0973,0.293,4.08,0
6Z8R6UsFuGXGtiIxiD8ISb,Safe And Sound,Capital Cities,In A Tidal Wave Of Mystery,wedding,12878,rock,83,0.819,0.655,0.104,0.766,3.21,0
6rR1B1ZP7Rm4gofHgXAjHx,Mad About You,Hooverphonic,Collected,wedding,12878,electronic,61,0.844,0.465,0.0865,0.155,3.73,0
0vaf64cpnqM7COUZZkoBig,Electric Feel,MGMT,Oracular Spectacular/Congratulations,wedding,12878,alt-rock,77,0.803,0.763,0.348,0.561,3.83,0
1HL3yEnYq8LEyFQ3QegA5V,Crash into Me,Dave Matthews Band,Crash,wedding,12878,j-rock,55,0.677,0.541,0.0938,0.555,5.27,0
5g3ZD7PmrEQlQZKDW91yGG,Eternal Flame,The Bangles,Everything,wedding,12878,disco,68,0.358,0.526,0.0942,0.399,3.93,0
0Cvjlph1WGbwZY1PlMEtJY,Come Away With Me,Norah Jones,Come Away With Me,wedding,12878,j-pop,0,0.126,0.354,0.151,0.17,3.3,0
5HSqCeDCn2EEGR5ORwaHA0,I Swear,The Minions,Despicable Me 2 (Original Motion Picture Soundtrack),wedding,12878,children,63,0.417,0.572,0.13,0.129,1.64,0
1RG0HipdMCcaW9xJjyKiUb,"Can't Get Enough Of Your Love, Babe",Barry White,Can't Get Enough,wedding,12878,disco,0,0.767,0.733,0.0986,0.787,4.56,0
305WCRhhS10XUcH6AEwZk6,Are You Gonna Be My Girl,Jet,Get Born,wedding,12878,alt-rock,1,0.95,0.598,0.154,0.577,3.56,0
2hE5Lm5XOHR4t3xlhIFauP,Fooled Around And Fell In Love,Elvin Bishop,Struttin' My Stuff,wedding,12878,blues,57,0.585,0.634,0.0953,0.61,4.6,0
3b0EOvScbZUc0qJx0E1L2z,I Want You Back,The Jackson 5,Diana Ross Presents The Jackson 5,wedding,12878,soul,77,0.538,0.469,0.37,0.886,2.94,0
0BCy325UZyR9z0t0uxwn2N,H.O.L.Y.,Florida Georgia Line,Dig Your Roots,Fall '16,12880,country,71,0.666,0.523,0.0728,0.564,3.24,0
1vvNmPOiUuyCbgWmtc6yfm,My Way,Calvin Harris,My Way,Fall '16,12880,electro,76,0.913,0.818,0.161,0.536,3.65,0
0BAjUM6V9P9g8rK83hVUTJ,The Unforgiven,Metallica,Metallica,private,12881,hard-rock,74,0.584,0.54,0.253,0.244,6.44,0
6sDQ4uiWw9OdVrCXFLSlZt,Rap God,Eminem,The Marshall Mathers LP2,private,12881,hip-hop,78,0.843,0.708,0.799,0.625,6.06,1
0n2RMFCf3wfKJ9h3E3BKO8,Savin' Me,Nickelback,All The Right Reasons,private,12881,grunge,70,0.815,0.441,0.414,0.522,3.66,0
1znPMY3zq78mVuTAmOA9O7,Nothing Else Matters,Metallica,Metallica,private,12881,hard-rock,80,0.362,0.553,0.075,0.158,6.47,0
1bdXMstfxFWYSkEFTnJMoN,Enter Sandman,Metallica,Metallica,private,12881,hard-rock,81,0.828,0.577,0.0581,0.604,5.52,0
5ByAIlEEnxYdvpnezg7HTX,Juicy,The Notorious B.I.G.,Ready To Die The Remaster,private,12881,hardcore,62,0.767,0.887,0.0527,0.607,5.04,1
25khomWgBVamSdKw7hzm3l,The Hills,The Weeknd,Beauty Behind The Madness,SoundHound,12882,pop,3,0.551,0.565,0.139,0.125,4.04,0
27SdWb2rFzO6GWiYDBTD9j,Cheap Thrills,Sia,This Is Acting,SoundHound,12882,dance,78,0.698,0.628,0.0907,0.732,3.53,0
1P62HRhImwoMT0QG3skOCE,Dutty Wine,Tony Matterhorn,Dutty Wine,SoundHound,12882,j-dance,23,0.92,0.49,0.377,0.89,3.06,0
6gBFPUFcJLzWGx4lenP6h2,goosebumps,Travis Scott,Birds In The Trap Sing McKnight,SoundHound,12882,hip-hop,84,0.728,0.841,0.149,0.43,4.06,0
3S0OXQeoh0w6AY8WQVckRW,I'm Yours,Jason Mraz,We Sing. We Dance. We Steal Things.,SoundHound,12882,acoustic,80,0.444,0.703,0.0973,0.712,4.04,0
7KXjTSCq5nL1LoYtL7XAwS,HUMBLE.,Kendrick Lamar,DAMN.,SoundHound,12882,hip-hop,84,0.621,0.908,0.0958,0.421,2.95,1
0VgkVdmE4gld66l8iyGjgx,Mask Off,Future,FUTURE,SoundHound,12882,hip-hop,83,0.434,0.833,0.165,0.281,3.41,0
0KKkJNfGyhkQ5aFogxQAPU,That's What I Like,Bruno Mars,24K Magic,SoundHound,12882,dance,83,0.56,0.853,0.0944,0.86,3.44,0
5ByAIlEEnxYdvpnezg7HTX,Juicy,The Notorious B.I.G.,Ready To Die The Remaster,SoundHound,12882,hardcore,62,0.767,0.887,0.0527,0.607,5.04,1
63thx7OANplv4I4BQsanHk,You Should Be Here,Cole Swindell,You Should Be Here,Favorite,12883,country,0,0.641,0.491,0.0857,0.299,3.17,0
3Q3myFA7q4Op95DOpHplaY,do re mi,blackbear,digital druglord,Favorite,12883,electro,73,0.593,0.745,0.123,0.17,3.53,0
2VlLbhGLVJgdOW7kKdWWFc,Six Feet Under,Billie Eilish,Six Feet Under,Favorite,12883,electro,75,0.307,0.576,0.0792,0.157,3.16,0
1yiID1jFVYYcGOvBKOEA94,Georgia Time,Riley Green,Georgia Time,country ,12884,country,0,0.621,0.594,0.117,0.671,3.69,0
0s6OWiWGuiCcm1Muzch5A8,Fix a Drink,Chris Janson,EVERYBODY,country ,12884,country,0,0.887,0.561,0.352,0.792,3.15,0
3z08d5wXO54ot89xVQgxqO,Whiskey Glasses,Morgan Wallen,The Way I Talk,country ,12884,country,81,0.68,0.614,0.115,0.707,3.9,0
4DMKwE2E2iYDKY01C335Uw,Carry on Wayward Son,Kansas,Leftoverture,Rock,12885,hard-rock,76,0.786,0.482,0.446,0.793,5.38,0
08mG3Y1vljYA6bvDt4Wqkj,Back In Black,AC/DC,Back In Black,Rock,12885,hard-rock,85,0.7,0.31,0.0828,0.763,4.26,0
2zYzyRzz6pRmhPzyfMEC8s,Highway to Hell,AC/DC,Highway to Hell,Rock,12885,hard-rock,85,0.913,0.574,0.156,0.423,3.47,0
1gcESexgftSuLuML57Y69q,All Right Now,Free,Fire And Water,Rock,12885,blues,0,0.481,0.785,0.122,0.77,5.51,0
1bdXMstfxFWYSkEFTnJMoN,Enter Sandman,Metallica,Metallica,Rock,12885,hard-rock,81,0.828,0.577,0.0581,0.604,5.52,0
0C80GCp0mMuBzLf3EAXqxv,Shoot to Thrill,AC/DC,Back In Black,Rock,12885,hard-rock,73,0.904,0.457,0.396,0.48,5.29,0
3YBZIN3rekqsKxbJc9FZko,Paradise City,Guns N' Roses,Appetite For Destruction,Rock,12885,hard-rock,79,0.952,0.273,0.142,0.472,6.82,0
0bVtevEgtDIeRjCJbK3Lmv,Welcome To The Jungle,Guns N' Roses,Appetite For Destruction,Rock,12885,hard-rock,80,0.954,0.447,0.298,0.331,4.57,0
2ZBalNGwjqdKJd29O76wBV,Heat Of The Moment,Asia,Asia,Rock,12885,hard-rock,0,0.872,0.294,0.316,0.575,3.79,0
6kZFIsYCBeuH0f1zGk1UoM,Simple Man,Lynyrd Skynyrd,(Pronounced 'Leh-'Nérd 'Skin-'Nérd),Rock,12885,blues,74,0.752,0.422,0.129,0.403,5.97,0
78WVLOP9pN0G3gRLFy1rAa,Piano Man,Billy Joel,Piano Man,Rock,12885,folk,77,0.55,0.331,0.192,0.429,5.6,0
69QHm3pustz01CJRwdo20z,Hells Bells,AC/DC,Back In Black,Rock,12885,hard-rock,74,0.873,0.389,0.273,0.303,5.2,0
63OFKbMaZSDZ4wtesuuq6f,Born To Be Wild,Steppenwolf,Steppenwolf,Rock,12885,blues,73,0.71,0.438,0.221,0.53,3.51,0
7LRMbd3LEoV5wZJvXT1Lwb,T.N.T.,AC/DC,High Voltage,Rock,12885,hard-rock,78,0.759,0.754,0.101,0.435,3.58,0
17lu4tymfnhmcIDlzBbtAb,For Those About to Rock (We Salute You),AC/DC,For Those About to Rock (We Salute You),Rock,12885,hard-rock,67,0.919,0.37,0.49,0.471,5.74,0
6ZOBP3NvffbU4SZcrnt1k6,Kryptonite,3 Doors Down,The Better Life,Rock,12885,alt-rock,0,0.848,0.544,0.134,0.489,3.9,0
1QEEqeFIZktqIpPI4jSVSF,More Than a Feeling,Boston,Boston,Rock,12885,country,79,0.681,0.377,0.0504,0.285,4.75,0
5aYVqxyetmT5OYmvZCA90X,Slow Ride,Foghat,Fool For The City,Rock,12885,blues,69,0.586,0.493,0.102,0.656,8.24,0
4bHsxqR3GMrXTxEPLuK5ue,Don't Stop Believin',Journey,Escape,Rock,12885,hard-rock,83,0.748,0.5,0.447,0.514,4.18,0
7o2CTH4ctstm8TNelqjb51,Sweet Child O' Mine,Guns N' Roses,Appetite For Destruction,Rock,12885,hard-rock,84,0.91,0.454,0.116,0.629,5.93,0
1QEEqeFIZktqIpPI4jSVSF,More Than a Feeling,Boston,Boston,Classic Rock,12886,country,79,0.681,0.377,0.0504,0.285,4.75,0
305WCRhhS10XUcH6AEwZk6,Are You Gonna Be My Girl,Jet,Get Born,Classic Rock,12886,alt-rock,1,0.95,0.598,0.154,0.577,3.56,0
2zYzyRzz6pRmhPzyfMEC8s,Highway to Hell,AC/DC,Highway to Hell,Classic Rock,12886,hard-rock,85,0.913,0.574,0.156,0.423,3.47,0
3YBZIN3rekqsKxbJc9FZko,Paradise City,Guns N' Roses,Appetite For Destruction,Classic Rock,12886,hard-rock,79,0.952,0.273,0.142,0.472,6.82,0
08mG3Y1vljYA6bvDt4Wqkj,Back In Black,AC/DC,Back In Black,Classic Rock,12886,hard-rock,85,0.7,0.31,0.0828,0.763,4.26,0
4CJVkjo5WpmUAKp3R44LNb,Sweet Home Alabama,Lynyrd Skynyrd,Second Helping,Classic Rock,12886,blues,2,0.724,0.614,0.146,0.902,4.69,0
2RaA6kIcvomt77qlIgGhCT,Breaking the Law,Judas Priest,British Steel,Classic Rock,12886,hard-rock,72,0.961,0.362,0.159,0.491,2.56,0
4KfSdst7rW39C0sfhArdrz,Barracuda,Heart,Little Queen,Classic Rock,12886,hard-rock,74,0.691,0.548,0.144,0.667,4.37,0
7o2CTH4ctstm8TNelqjb51,Sweet Child O' Mine,Guns N' Roses,Appetite For Destruction,Classic Rock,12886,hard-rock,84,0.91,0.454,0.116,0.629,5.93,0
4MYb7NWLwXNDB7bYs3HeX8,Slow Ride,Foghat,Slow Ride / Save Your Loving [For Me] [Digital 45],Classic Rock,12886,blues,69,0.586,0.493,0.102,0.656,3.88,0
24NwBd5vZ2CK8VOQVnqdxr,Sweet Emotion,Aerosmith,Toys In The Attic,Classic Rock,12886,hard-rock,74,0.76,0.38,0.104,0.491,4.57,0
1XQnZTR0ER8y5fGO17uX1R,Holocene,Bon Iver,Bon Iver,Autumn 2017,12887,folk,66,0.304,0.374,0.126,0.147,5.61,0
1GxNPd5r7D1zChEMuMhue0,Only,RY X,Dawn,Autumn 2017,12887,folk,34,0.175,0.293,0.109,0.089,4.47,0
1ivHxaGL5ld9VS1zsYc4YN,Cherry Wine - Live,Hozier,Hozier,Autumn 2017,12887,singer-songwriter,67,0.111,0.418,0.0982,0.228,4.0,0
0Qw7qGuXlVBZLcfoQ17yZn,Old Pine,Ben Howard,Every Kingdom,Autumn 2017,12887,british,68,0.364,0.401,0.162,0.224,5.48,0
1frhZSh2UQNthJ5HOkXZig,Chihiro,Yoste,Chihiro,Autumn 2017,12887,chill,51,0.54,0.382,0.0915,0.0948,3.6,0
2FZuUP0YFFISIgePvqCj93,Beach Baby,Bon Iver,Blood Bank,Autumn 2017,12887,folk,72,0.0809,0.669,0.114,0.0922,2.62,0
0Dzpz7CsRzA7e31nPl26jk,Middle Of My Mind,Tom Rosenthal,The Pleasant Trees (Volume 2),Autumn 2017,12887,british,49,0.198,0.607,0.107,0.381,2.75,0
3Kj2EWpIBnvETsYq4cq0IH,Big Black Car,Gregory Alan Isakov,This Empty Northern Hemisphere,Autumn 2017,12887,folk,72,0.186,0.6,0.104,0.468,3.62,0
5nM4BZibzfbI2rDvMbu3bm,Amsterdam,Gregory Alan Isakov,The Weatherman,Autumn 2017,12887,folk,67,0.429,0.553,0.115,0.532,3.31,0
2fSIF8CJhoc9CJhF9vJDXp,Jolene,Ray LaMontagne,Trouble,Autumn 2017,12887,acoustic,64,0.142,0.588,0.0953,0.288,4.18,0
4sPmO7WMQUAf45kwMOtONw,Hello,Adele,25,Chris,12888,british,74,0.43,0.578,0.0854,0.288,4.92,0
7mldq42yDuxiUNn08nvzHO,Body Like A Back Road,Sam Hunt,Body Like A Back Road,Chris,12888,country,0,0.458,0.732,0.136,0.661,2.76,0
6ZOPiKQeibCn7fP8dncucL,Blue Ain't Your Color,Keith Urban,Ripcord,Chris,12888,country,53,0.416,0.69,0.102,0.479,3.84,0
7fURZRPkB2S70sYR1naKTK,Black Hole Sun,Soundgarden,Superunknown,Chris,12888,alt-rock,0,0.827,0.351,0.0755,0.145,5.3,0
27SdWb2rFzO6GWiYDBTD9j,Cheap Thrills,Sia,This Is Acting,vibin,12889,dance,78,0.698,0.628,0.0907,0.732,3.53,0
6i0V12jOa3mr6uu4WYhUBr,Heathens,Twenty One Pilots,Heathens,vibin,12889,rock,81,0.396,0.732,0.105,0.548,3.27,0
7qiZfU4dY1lWllzX7mPBI3,Shape of You,Ed Sheeran,÷,vibin,12889,pop,86,0.652,0.825,0.0931,0.931,3.9,0
2ekn2ttSfGqwhhate0LSR0,New Rules,Dua Lipa,Dua Lipa,vibin,12889,dance,81,0.7,0.762,0.153,0.608,3.48,0
3PEgB3fkiojxms35ntsTgs,More Than You Know,Axwell /\ Ingrosso,More Than You Know,vibin,12889,dance,80,0.741,0.646,0.312,0.571,3.38,0
7y9iMe8SOB6z3NoHE2OfXl,Bad At Love,Halsey,hopeless fountain kingdom,vibin,12889,electro,74,0.751,0.675,0.0893,0.612,3.02,0
09Redp0z2ZsZGyJrBqhklP,I Just Called To Say I Love You - Single Version,Stevie Wonder,Song Review: A Greatest Hits Collection,Cocktail Hour/Dinner,12891,funk,2,0.564,0.75,0.0931,0.672,4.35,0
4E6cwWJWZw2zWf7VFbH7wf,Love Song,Sara Bareilles,Little Voice,Cocktail Hour/Dinner,12891,acoustic,73,0.786,0.583,0.188,0.573,4.31,0
7vFv0yFGMJW3qVXbAd9BK9,Your Body Is a Wonderland,John Mayer,Room For Squares,Cocktail Hour/Dinner,12891,singer-songwriter,74,0.729,0.647,0.134,0.687,4.16,0
3QEkTxcsLUPfE33cRZ4y2K,Let's Stay Together,Al Green,Let's Stay Together,Cocktail Hour/Dinner,12891,blues,31,0.401,0.756,0.0541,0.52,3.32,0
6RrXd9Hph4hYR4bf3dbM6H,My Girl,The Temptations,The Temptations Sing Smokey,Cocktail Hour/Dinner,12891,funk,79,0.418,0.572,0.0961,0.694,2.75,0
0IqKeD8ZSP72KbGYyzEcAs,Take Me To Church,Hozier,Hozier,Cocktail Hour/Dinner,12891,singer-songwriter,83,0.664,0.566,0.116,0.437,4.03,0
6nLvaCZFR1wEzW3sIKpsnr,"Valerie - Live At BBC Radio 1 Live Lounge, London / 2007",Amy Winehouse,Back To Black,Cocktail Hour/Dinner,12891,british,75,0.371,0.772,0.167,0.684,3.9,0
1CkvWZme3pRgbzaxZnTl5X,Rolling in the Deep,Adele,21,Cocktail Hour/Dinner,12891,british,81,0.769,0.73,0.0473,0.507,3.8,0
1jyddn36UN4tVsJGtaJfem,You Are the Best Thing,Ray LaMontagne,Gossip In The Grain,Cocktail Hour/Dinner,12891,acoustic,67,0.727,0.578,0.172,0.885,3.86,0
51FpzuGkRYXFgsE2zXt9av,When A Man Loves A Woman,Percy Sledge,When A Man Loves A Woman,Cocktail Hour/Dinner,12891,soul,0,0.272,0.404,0.0528,0.326,2.9,0
54X78diSLoUDI3joC2bjMz,Purple Rain,Prince,Purple Rain,Cocktail Hour/Dinner,12891,funk,75,0.452,0.367,0.689,0.189,8.68,0
5qxFudz7A6PGptviHsz4Yd,Annie's Song,John Denver,Back Home Again,I Love You,12893,country,71,0.305,0.304,0.367,0.464,2.97,0
05NGyinGNoTsVnDN94K4F0,Had To Fall In Love,The Moody Blues,Octave,I Love You,12893,british,57,0.306,0.493,0.14,0.346,3.7,0
1u7kQUb3lQcpHaYRfia13A,And So It Goes,Billy Joel,Storm Front,I Love You,12893,piano,53,0.0871,0.433,0.113,0.336,3.63,0
5FPnjikbwlDMULCCCa6ZCJ,Daughters,John Mayer,Heavier Things,study,12894,singer-songwriter,67,0.413,0.674,0.098,0.503,3.97,0
5ZaQW8tvH33GVJ0E3sLz2w,Misty Morning,Travis Bretzer,Bitter Suites,study,12894,garage,57,0.299,0.696,0.131,0.223,2.62,0
1cG560wZP0s6fs1nsEVtQw,Pale Blue Eyes,The Velvet Underground,The Velvet Underground,study,12894,folk,65,0.107,0.637,0.103,0.296,5.66,0
15VRO9CQwMpbqUYA7e6Hwg,The Man Who Sold The World,Nirvana,MTV Unplugged In New York,study,12894,alt-rock,76,0.753,0.483,0.257,0.42,4.35,0
5Xak5fmy089t0FYmh3VJiY,Black,Pearl Jam,Ten,study,12894,alt-rock,74,0.684,0.36,0.34,0.2,5.71,0
045sp2JToyTaaKyXkGejPy,Fake Plastic Trees,Radiohead,The Bends,study,12894,alt-rock,72,0.229,0.463,0.202,0.135,4.85,0
2nTsKOXIVGDf2iPeVQO2Gm,Paranoid Android,Radiohead,OK Computer,study,12894,alt-rock,70,0.848,0.251,0.0545,0.207,6.45,0
3SVAN3BRByDmHOhKyIDxfC,Karma Police,Radiohead,OK Computer,study,12894,alt-rock,76,0.501,0.36,0.172,0.324,4.4,0
6mcxQ1Y3uQRU0IHsvdNLH1,Where Is My Mind?,Pixies,Surfer Rosa (Remastered),study,12894,alt-rock,77,0.442,0.513,0.0878,0.243,3.95,0
3l87t3o8ZTA1koIvvnI7oh,If I Had You,Etta Jones,Don't Go To Strangers,My oldies ,12895,jazz,0,0.105,0.501,0.106,0.152,3.81,0
17iHLt9yQLLeBN3g1woXzB,A Teenager In Love,Dion & The Belmonts,The Best Of Dion & The Belmonts,My oldies ,12895,blues,61,0.377,0.555,0.128,0.619,2.56,0
1UD66TRp6nZuH0CFpKC321,April In Paris,Billie Holiday,All Or Nothing At All,My oldies ,12895,blues,0,0.121,0.465,0.165,0.221,3.09,0
5zupfF6lvpSISEy7kZCZ0L,Will You Love Me Tomorrow,The Shirelles,Tonight's The Night,My oldies ,12895,rock-n-roll,64,0.308,0.527,0.0921,0.514,2.72,0
6RrXd9Hph4hYR4bf3dbM6H,My Girl,The Temptations,The Temptations Sing Smokey,My oldies ,12895,funk,79,0.418,0.572,0.0961,0.694,2.75,0
3yrSvpt2l1xhsV9Em88Pul,Brown Eyed Girl,Van Morrison,Blowin' Your Mind!,My oldies ,12895,folk,80,0.583,0.491,0.406,0.908,3.06,0
3QEkTxcsLUPfE33cRZ4y2K,Let's Stay Together,Al Green,Let's Stay Together,My oldies ,12895,blues,31,0.401,0.756,0.0541,0.52,3.32,0
0f7JTPN46BnWiRGb5A1fft,Little Darlin',The Diamonds,The Best Of The Diamonds,My oldies ,12895,rock-n-roll,59,0.587,0.631,0.333,0.664,2.16,0
3b0EOvScbZUc0qJx0E1L2z,I Want You Back,The Jackson 5,Diana Ross Presents The Jackson 5,My oldies ,12895,soul,77,0.538,0.469,0.37,0.886,2.94,0
3M8FzayQWtkvOhqMn2V4T2,Lean on Me,Bill Withers,Still Bill,My oldies ,12895,soul,70,0.22,0.619,0.124,0.426,4.31,0
6J2Bl7Za43MoqdhWlaDQba,Dreamin',Johnny Burnette,Johnny Burnette's Hits And Other Favorites,My oldies ,12895,rockabilly,52,0.449,0.471,0.35,0.715,2.35,0
2hEwjc5DZVPcC4cVVBuMr5,(You're The) Devil In Disguise,Elvis Presley,"Elvis' Gold Records, Vol. 4",My oldies ,12895,rock-n-roll,56,0.579,0.483,0.242,0.891,2.34,0
71uRTq9mNhaSMbrry5nIC3,Stupid Cupid,Connie Francis,The Very Best Of Connie Francis - Connie 21 Biggest Hits,My oldies ,12895,r-n-b,0,0.756,0.609,0.0521,0.968,2.22,0
6L7CjMm9gJNn8Ze62bRk3g,Sugar Sugar,The Archies,Absolutely the Best of the Archies,My oldies ,12895,r-n-b,69,0.725,0.757,0.108,0.965,2.79,0
3uwIoa2emQILz6BmH6MtiW,"Return to Sender - From ""Girls! Girls! Girls!""",Elvis Presley,Girls! Girls! Girls! (Original Soundtrack),My oldies ,12895,rock-n-roll,61,0.563,0.845,0.0614,0.969,2.12,0
53Wf6uVFYa1Ef1pltkA54Q,(Now and Then There's) A Fool Such as I,Elvis Presley,"50,000,000 Elvis Fans Can't Be Wrong: Elvis' Gold Records, Vol. 2",My oldies ,12895,rockabilly,52,0.714,0.574,0.255,0.722,2.63,0
1l2ja3aMsPGMhmxmAjuwgF,Everybody's Somebody's Fool,Connie Francis,The Very Best Of Connie Francis - Connie 21 Biggest Hits,My oldies ,12895,rockabilly,48,0.737,0.584,0.208,0.753,2.63,0
4l9hml2UCnxoNI3yCdL1BW,My Funny Valentine,Chet Baker,Chet Baker Sings,My oldies ,12895,jazz,0,0.0302,0.44,0.109,0.213,2.35,0
0NqQmmLEN9rlnkh2JW0UIs,Kokomo,The Beach Boys,50 Big Ones: Greatest Hits,My oldies ,12895,psych-rock,71,0.635,0.682,0.137,0.927,3.62,0
6gBFPUFcJLzWGx4lenP6h2,goosebumps,Travis Scott,Birds In The Trap Sing McKnight,Robert,12896,hip-hop,84,0.728,0.841,0.149,0.43,4.06,0
62vpWI1CHwFy7tMIcSStl8,No Role Modelz,J. Cole,2014 Forest Hills Drive,Robert,12896,hip-hop,88,0.521,0.69,0.0534,0.494,4.88,0
7KXjTSCq5nL1LoYtL7XAwS,HUMBLE.,Kendrick Lamar,DAMN.,Robert,12896,hip-hop,84,0.621,0.908,0.0958,0.421,2.95,1
1fEl5TPKRJAsuP6TqZ23hB,D Rose,Lil Pump,Lil Pump,Robert,12896,emo,55,0.553,0.781,0.383,0.308,2.26,0
7569Hbv0FUS7vjkdGvdgeZ,Promises - Skrillex & Nero Remix,NERO,Welcome Reality +,workout playlist,12898,drum-and-bass,44,0.819,0.526,0.0616,0.167,4.48,0
6KIKRz9eSTXdNsGUnomdtW,Straight Outta Compton,N.W.A.,Straight Outta Compton,workout playlist,12898,hardcore,72,0.878,0.834,0.334,0.418,4.31,0
08mG3Y1vljYA6bvDt4Wqkj,Back In Black,AC/DC,Back In Black,workout playlist,12898,hard-rock,85,0.7,0.31,0.0828,0.763,4.26,0
7iL6o9tox1zgHpKUfh9vuC,In Da Club,50 Cent,Get Rich Or Die Tryin',workout playlist,12898,hip-hop,83,0.713,0.899,0.0708,0.777,3.22,1
7KXjTSCq5nL1LoYtL7XAwS,HUMBLE.,Kendrick Lamar,DAMN.,workout playlist,12898,hip-hop,84,0.621,0.908,0.0958,0.421,2.95,1
6nsLzJfvp5OLd4mgqUJkpq,Waiting For Love,Avicii,Stories,Main,12899,dance,81,0.736,0.579,0.198,0.613,3.84,0
2QjOHCTQ1Jl3zawyYOpxh6,Sweater Weather,The Neighbourhood,I Love You.,Main,12899,alt-rock,93,0.807,0.612,0.101,0.398,4.01,0
25khomWgBVamSdKw7hzm3l,The Hills,The Weeknd,Beauty Behind The Madness,Main,12899,pop,3,0.551,0.565,0.139,0.125,4.04,0
7rSERmjAT38lC5QhJ8hnQc,I'm Shipping Up To Boston,Dropkick Murphys,The Warrior's Code,Main,12899,punk-rock,70,0.928,0.452,0.226,0.6,2.56,0
1kusepF3AacIEtUTYrw4GV,Paper Planes,M.I.A.,Kala,Summer,12900,indie-pop,77,0.848,0.447,0.65,0.485,3.4,0
7oK9VyNzrYvRFo7nQEYkWN,Mr. Brightside,The Killers,Hot Fuss,Summer,12900,alt-rock,2,0.931,0.344,0.0903,0.251,3.71,0
5sra5UY6sD658OabHL3QtI,Empire State of Mind (Part II) Broken Down,Alicia Keys,The Element Of Freedom,Summer,12900,soul,72,0.368,0.484,0.118,0.142,3.61,0
7KXjTSCq5nL1LoYtL7XAwS,HUMBLE.,Kendrick Lamar,DAMN.,Summer,12900,hip-hop,84,0.621,0.908,0.0958,0.421,2.95,1
7oGZAicScQt96OAW4AruYy,Want to Want Me,Jason Derulo,Everything Is 4,Summer,12900,dance,1,0.643,0.772,0.0705,0.669,3.46,0
4EnkwZd0UJAuHpNMMemQaA,Closing Time,Semisonic,Feeling Strangely Fine,Summer,12900,alt-rock,0,0.854,0.478,0.115,0.274,4.56,0
5gBQ3x6u7DCvMW1QoP3CpG,100 Years,Five For Fighting,Playlist: The Very Best Of Five For Fighting,Summer,12900,acoustic,66,0.569,0.643,0.178,0.275,4.07,0
3xqF04FdMK7gpIPG3SPFpY,It's Time,Imagine Dragons,Night Visions,Summer,12900,rock,72,0.884,0.656,0.144,0.86,3.97,0
6u9RqxALwkjJ1ukB1y8vuP,You've Got The Love,Florence + The Machine,Lungs,Summer,12900,alternative,0,0.696,0.574,0.102,0.401,2.81,0
7keXdrB4mz57u4b8YkCwag,Dreaming with a Broken Heart,John Mayer,Continuum,Summer,12900,singer-songwriter,62,0.349,0.61,0.201,0.155,4.1,0
1iNEjDQp0ESOeVjgyFJpDO,Everybody,Ingrid Michaelson,Everybody,Summer,12900,acoustic,54,0.636,0.742,0.0817,0.48,3.47,0
7pzdiluN2tVrxsFGyM2Asc,I Lived,OneRepublic,Native,Summer,12900,piano,71,0.851,0.593,0.271,0.344,3.91,0
6MjljecHzHelUDismyKkba,Everytime We Touch - Radio Edit,Cascada,Everytime We Touch,Summer,12900,german,63,0.977,0.64,0.371,0.493,3.32,0
2Kgjd9G808FhUDRhS2gidG,Cecilia And The Satellite,Andrew McMahon in the Wilderness,Andrew McMahon In The Wilderness,Summer,12900,piano,61,0.844,0.381,0.318,0.239,3.73,0
6Bm6qUCSatPAqkQllFL7oA,Unwell,Matchbox Twenty,More Than You Think You Are,Summer,12900,grunge,66,0.788,0.256,0.707,0.429,3.81,0
035QPHPAcqApSGMMcogT45,A Change Of Heart,The 1975,"I like it when you sleep, for you are so beautiful yet so unaware of it",Summer,12900,alt-rock,59,0.502,0.736,0.0843,0.533,4.73,0
57ebBLITHpRgRKGrlbxMZS,Faithfully,Journey,Frontiers,Summer,12900,hard-rock,68,0.644,0.202,0.109,0.252,4.45,0
3ZHfX6kbiY7JVsB63lLOLu,The Only Exception,Paramore,brand new eyes,Summer,12900,emo,74,0.563,0.452,0.143,0.209,4.46,0
5uCax9HTNlzGybIStD3vDh,Say You Won't Let Go,James Arthur,Back from the Edge,Summer,12900,pop,85,0.557,0.358,0.0902,0.494,3.52,0
0BCy325UZyR9z0t0uxwn2N,H.O.L.Y.,Florida Georgia Line,Dig Your Roots,Summer,12900,country,71,0.666,0.523,0.0728,0.564,3.24,0
6ihL9TjfRjadfEePzXXyVF,Gives You Hell,The All-American Rejects,When The World Comes Down,Summer,12900,punk-rock,0,0.675,0.725,0.0537,0.595,3.55,0
5qqabIl2vWzo9ApSC317sa,Wonderwall - Remastered,Oasis,(What's The Story) Morning Glory? [Remastered],Summer,12900,rock,78,0.896,0.378,0.194,0.469,4.31,0
3S0OXQeoh0w6AY8WQVckRW,I'm Yours,Jason Mraz,We Sing. We Dance. We Steal Things.,Summer,12900,acoustic,80,0.444,0.703,0.0973,0.712,4.04,0
4kbj5MwxO1bq9wjT5g9HaA,Shut Up and Dance,WALK THE MOON,TALKING IS HARD,Summer,12900,alt-rock,83,0.866,0.578,0.257,0.619,3.32,0
6gBFPUFcJLzWGx4lenP6h2,goosebumps,Travis Scott,Birds In The Trap Sing McKnight,Summer,12900,hip-hop,84,0.728,0.841,0.149,0.43,4.06,0
4eLSCSELtKxZwXnFbNLXT5,On Top Of The World,Imagine Dragons,Night Visions,Relax,12901,rock,0,0.925,0.588,0.0881,0.759,3.16,0
5qqabIl2vWzo9ApSC317sa,Wonderwall - Remastered,Oasis,(What's The Story) Morning Glory? [Remastered],Relax,12901,rock,78,0.896,0.378,0.194,0.469,4.31,0
1zCoCopxgQmozHBuuyfW2K,"Gone, Gone, Gone",Phillip Phillips,The World From The Side Of The Moon,Relax,12901,folk,67,0.642,0.664,0.114,0.501,3.49,0
1SKPmfSYaPsETbRHaiA18G,Somewhere Only We Know,Keane,Hopes And Fears,Relax,12901,piano,85,0.665,0.448,0.0828,0.304,3.95,0
2MLHyLy5z5l5YRp7momlgw,Island In The Sun,Weezer,Weezer (Green Album),Relax,12901,alt-rock,1,0.794,0.654,0.165,0.678,3.34,0
37OtwesVCia1VBdVaxw2ht,Heaven Knows,Five For Fighting,Bookmarks,Relax,12901,acoustic,62,0.845,0.6,0.24,0.392,3.51,0
7fex2V7RzWl9nCKyILjibB,Say You Love Me,Jessie Ware,Tough Love,Relax,12901,british,62,0.413,0.387,0.262,0.249,4.29,0
7KXjTSCq5nL1LoYtL7XAwS,HUMBLE.,Kendrick Lamar,DAMN.,champagne,12902,hip-hop,84,0.621,0.908,0.0958,0.421,2.95,1
7iL6o9tox1zgHpKUfh9vuC,In Da Club,50 Cent,Get Rich Or Die Tryin',champagne,12902,hip-hop,83,0.713,0.899,0.0708,0.777,3.22,1
6sDQ4uiWw9OdVrCXFLSlZt,Rap God,Eminem,The Marshall Mathers LP2,champagne,12902,hip-hop,78,0.843,0.708,0.799,0.625,6.06,1
3yfqSUWxFvZELEM4PmlwIR,The Real Slim Shady,Eminem,The Marshall Mathers LP,champagne,12902,hip-hop,87,0.661,0.949,0.0454,0.76,4.74,1
25khomWgBVamSdKw7hzm3l,The Hills,The Weeknd,Beauty Behind The Madness,champagne,12902,pop,3,0.551,0.565,0.139,0.125,4.04,0
6iBaw0T7b3pTmMH1eMrul0,Bad Girls,M.I.A.,Matangi,champagne,12902,indie-pop,76,0.912,0.639,0.097,0.343,3.79,0
73Qlt0XuhuYzEigjitm2ze,Cool for the Summer,Demi Lovato,Confident,Dance/House,12903,dance,81,0.61,0.583,0.14,0.336,3.58,0
1mXVgsBdtIVeCLJnSnmtdV,Too Good At Goodbyes,Sam Smith,The Thrill Of It All,fall17,12904,dance,83,0.372,0.681,0.169,0.476,3.35,0
10M2Ex445zw585Ducldzkw,In Case You Didn't Know,Brett Young,Brett Young,fall17,12904,country,75,0.536,0.607,0.102,0.434,3.75,0
2VBluJiNj9bKohWX0dY1Lh,Last Hope,Paramore,Paramore,2017,12906,emo,63,0.711,0.465,0.164,0.255,5.17,0
1AhDOtG9vPSOmsWgNW0BEY,Bohemian Rhapsody - Remastered 2011,Queen,A Night At The Opera,2017,12906,rock,82,0.404,0.414,0.3,0.224,5.91,0
41WTP0gosjYD74B06uS2tL,You Said You'd Grow Old With Me,Michael Schulte,Wide Awake,2017,12906,german,65,0.347,0.531,0.0935,0.289,3.75,0
4tRt91OQSbE9eFA3RwgqSd,The Only Boy Awake,Meadows,The Only Boy Awake,2017,12906,swedish,57,0.48,0.52,0.107,0.405,2.72,0
7i2DJ88J7jQ8K7zqFX2fW8,Now Or Never,Halsey,hopeless fountain kingdom,2017,12906,indie-pop,67,0.585,0.67,0.131,0.447,3.58,0
5ln5yQdUywVbf8HhFsOcd6,Walls Could Talk,Halsey,hopeless fountain kingdom,2017,12906,dance,77,0.423,0.626,0.18,0.571,1.7,0
7y9iMe8SOB6z3NoHE2OfXl,Bad At Love,Halsey,hopeless fountain kingdom,2017,12906,electro,74,0.751,0.675,0.0893,0.612,3.02,0
3rq5w4bQGigXOfdN30ATJt,Do I Wanna Know?,Arctic Monkeys,AM,2017,12906,garage,88,0.532,0.548,0.217,0.405,4.54,0
0lsbbaa7nj7LtUXVdk0BQe,Just You and I,Tom Walker,Just You and I,2017,12906,folk,62,0.696,0.567,0.113,0.544,3.28,0
28cnXtME493VX9NOw9cIUh,Hurt,Johnny Cash,American IV: The Man Comes Around,2017,12906,country,74,0.392,0.534,0.0948,0.163,3.61,0
5vtyFzfLkCSJvXEZFjQAa1,Your Shirt,Chelsea Cutler,Your Shirt,2017,12906,indie-pop,63,0.478,0.433,0.32,0.173,3.88,0
1GNBUGLY90p5vP6z1eEA7k,Milk & Honey,Billie Marten,Writing of Blues and Yellows (Deluxe Version),2017,12906,british,52,0.563,0.291,0.11,0.457,3.98,0
37OBhWRMPAvFdxGaNrDg16,Vagabond,Wolfmother,Wolfmother,2017,12906,garage,41,0.749,0.463,0.341,0.326,3.9,0
1Jmqubf9kGkWeYQXQKImL5,People Are Strange,The Doors,Strange Days,Inglish,12907,psych-rock,73,0.467,0.699,0.315,0.764,2.17,0
53968oKecrFxkErocab2Al,November Rain,Guns N' Roses,Use Your Illusion I,Inglish,12907,hard-rock,81,0.641,0.294,0.112,0.226,8.96,0
1H5IfYyIIAlgDX8zguUzns,Suspicious Minds,Elvis Presley,From Elvis in Memphis,Inglish,12907,rock-n-roll,76,0.382,0.487,0.411,0.714,4.35,0
3LTMnFa0hhwisyq6ILahyj,Sultans Of Swing,Dire Straits,Dire Straits,Inglish,12907,rock,81,0.794,0.733,0.33,0.931,5.81,0
4pU7ed71DOZozQrBQzqkdw,With A Little Help From My Friends,Joe Cocker,With A Little Help From My Friends,Inglish,12907,blues,67,0.43,0.307,0.0988,0.305,5.24,0
1znPMY3zq78mVuTAmOA9O7,Nothing Else Matters,Metallica,Metallica,Inglish,12907,hard-rock,80,0.362,0.553,0.075,0.158,6.47,0
1AhDOtG9vPSOmsWgNW0BEY,Bohemian Rhapsody - Remastered 2011,Queen,A Night At The Opera,Inglish,12907,rock,82,0.404,0.414,0.3,0.224,5.91,0
5R0o7E33bovEMXoFQ9GGWB,Guaranteed,Eddie Vedder,Music For The Motion Picture Into The Wild,Inglish,12907,acoustic,61,0.4,0.436,0.125,0.351,7.34,0
1vY9snyzHUPBuFrjrL8o7n,Rise,Eddie Vedder,Into The Wild,Inglish,12907,acoustic,60,0.58,0.401,0.134,0.526,2.61,0
3bE5slaVEfaDreqARl6k4M,Yellow Ledbetter,Pearl Jam,Jeremy,Inglish,12907,grunge,70,0.354,0.504,0.157,0.292,5.06,0
6L89mwZXSOwYl76YXfX13s,Basket Case,Green Day,Dookie,Inglish,12907,punk,2,0.943,0.441,0.091,0.781,3.03,0
045sp2JToyTaaKyXkGejPy,Fake Plastic Trees,Radiohead,The Bends,Inglish,12907,alt-rock,72,0.229,0.463,0.202,0.135,4.85,0
4aJnMRNeuDZSQN7FaSNGtM,How Did I Get Here,ODESZA,Summer's Gone,Dinner Party,12908,chill,60,0.579,0.707,0.408,0.357,2.19,0
5VarZFY00sO54HErJ3TPCI,So Good At Being in Trouble,Unknown Mortal Orchestra,II,Dinner Party,12908,chill,67,0.435,0.829,0.119,0.594,3.84,0
0iTpQYzJnYgh7kIxyq8A2O,Two Weeks,Grizzly Bear,Veckatimest,Dinner Party,12908,chill,71,0.712,0.537,0.08,0.704,4.05,0
2enPRFda84VE2wtI8c86Uf,Always Forever,Cults,Static,Dinner Party,12908,indie-pop,81,0.742,0.174,0.198,0.36,3.73,0
0yixe2v2gvdFjjkYksdITQ,Lana Del Dre,Tep No,Lana Del Dre,Chill AF,12909,deep-house,44,0.506,0.643,0.141,0.461,3.83,0
03CLsFk6JSz301bKuukPSD,Retrograde,James Blake,Overgrown,Chill AF,12909,electronic,64,0.251,0.533,0.134,0.186,3.73,0
1NJBnGY0qu7yQKBYBZmiyh,The Heart Of Worship - Live,Michael W. Smith,Worship,Church,12910,world-music,43,0.376,0.43,0.234,0.338,6.25,0
4um6ZMnib1I7VuG3c6jGm5,Open The Eyes Of My Heart - Live,Michael W. Smith,Worship,Church,12910,world-music,54,0.568,0.388,0.715,0.207,5.37,0
7wgzG5AFCpAmU80Buk9i0j,Above All - Live,Michael W. Smith,The Second Decade 1993-2003,Church,12910,world-music,48,0.329,0.405,0.541,0.168,4.56,0
3hP8p0Q5qh4UDMtw6tCMUe,I Bet on Losing Dogs,Mitski,Puberty 2,summer 2016,12911,indie-pop,75,0.493,0.398,0.106,0.412,2.84,0
2LpirOWiA4eslLRuPpQT7V,Maggie May,Rod Stewart,Every Picture Tells A Story,summer 2016,12911,rock,1,0.719,0.594,0.124,0.494,5.84,0
67LKZcv1J2Yj4pk5UIuFQW,Warned You,Good Morning,Shawcross,summer 2016,12911,garage,67,0.209,0.535,0.129,0.515,2.22,0
10vkYRKw6Jjr7try1ir50G,Tired of Being Alone,Al Green,Gets Next to You,summer 2016,12911,blues,23,0.397,0.772,0.0753,0.617,2.87,0
3EEzQDCP8jRl2pEt9eDKMO,I Follow You,Melody's Echo Chamber,Melody's Echo Chamber,summer 2016,12911,french,49,0.78,0.41,0.233,0.727,3.59,0
53QF56cjZA9RTuuMZDrSA6,I Won't Give Up,Jason Mraz,Love Is A Four Letter Word,boda,12912,acoustic,69,0.303,0.483,0.115,0.139,4.0,0
1mB7dCUM7sPyNab6R43nlj,The Drug In Me Is You,Falling In Reverse,The Drug In Me Is You,Warped Tour,12913,metal,72,0.855,0.548,0.127,0.644,3.65,0
6WkSUgo1VdpzgtiXKlFPcY,Dammit,blink-182,Dude Ranch,Warped Tour,12913,punk-rock,68,0.974,0.429,0.164,0.33,2.76,0
5wTMQjEx9LWeFwLjolPCUy,What's My Age Again?,blink-182,Blink 182 (Sound and Vision Q4 2007),Warped Tour,12913,punk-rock,4,0.951,0.391,0.0878,0.468,2.48,0
12qZHAeOyTf93YAWvGDTat,All The Small Things,blink-182,Enema Of The State,Warped Tour,12913,punk-rock,2,0.9,0.442,0.395,0.609,2.8,0
43NhiKnrtGqztxDqXrcUux,Adam's Song,blink-182,Enema Of The State,Warped Tour,12913,punk-rock,0,0.775,0.52,0.364,0.383,4.16,0
2ydUT1pFhuLDnouelIv4WH,The Rock Show,blink-182,Take Off Your Pants And Jacket,Warped Tour,12913,punk-rock,73,0.959,0.41,0.0766,0.83,2.86,0
3YD9EehnGOf88rGSZFrnHg,Stay Together For The Kids,blink-182,Take Off Your Pants And Jacket,Warped Tour,12913,punk-rock,69,0.78,0.519,0.156,0.166,3.99,0
21S5V668O8OUYAkjBYLUW2,Feeling This,blink-182,blink-182,Warped Tour,12913,punk-rock,71,0.962,0.411,0.529,0.622,2.88,0
6XimI1O15wpfwUdrCnlrxo,All These Things I Hate (Revolve Around Me),Bullet For My Valentine,The Poison,Warped Tour,12913,metal,57,0.869,0.495,0.279,0.522,3.76,0
2TfSHkHiFO4gRztVIkggkE,"Sugar, We're Goin Down",Fall Out Boy,From Under The Cork Tree,Warped Tour,12913,emo,2,0.887,0.5,0.114,0.631,3.82,0
3SqOC9IRDYGSq9cH6K2GQI,The Anthem,Good Charlotte,Good Charlotte/The Young And The Hopeless,Warped Tour,12913,metal,74,0.939,0.494,0.139,0.893,2.92,0
0RT1qESYHlNcUJI0Yo5Hzl,21st Century Breakdown,Green Day,21st Century Breakdown,Warped Tour,12913,punk,37,0.963,0.298,0.178,0.407,5.15,0
5qtwzv99vOr5UTwnTixn7j,Know Your Enemy,Green Day,21st Century Breakdown,Warped Tour,12913,punk,44,0.955,0.559,0.0566,0.957,3.18,0
6nTiIhLmQ3FWhvrGafw2zj,American Idiot,Green Day,American Idiot,Warped Tour,12913,punk,79,0.988,0.38,0.368,0.769,2.94,0
5kr3j5Clb9rjEposoMyLVt,Welcome to Paradise,Green Day,Dookie,Warped Tour,12913,punk,69,0.96,0.37,0.0563,0.717,3.74,0
6L89mwZXSOwYl76YXfX13s,Basket Case,Green Day,Dookie,Warped Tour,12913,punk,2,0.943,0.441,0.091,0.781,3.03,0
1Dr1fXbc2IxaK1Mu8P8Khz,When I Come Around,Green Day,Dookie,Warped Tour,12913,punk,76,0.909,0.531,0.231,0.814,2.97,0
1nLnpLXvl68RZCSjfkyiaa,Brain Stew,Green Day,Insomniac,Warped Tour,12913,punk,69,0.543,0.559,0.0577,0.337,3.22,0
6ORqU0bHbVCRjXm9AjyHyZ,Good Riddance (Time of Your Life),Green Day,Nimrod,Warped Tour,12913,punk,0,0.432,0.449,0.161,0.645,2.56,0
11LmqTE2naFULdEP94AUBa,Heart-Shaped Box,Nirvana,In Utero - 20th Anniversary - Deluxe Edition,Warped Tour,12913,alt-rock,79,0.641,0.256,0.0853,0.382,4.69,0
11Tm0hw3DDF1gqU0kSEwiC,Rape Me,Nirvana,In Utero - 20th Anniversary - Deluxe Edition,Warped Tour,12913,alt-rock,71,0.746,0.42,0.0661,0.229,2.83,0
5ghIJDpPoe3CfHMGu71E6T,Smells Like Teen Spirit,Nirvana,Nevermind,Warped Tour,12913,alt-rock,83,0.912,0.502,0.106,0.72,5.03,0
4P5KoWXOxwuobLmHXLMobV,Come As You Are,Nirvana,Nevermind,Warped Tour,12913,alt-rock,79,0.824,0.5,0.0916,0.539,3.65,0
2YodwKJnbPyNKe8XXSE9V7,Lithium,Nirvana,Nevermind,Warped Tour,12913,alt-rock,73,0.656,0.678,0.0631,0.485,4.28,0
01a0J96fRD91VnjQQUCqMK,The Kids Aren't Alright,The Offspring,Americana,Warped Tour,12913,alt-rock,81,0.943,0.523,0.0579,0.766,3.0,1
6TfBA04WJ3X1d1wXhaCFVT,"You're Gonna Go Far, Kid",The Offspring,"Rise And Fall, Rage And Grace",Warped Tour,12913,alt-rock,81,0.917,0.55,0.197,0.601,2.96,1
6EsBn1Md8C5YdbCzvwvZq8,Self Esteem,The Offspring,Greatest Hits,Warped Tour,12913,punk-rock,77,0.862,0.488,0.359,0.706,4.3,1
3asFGFY3uLjMDmML1p0tYm,Savior,Rise Against,Appeal To Reason,Warped Tour,12913,hardcore,75,0.932,0.554,0.425,0.478,4.04,0
2GTBnTnkvaNhVg7ADGnVzN,Prayer Of The Refugee,Rise Against,The Sufferer & The Witness,Warped Tour,12913,hardcore,66,0.977,0.198,0.23,0.351,3.32,0
4d4AIYFkR8MSWtKBmphyir,Give It All,Rise Against,Siren Song Of The Counter-Culture,Warped Tour,12913,hardcore,62,0.942,0.587,0.0762,0.389,2.83,0
4xBHZ2Mr0gCdFYXrPZuYXO,Lonely Day,System Of A Down,Hypnotize,Warped Tour,12913,alternative,75,0.796,0.47,0.133,0.215,2.8,0
0EYOdF5FCkgOJJla8DI2Md,B.Y.O.B.,System Of A Down,Mezmerize,Warped Tour,12913,alternative,77,0.981,0.538,0.219,0.711,4.26,0
5V3mdRI2yQxbSsJGDPc5lD,Chop Suey!,System Of A Down,Toxicity,Warped Tour,12913,alternative,83,0.934,0.417,0.132,0.287,3.5,0
7MeXwzhSDGfqNfuFANgzVC,Toxicity,System Of A Down,Toxicity,Warped Tour,12913,alternative,81,0.873,0.413,0.204,0.48,3.65,0
5eFxwmqKrHpSQDOEIFYlgY,Animal I Have Become,Three Days Grace,One-X,Warped Tour,12913,alt-rock,74,0.853,0.553,0.126,0.506,3.86,0
0M955bMOoilikPXwKLYpoi,I Hate Everything About You,Three Days Grace,Three Days Grace,Warped Tour,12913,grunge,72,0.83,0.498,0.139,0.453,3.86,0
4ReyTz0y3TGkX48wO3Llot,Epic,Faith No More,The Real Thing,Warped Tour,12913,alt-rock,0,0.899,0.358,0.195,0.27,4.89,0
23oxJmDc1V9uLUSmN2LIvx,Ocean Avenue,Yellowcard,Ocean Avenue,Warped Tour,12913,punk,74,0.904,0.486,0.0947,0.786,3.3,0
6GKhlcZeyEW9Y5ZLZ37HZ3,"The Words ""Best Friend"" Become Redefined",Chiodos,All's Well That Ends Well,Warped Tour,12913,metalcore,26,0.875,0.328,0.644,0.214,3.6,0
6p4jnIWFWyLz0zUo2RD9iu,"Baby, You Wouldn't Last A Minute On The Creek",Chiodos,All's Well That Ends Well,Warped Tour,12913,metalcore,27,0.904,0.275,0.104,0.101,4.68,0
0INUE1K7cEiE8VH63Rv5RJ,Happy?,Mudvayne,Lost and Found,Warped Tour,12913,groove,69,0.97,0.546,0.275,0.383,3.6,0
4dzOxPZFYX77xpMwv4EhnO,Fat Lip,Sum 41,"All Killer, No Filler",Warped Tour,12913,punk,74,0.914,0.402,0.065,0.626,2.97,1
1gyee1JuFFiP476LQpRMYU,The Red,Chevelle,Wonder What's Next,Warped Tour,12913,grunge,70,0.843,0.509,0.348,0.332,3.97,0
0o995gJCGebaza0LWybToU,Doesn't Remind Me,Audioslave,Out of Exile,Warped Tour,12913,grunge,64,0.768,0.457,0.103,0.232,4.25,0
1p1nO35bbi4ZlQgjIA4oa4,The Kill (Bury Me),Thirty Seconds To Mars,A Beautiful Lie,Warped Tour,12913,grunge,1,0.912,0.179,0.582,0.289,3.86,0
7cITfGsdjGaTP0b5oiLL0z,You're Not Alone,Saosin,Saosin,Warped Tour,12913,hardcore,60,0.845,0.458,0.359,0.175,3.97,0
1twBt7aZiy7HWPG025QGuP,Aerials,System Of A Down,Toxicity,Warped Tour,12913,alternative,77,0.922,0.364,0.0697,0.227,3.93,0
7yoBjKO6cCnK3zV8gr1k4e,Lydia,Highly Suspect,Mister Asylum,Warped Tour,12913,grunge,65,0.706,0.417,0.474,0.512,4.04,0
6dNJ3lasVLPd0078T9yqlm,Joker And The Thief,Wolfmother,Wolfmother,Warped Tour,12913,alt-rock,64,0.8,0.264,0.406,0.465,4.66,0
61mWefnWQOLf90gepjOCb3,Duality,Slipknot,Vol. 3: The Subliminal Verses [Special Package],Warped Tour,12913,alternative,0,0.982,0.354,0.204,0.194,4.21,0
0J69x3mqm7U6tBPKsjpsWR,"Dear Maria, Count Me In",All Time Low,"So Wrong, It's Right",Warped Tour,12913,punk-rock,77,0.895,0.459,0.206,0.572,3.05,0
18IqyOGs1pRNZfbMo93r57,Sweetness,Jimmy Eat World,Bleed American,Warped Tour,12913,power-pop,68,0.898,0.487,0.26,0.597,3.67,0
3mcG2NI5G5vhrQtRda1YnA,The Middle,Jimmy Eat World,Bleed American,Warped Tour,12913,alt-rock,0,0.848,0.644,0.0676,0.928,2.8,0
2nLtzopw4rPReszdYBJU6h,Numb,Linkin Park,Meteora,Warped Tour,12913,alternative,83,0.863,0.496,0.639,0.243,3.09,0
4Yf5bqU3NK4kNOypcrLYwU,Faint,Linkin Park,Meteora,Warped Tour,12913,alternative,77,0.978,0.554,0.0731,0.594,2.71,0
3yE7LC2ZyNWsLRSXHb0J06,Figure.09,Linkin Park,Meteora,Warped Tour,12913,grunge,60,0.951,0.518,0.148,0.537,3.29,0
6zKF4293k44ItKWJJgrhXv,My Curse,Killswitch Engage,As Daylight Dies,Warped Tour,12913,metal,68,0.956,0.197,0.261,0.209,4.08,0
3SVAN3BRByDmHOhKyIDxfC,Karma Police,Radiohead,OK Computer,The List,12914,alt-rock,76,0.501,0.36,0.172,0.324,4.4,0
6u9RqxALwkjJ1ukB1y8vuP,You've Got The Love,Florence + The Machine,Lungs,The List,12914,alternative,0,0.696,0.574,0.102,0.401,2.81,0
3xqF04FdMK7gpIPG3SPFpY,It's Time,Imagine Dragons,Night Visions,The List,12914,rock,72,0.884,0.656,0.144,0.86,3.97,0
2ihCaVdNZmnHZWt0fvAM7B,Little Talks,Of Monsters and Men,My Head Is An Animal,The List,12914,folk,0,0.76,0.446,0.319,0.346,4.44,0
4DmBVImaIhE3RyNvbtZTTz,Hear My Train a Comin',Jimi Hendrix,"People, Hell & Angels",The List,12914,psych-rock,52,0.634,0.371,0.104,0.568,5.7,0
2ThdB23G9Rgf1ExndFGEEg,Tap Out,The Strokes,Comedown Machine,The List,12914,garage,56,0.745,0.737,0.306,0.629,3.71,0
6mcxQ1Y3uQRU0IHsvdNLH1,Where Is My Mind?,Pixies,Surfer Rosa (Remastered),The List,12914,alt-rock,77,0.442,0.513,0.0878,0.243,3.95,0
0fioLzGM8ngbD1w6fMmm45,I'm Not The Only One,Sam Smith,In The Lonely Hour,The List,12914,dance,1,0.487,0.684,0.0821,0.456,3.99,0
6nLvaCZFR1wEzW3sIKpsnr,"Valerie - Live At BBC Radio 1 Live Lounge, London / 2007",Amy Winehouse,Back To Black,The List,12914,british,75,0.371,0.772,0.167,0.684,3.9,0
3rq5w4bQGigXOfdN30ATJt,Do I Wanna Know?,Arctic Monkeys,AM,The List,12914,garage,88,0.532,0.548,0.217,0.405,4.54,0
3omXshBamrREltcf24gYDC,First,Cold War Kids,Hold My Home,The List,12914,blues,67,0.692,0.468,0.523,0.561,3.34,0
1hEh8Hc9lBAFWUghHBsCel,Porcelain,Moby,Play,The List,12914,electronic,30,0.628,0.551,0.282,0.336,3.98,0
2SnPuxrfkfwmdIZBidB9gT,Until The End,Breaking Benjamin,Breaking Benjamin: Digital Box Set,FOR THE BOYS,12915,grunge,60,0.927,0.298,0.296,0.389,4.21,0
4QEFQlNFerDnWvNU8NASiV,Dragula,Rob Zombie,Hellbilly Deluxe,FOR THE BOYS,12915,alt-rock,1,0.978,0.579,0.0955,0.558,3.71,0
4YPhn26bIFm2KUkL1VLzQG,Say It Ain't So,Weezer,Weezer,FOR THE BOYS,12915,alt-rock,1,0.551,0.635,0.07,0.451,4.28,0
6kZFIsYCBeuH0f1zGk1UoM,Simple Man,Lynyrd Skynyrd,(Pronounced 'Leh-'Nérd 'Skin-'Nérd),FOR THE BOYS,12915,blues,74,0.752,0.422,0.129,0.403,5.97,0
6mcxQ1Y3uQRU0IHsvdNLH1,Where Is My Mind?,Pixies,Surfer Rosa (Remastered),FOR THE BOYS,12915,alt-rock,77,0.442,0.513,0.0878,0.243,3.95,0
08yezFIhte4aFiDpmQmQlP,What Ever Happened?,The Strokes,Room On Fire,FOR THE BOYS,12915,garage,62,0.596,0.547,0.273,0.584,2.83,0
4f3RDq9nYPBeR1yMSgnmBm,You've Got Another Thing Coming,Judas Priest,Screaming For Vengeance Special 30th Anniversary Edition,FOR THE BOYS,12915,hard-rock,67,0.833,0.519,0.104,0.532,5.17,0
54yLLvpezvPO1lA3GspiZj,Holy Diver,Dio,Holy Diver,FOR THE BOYS,12915,hard-rock,67,0.783,0.473,0.268,0.124,5.68,0
5wTMQjEx9LWeFwLjolPCUy,What's My Age Again?,blink-182,Blink 182 (Sound and Vision Q4 2007),FOR THE BOYS,12915,punk-rock,4,0.951,0.391,0.0878,0.468,2.48,0
3cfOd4CMv2snFaKAnMdnvK,All Star,Smash Mouth,Astro Lounge,FOR THE BOYS,12915,alt-rock,0,0.867,0.731,0.0861,0.776,3.34,0
3bN4tg6rnNPy9GCkGhym4T,Message In A Bottle - Remastered 2003,The Police,Reggatta De Blanc,FOR THE BOYS,12915,rock,3,0.808,0.568,0.218,0.849,4.84,0
3bH8PZsfbCRIoeNiFm7JmU,All Apologies,Nirvana,MTV Unplugged In New York,FOR THE BOYS,12915,alt-rock,72,0.632,0.446,0.0881,0.359,4.39,0
2smax1OWAxOo63p14G8KZx,Plateau,Nirvana,MTV Unplugged In New York,FOR THE BOYS,12915,grunge,61,0.501,0.45,0.552,0.327,3.63,0
1nFtiJxYdhtFfFtfXBv06s,Something In The Way,Nirvana,Nevermind,FOR THE BOYS,12915,alt-rock,76,0.201,0.427,0.109,0.0668,3.87,0
3ZOEytgrvLwQaqXreDs2Jx,Can't Stop,Red Hot Chili Peppers,By The Way,FOR THE BOYS,12915,alt-rock,82,0.938,0.618,0.167,0.875,4.48,0
62vpWI1CHwFy7tMIcSStl8,No Role Modelz,J. Cole,2014 Forest Hills Drive,Rap,12916,hip-hop,88,0.521,0.69,0.0534,0.494,4.88,0
25khomWgBVamSdKw7hzm3l,The Hills,The Weeknd,Beauty Behind The Madness,Rap,12916,pop,3,0.551,0.565,0.139,0.125,4.04,0
7iL6o9tox1zgHpKUfh9vuC,In Da Club,50 Cent,Get Rich Or Die Tryin',Rap,12916,hip-hop,83,0.713,0.899,0.0708,0.777,3.22,1
3CRDbSIZ4r5MsZ0YwxuEkn,Stressed Out,Twenty One Pilots,Blurryface,Rap,12916,rock,85,0.637,0.734,0.0602,0.648,3.37,0
6ZANrVuAMp2rpjhfbOuJly,Same Old Love,Selena Gomez,Revival,Rap,12916,dance,71,0.593,0.672,0.214,0.438,3.82,0
6aVmwG7MnSN4tdDEZ6RDQp,Only Thing I Ever Get For Christmas,Justin Bieber,Under The Mistletoe,CHRISTMAS,12917,pop,1,0.63,0.54,0.111,0.321,3.2,0
5IFsFwlVkt6uzlAVkOOKk3,Let It Snow! Let It Snow! Let It Snow!,Ella Fitzgerald,Ella Wishes You A Swinging Christmas,CHRISTMAS,12917,blues,0,0.414,0.574,0.172,0.867,2.71,0
5humEOJehpAwMJEJmb0JJ2,The Christmas Song (Merry Christmas To You),Nat King Cole,The Nat King Cole Story,CHRISTMAS,12917,jazz,1,0.21,0.32,0.138,0.208,3.18,0
6gBFPUFcJLzWGx4lenP6h2,goosebumps,Travis Scott,Birds In The Trap Sing McKnight,new,12918,hip-hop,84,0.728,0.841,0.149,0.43,4.06,0
1RiuVQWyC7g7tL3niYzHKP,Marijuana,Chrome Sparks,Sparks EP,Good Vibes ,12919,chill,58,0.655,0.697,0.353,0.415,3.02,0
7cgu4JBW3hq1GwTM1ilkKQ,Talking Body,Tove Lo,Queen Of The Clouds,Good Vibes ,12919,electro,67,0.761,0.736,0.0823,0.114,3.97,1
4VrWlk8IQxevMvERoX08iC,Chandelier,Sia,1000 Forms Of Fear,Good Vibes ,12919,dance,80,0.787,0.399,0.0685,0.572,3.6,0
4aJnMRNeuDZSQN7FaSNGtM,How Did I Get Here,ODESZA,Summer's Gone,Good Vibes ,12919,chill,60,0.579,0.707,0.408,0.357,2.19,0
46lFttIf5hnUZMGvjK0Wxo,Runaway (U & I),Galantis,Pharmacy,Good Vibes ,12919,edm,75,0.805,0.506,0.0856,0.383,3.78,0
4XYxBgTd33PjJeiXnwVLwL,Amor Fati,Washed Out,Within and Without,Good Vibes ,12919,synth-pop,42,0.857,0.508,0.0738,0.531,4.43,0
4i13Vno2UPtn6kp2Ge9N2J,New Theory,Washed Out,Life Of Leisure,Good Vibes ,12919,synth-pop,53,0.865,0.549,0.147,0.355,2.81,0
73fzhVcs7n1wZz84eoE2vs,Drive,Incubus,Make Yourself - Tour Edition,retreat ,12920,alt-rock,75,0.792,0.645,0.119,0.666,3.88,0
3agtg0x11wPvLIWkYR39nZ,Somewhere I Belong,Linkin Park,Meteora,retreat ,12920,alternative,73,0.951,0.451,0.261,0.442,3.57,0
64VuvLffzkSl8d1BLgYKs0,Watch Over You,Alter Bridge,Blackbird,retreat ,12920,alt-rock,60,0.658,0.276,0.161,0.16,4.32,0
5fVZC9GiM4e8vu99W0Xf6J,How to Save a Life,The Fray,How To Save A Life,retreat ,12920,piano,80,0.743,0.64,0.101,0.361,4.38,0
2UKkLqST2xWpK8n1b0Xr5Z,Return To Innocence,Enigma,The Cross Of Changes,retreat ,12920,new-age,66,0.584,0.476,0.274,0.417,4.26,0
3ZMv9EzGoteNi5Qnx0KpEO,Skinny Love,Bon Iver,"For Emma, Forever Ago",retreat ,12920,folk,73,0.263,0.592,0.127,0.109,3.87,0
1Aj0zAi4xfKv0QGSaoWFnS,Beautiful Beat,Nada Surf,Lucky,retreat ,12920,power-pop,26,0.822,0.368,0.129,0.515,4.64,0
2l57cfmCnOkwNX1tky02n1,Move Along,The All-American Rejects,Move Along,retreat ,12920,punk-rock,61,0.92,0.526,0.371,0.615,3.98,0
0z1b34WikhOH9ZxU8QDWcv,One Headlight,The Wallflowers,Bringing Down The Horse,retreat ,12920,alt-rock,0,0.643,0.683,0.0564,0.771,5.21,0
5gBQ3x6u7DCvMW1QoP3CpG,100 Years,Five For Fighting,Playlist: The Very Best Of Five For Fighting,retreat ,12920,acoustic,66,0.569,0.643,0.178,0.275,4.07,0
3mcG2NI5G5vhrQtRda1YnA,The Middle,Jimmy Eat World,Bleed American,retreat ,12920,alt-rock,0,0.848,0.644,0.0676,0.928,2.8,0
3354J49VpkbZJho7Ztdzpw,Jumper - 1998 Edit,Third Eye Blind,Third Eye Blind,retreat ,12920,grunge,67,0.543,0.599,0.291,0.624,4.55,0
2f5N826udWfjT9iomeaBJt,If You're Gone,Matchbox Twenty,Mad Season,retreat ,12920,grunge,64,0.659,0.544,0.126,0.361,4.58,0
3k2Zv2luPZHpxfFjGpr4Mm,How Far We've Come,Matchbox Twenty,Exile On Mainstream,retreat ,12920,grunge,58,0.905,0.566,0.21,0.792,3.5,0
3Cx4yrFaX8CeHwBMReOWXI,We Didn't Start the Fire,Billy Joel,Storm Front,retreat ,12920,piano,76,0.967,0.712,0.356,0.895,4.8,0
4U45aEWtQhrm8A5mxPaFZ7,Vienna,Billy Joel,The Stranger (30th Anniversary Legacy Edition),retreat ,12920,folk,79,0.495,0.532,0.0754,0.308,3.57,0
5qqabIl2vWzo9ApSC317sa,Wonderwall - Remastered,Oasis,(What's The Story) Morning Glory? [Remastered],retreat ,12920,rock,78,0.896,0.378,0.194,0.469,4.31,0
5OQsiBsky2k2kDKy2bX2eT,Learn to Fly,Foo Fighters,There Is Nothing Left To Lose,retreat ,12920,alt-rock,77,0.919,0.465,0.262,0.537,3.92,0
2IPpyxIgVLoDmYGIffJrol,Marchin On,OneRepublic,Waking Up,retreat ,12920,piano,53,0.807,0.508,0.136,0.306,4.19,0
5YScXJKtefsgdskIy60N7A,Tubthumping,Chumbawamba,Tubthumper,retreat ,12920,punk,2,0.871,0.608,0.363,0.61,4.65,0
0iEEDY73hQFa6Ms5KWFQqM,Just Breathe,Pearl Jam,Backspacer,retreat ,12920,grunge,69,0.348,0.473,0.0823,0.283,3.6,0
3ZOEytgrvLwQaqXreDs2Jx,Can't Stop,Red Hot Chili Peppers,By The Way,retreat ,12920,alt-rock,82,0.938,0.618,0.167,0.875,4.48,0
5WSL7UTa38jMWoBzObD4BD,I Can't Stop,Flux Pavilion,I Can't Stop,retreat ,12920,dub,56,0.775,0.513,0.409,0.205,5.1,0
1QEEqeFIZktqIpPI4jSVSF,More Than a Feeling,Boston,Boston,retreat ,12920,country,79,0.681,0.377,0.0504,0.285,4.75,0
7wMq5n8mYSKlQIGECKUgTX,Hall of Fame,The Script,#3 Deluxe Version,retreat ,12920,rock,60,0.872,0.511,0.0975,0.511,3.38,0
3S0OXQeoh0w6AY8WQVckRW,I'm Yours,Jason Mraz,We Sing. We Dance. We Steal Things.,retreat ,12920,acoustic,80,0.444,0.703,0.0973,0.712,4.04,0
3M8FzayQWtkvOhqMn2V4T2,Lean on Me,Bill Withers,Still Bill,retreat ,12920,soul,70,0.22,0.619,0.124,0.426,4.31,0
38jy6kRlPt8z1GUS9WXeNh,93 Million Miles,Jason Mraz,Love Is A Four Letter Word,retreat ,12920,acoustic,0,0.454,0.572,0.0974,0.515,3.61,0
2tP7ZekzXfduShx8C6cbll,I'm Like A Bird,Nelly Furtado,"Whoa, Nelly!",retreat ,12920,latin,1,0.607,0.623,0.227,0.614,4.05,0
7i0E1VKLqvN3jLmnoi68oR,Somewhere In Between,Lifehouse,No Name Face,retreat ,12920,grunge,43,0.415,0.501,0.336,0.227,4.21,0
7HjNOz8Y7H7uSySXuHNg1Y,Ashes of Eden,Breaking Benjamin,Dark Before Dawn,retreat ,12920,grunge,61,0.534,0.241,0.103,0.277,4.89,0
3THdexHRmED4euIY91Zrxc,Away From The Sun,3 Doors Down,Away From The Sun,retreat ,12920,grunge,57,0.677,0.541,0.0854,0.237,3.86,0
6gBFPUFcJLzWGx4lenP6h2,goosebumps,Travis Scott,Birds In The Trap Sing McKnight,Good Vibes,12921,hip-hop,84,0.728,0.841,0.149,0.43,4.06,0
0H7wdsHwWmKGPbGtBGS9DM,Sound of da Police,KRS-One,The Essential Boogie Down Productions / KRS-One,Old School,12922,hardcore,64,0.95,0.794,0.133,0.324,4.31,0
3Ti0GdlrotgwsAVBBugv0I,Can I Kick It?,A Tribe Called Quest,People's Instinctive Travels and the Paths of Rhythm (25th Anniversary Edition),Old School,12922,hardcore,70,0.666,0.848,0.129,0.744,4.19,0
3TZwjdclvWt7iPJUnMpgcs,Jump Around,House Of Pain,House of Pain (Fine Malt Lyrics),Old School,12922,hard-rock,65,0.71,0.854,0.166,0.818,3.58,0
5zwz05jkQVT68CjUpPwFZe,N.Y. State of Mind,Nas,Illmatic XX,Old School,12922,hardcore,72,0.91,0.665,0.227,0.887,4.9,0
34MRi5GRWHFUa731JBxFEl,Chief Rocka,Lords Of The Underground,Here Come the Lords,Old School,12922,hardcore,6,0.716,0.89,0.0657,0.656,4.12,0
1oTHteQbmJw15rPxPVXUTv,Insane in the Brain,Cypress Hill,Black Sunday,Old School,12922,hardcore,75,0.611,0.897,0.0894,0.769,3.47,0
6KIKRz9eSTXdNsGUnomdtW,Straight Outta Compton,N.W.A.,Straight Outta Compton,Old School,12922,hardcore,72,0.878,0.834,0.334,0.418,4.31,0
30oTS7bm0aH3p7lqjEIu8q,Full Clip,Gang Starr,Full Clip: A Decade Of Gang Starr,Old School,12922,hardcore,65,0.745,0.875,0.287,0.749,3.61,0
1w29UTa5uUvIri2tWtZ12Y,Hip Hop Hooray,Naughty By Nature,19 Naughty III,Old School,12922,hardcore,67,0.642,0.862,0.272,0.765,4.45,0
3gY6tiCNsuVi6s8kPV6aQg,Nas Is Like,Nas,I Am...,Old School,12922,hardcore,67,0.845,0.634,0.0598,0.929,3.95,0
32SFvZODywPBVDYSYtqxCj,Ruff Ryders' Anthem,DMX,Greatest Hits With A Twist - Deluxe Edition,Old School,12922,hardcore,70,0.577,0.88,0.201,0.74,3.85,1
1B5BfvGVQ5fPtDN2K8tUdy,Memory Lane (Sittin' in da Park),Nas,Illmatic XX,Old School,12922,hardcore,59,0.841,0.648,0.136,0.624,4.14,0
4P2q1rzZ0XVb2vs3KSUXNF,Simon Says,Pharoahe Monch,Straight Outta Old Skool,Old School,12922,alternative,64,0.916,0.664,0.164,0.559,2.89,0
6uQKuonTU8VKBz5SHZuQXD,This Is How We Do It,Montell Jordan,This Is How We Do It,Old School,12922,j-dance,66,0.702,0.791,0.423,0.789,3.98,0
7nk7oS0G6qG3ofHUAKbg9F,Da Joint,EPMD,Back In Business,Old School,12922,hardcore,61,0.466,0.734,0.106,0.788,3.47,0
7ra5LIcHlKI4QnGzaWV9eK,Bossa Dorado,Stochelo Rosenberg,Seresta,Swing,12923,guitar,22,0.564,0.546,0.118,0.752,3.54,0
3zKST4nk4QJE77oLjUZ0Ng,Hey Brother,Avicii,True,wedding,12924,edm,77,0.78,0.545,0.0828,0.458,4.25,0
27SdWb2rFzO6GWiYDBTD9j,Cheap Thrills,Sia,This Is Acting,wedding,12924,dance,78,0.698,0.628,0.0907,0.732,3.53,0
6M6Tk58pQvABy6ru66dY3d,No Money,Galantis,The Aviary,wedding,12924,edm,68,0.915,0.674,0.273,0.78,3.19,0
5Fim1gaXBgsiFfsQAfQSDS,Hasta el Amanecer,Nicky Jam,Fénix,wedding,12924,latino,71,0.608,0.832,0.0761,0.589,3.31,0
6nsLzJfvp5OLd4mgqUJkpq,Waiting For Love,Avicii,Stories,wedding,12924,dance,81,0.736,0.579,0.198,0.613,3.84,0
46jLy47W8rkf8rEX04gMKB,Wherever I Go,OneRepublic,Oh My My,wedding,12924,piano,70,0.689,0.552,0.27,0.349,2.83,0
1vvNmPOiUuyCbgWmtc6yfm,My Way,Calvin Harris,My Way,wedding,12924,electro,76,0.913,0.818,0.161,0.536,3.65,0
5N8nNuTmIzkZOfcxXlygUw,Ginza,J Balvin,Energía,wedding,12924,latin,0,0.815,0.749,0.0838,0.866,2.85,0
7KXjTSCq5nL1LoYtL7XAwS,HUMBLE.,Kendrick Lamar,DAMN.,Sydney,12925,hip-hop,84,0.621,0.908,0.0958,0.421,2.95,1
62vpWI1CHwFy7tMIcSStl8,No Role Modelz,J. Cole,2014 Forest Hills Drive,Sydney,12925,hip-hop,88,0.521,0.69,0.0534,0.494,4.88,0
3GVkPk8mqxz0itaAriG1L7,Everybody Dies In Their Nightmares,XXXTENTACION,17,Sydney,12925,emo,85,0.57,0.734,0.112,0.689,1.59,0
7m9OqQk4RVRkw9JJdeAw96,Jocelyn Flores,XXXTENTACION,17,Sydney,12925,emo,84,0.391,0.872,0.297,0.437,1.99,0
43ZyHQITOjhciSUUNPVRHc,Gucci Gang,Lil Pump,Lil Pump,Sydney,12925,emo,64,0.523,0.936,0.117,0.699,2.07,0
2ekn2ttSfGqwhhate0LSR0,New Rules,Dua Lipa,Dua Lipa,Sydney,12925,dance,81,0.7,0.762,0.153,0.608,3.48,0
08mG3Y1vljYA6bvDt4Wqkj,Back In Black,AC/DC,Back In Black,rock,12926,hard-rock,85,0.7,0.31,0.0828,0.763,4.26,0
2zYzyRzz6pRmhPzyfMEC8s,Highway to Hell,AC/DC,Highway to Hell,rock,12926,hard-rock,85,0.913,0.574,0.156,0.423,3.47,0
4urmOSZcGQVcGz3rpMzy3y,Irresistible,Fall Out Boy,American Beauty/American Psycho,rock,12926,emo,63,0.938,0.484,0.236,0.444,3.44,0
34Jeq8ktRzyOW1uw40InVy,Uma Thurman,Fall Out Boy,American Beauty/American Psycho,rock,12926,emo,2,0.961,0.623,0.264,0.668,3.53,0
6OZPl7bOm8EOshsVmWH5W8,Immortals,Fall Out Boy,American Beauty/American Psycho,rock,12926,emo,65,0.856,0.703,0.38,0.722,3.16,0
305WCRhhS10XUcH6AEwZk6,Are You Gonna Be My Girl,Jet,Get Born,rock,12926,alt-rock,1,0.95,0.598,0.154,0.577,3.56,0
2iptAVf9jZerlywLwiGhak,Fallen Angel,Three Days Grace,Human,rock,12926,grunge,64,0.911,0.453,0.0627,0.218,3.1,0
0M955bMOoilikPXwKLYpoi,I Hate Everything About You,Three Days Grace,Three Days Grace,rock,12926,grunge,72,0.83,0.498,0.139,0.453,3.86,0
5ynWvN3bQymHVThxutO4hG,Bad Girlfriend,Theory of a Deadman,Scars & Souvenirs,rock,12926,grunge,66,0.957,0.504,0.187,0.676,3.43,0
1uwTmwkjv7wFImfzegvdI6,She Hates Me,Puddle Of Mudd,Come Clean,rock,12926,grunge,72,0.748,0.58,0.753,0.584,3.61,0
5ObqpomvSAh3IdPRTOR5oD,Crazy Bitch,Buckcherry,15,rock,12926,grunge,68,0.978,0.661,0.0856,0.592,3.38,0
0J6mQxEZnlRt9ymzFntA6z,Livin' On A Prayer,Bon Jovi,Slippery When Wet,rock,12926,metal,1,0.89,0.527,0.222,0.818,4.15,0
3KYiA4vq6RPO1dE2XROXd8,You Give Love A Bad Name,Bon Jovi,Slippery When Wet,rock,12926,metal,1,0.964,0.532,0.359,0.804,3.71,0
2fY6tqgrlrg1ky9fgs0t5u,Wanted Dead Or Alive,Bon Jovi,Slippery When Wet,rock,12926,metal,2,0.818,0.265,0.323,0.251,5.14,0
7o2CTH4ctstm8TNelqjb51,Sweet Child O' Mine,Guns N' Roses,Appetite For Destruction,rock,12926,hard-rock,84,0.91,0.454,0.116,0.629,5.93,0
0bVtevEgtDIeRjCJbK3Lmv,Welcome To The Jungle,Guns N' Roses,Appetite For Destruction,rock,12926,hard-rock,80,0.954,0.447,0.298,0.331,4.57,0
3YBZIN3rekqsKxbJc9FZko,Paradise City,Guns N' Roses,Appetite For Destruction,rock,12926,hard-rock,79,0.952,0.273,0.142,0.472,6.82,0
0n2RMFCf3wfKJ9h3E3BKO8,Savin' Me,Nickelback,All The Right Reasons,rock,12926,grunge,70,0.815,0.441,0.414,0.522,3.66,0
3G0PaoAphGzJZbJ6VRQJhs,Second Chance,Shinedown,The Sound of Madness,rock,12926,grunge,69,0.796,0.46,0.106,0.182,3.7,0
2UREu1Y8CO4jXkbvqAtP7g,Monster,Skillet,Awake,rock,12926,alt-rock,77,0.957,0.64,0.0789,0.692,2.97,0
5pRElcsPZrgZXkoON2o5Go,Comatose,Skillet,Comatose,rock,12926,alt-rock,67,0.955,0.359,0.349,0.446,3.84,0
0ILR5GMSzBRp2LrI8GX1Si,I'll Follow You,Shinedown,Amaryllis,rock,12926,grunge,60,0.692,0.537,0.114,0.286,3.98,0
44NRdYQw7P0GWuiunRv3hr,I Stand Alone,Godsmack,Faceless,rock,12926,grunge,68,0.92,0.217,0.102,0.376,4.1,0
7hN5TKSdRb56uytwIpcUES,99 Problems,Hugo,Old Tyme Religion,rock,12926,folk,62,0.557,0.529,0.0734,0.592,2.29,0
0IqKeD8ZSP72KbGYyzEcAs,Take Me To Church,Hozier,Hozier,rock,12926,singer-songwriter,83,0.664,0.566,0.116,0.437,4.03,0
4DMKwE2E2iYDKY01C335Uw,Carry on Wayward Son,Kansas,Leftoverture,rock,12926,hard-rock,76,0.786,0.482,0.446,0.793,5.38,0
5eek2X5459T1HoYJk2CKXv,Last Resort,Papa Roach,Infest,rock,12926,alt-rock,80,0.89,0.589,0.201,0.692,3.33,0
4eAwB5pnKFTmsgc3zWoYO0,Fake It,Seether,Finding Beauty In Negative Spaces,rock,12926,grunge,75,0.95,0.611,0.0543,0.607,3.23,0
3asFGFY3uLjMDmML1p0tYm,Savior,Rise Against,Appeal To Reason,rock,12926,hardcore,75,0.932,0.554,0.425,0.478,4.04,0
1jNOi6m3Hn8nLEeHCp5Msr,Seven Nation Army,The White Stripes,Elephant,rock,12926,alt-rock,84,0.446,0.743,0.337,0.278,3.86,0
6ZOBP3NvffbU4SZcrnt1k6,Kryptonite,3 Doors Down,The Better Life,rock,12926,alt-rock,0,0.848,0.544,0.134,0.489,3.9,0
1bp2IO61zbQrbWNmKKxg3f,The Joker,Steve Miller Band,The Joker,rock,12926,blues,0,0.448,0.596,0.207,0.796,4.41,0
48UPSzbZjgc449aqz8bxox,Californication,Red Hot Chili Peppers,Californication,rock,12926,alt-rock,2,0.765,0.592,0.127,0.327,5.5,0
40LQiUUUKXVGyNs09lHVjW,Lips Of An Angel,Hinder,Extreme Behavior,rock,12926,alt-rock,73,0.736,0.476,0.203,0.251,4.36,0
10fddGyyeUquZZ2uPTjD7P,Better Than Me,Hinder,Extreme Behavior,rock,12926,grunge,63,0.682,0.449,0.175,0.254,3.73,0
3vIw7vxgUTPtppVwMfhcwo,All The Same,Sick Puppies,Dressed Up As Life,rock,12926,grunge,57,0.76,0.311,0.104,0.189,4.31,0
1AEYT6VxrxXPMoQUxsY0E4,Headstrong,Trapt,Trapt,rock,12926,grunge,72,0.896,0.492,0.189,0.534,4.76,0
28IEbk5a7twNTbUEvWslUb,Paralyzer,Finger Eleven,Them Vs. You Vs. Me,rock,12926,grunge,75,0.939,0.644,0.233,0.861,3.47,0
3cd5ZBzm8007hIR88f0v8d,Casual Sex,My Darkest Days,Sick And Twisted Affair,rock,12926,grunge,60,0.922,0.671,0.662,0.858,3.23,0
5eFxwmqKrHpSQDOEIFYlgY,Animal I Have Become,Three Days Grace,One-X,rock,12926,alt-rock,74,0.853,0.553,0.126,0.506,3.86,0
1a2iF9XymafjRk56q7oCxo,Pride and Joy,Stevie Ray Vaughan,Texas Flood (Legacy Edition),rock,12926,blues,67,0.626,0.427,0.106,0.743,3.66,0
3cfOd4CMv2snFaKAnMdnvK,All Star,Smash Mouth,Astro Lounge,rock,12926,alt-rock,0,0.867,0.731,0.0861,0.776,3.34,0
6YUTL4dYpB9xZO5qExPf05,Summer,Calvin Harris,Motion,Summer,12927,electro,82,0.856,0.596,0.141,0.743,3.71,0
03CLsFk6JSz301bKuukPSD,Retrograde,James Blake,Overgrown,Summer,12927,electronic,64,0.251,0.533,0.134,0.186,3.73,0
25khomWgBVamSdKw7hzm3l,The Hills,The Weeknd,Beauty Behind The Madness,Party Playlist,12928,pop,3,0.551,0.565,0.139,0.125,4.04,0
68DcqqXKi0cRlbPlghUhsb,Amazed,Lonestar,The Greatest Hits, Country,12930,country,71,0.543,0.561,0.124,0.243,4.0,0
4YjjNHtEsTX6Af4mCTupT5,Bless The Broken Road,Rascal Flatts,Feels Like Today, Country,12930,country,36,0.448,0.588,0.156,0.362,3.78,0
6U5pgPq1bsJ6UBeakd4mfQ,What Hurts The Most,Rascal Flatts,Me And My Gang, Country,12930,country,71,0.674,0.537,0.265,0.33,3.57,0
5pD1qwHvnKFcQ2qjwsoKYF,Day Drinking,Little Big Town,Pain Killer, Country,12930,country,0,0.959,0.591,0.779,0.86,2.98,0
3duP6mBVDsHM8ioN7o7dAK,Boondocks,Little Big Town,The Road To Here, Country,12930,country,0,0.78,0.406,0.474,0.687,4.54,0
4aY0tZIaboefmkBEsjAovI,If I Die Young,The Band Perry,The Band Perry, Country,12930,country,65,0.497,0.606,0.275,0.362,3.71,0
03fT3OHB9KyMtGMt2zwqCT,Play It Again,Luke Bryan,Crash My Party, Country,12930,country,75,0.886,0.506,0.0734,0.595,3.78,0
0yD66650JxhqKbW76C2qCo,Country Girl (Shake It For Me),Luke Bryan,Tailgates & Tanlines, Country,12930,country,2,0.904,0.644,0.0834,0.672,3.76,0
0KMzyApR43L4JH9ZMHS1Km,Boot Scootin' Boogie,Brooks & Dunn,The Essential Brooks & Dunn, Country,12930,country,71,0.817,0.656,0.304,0.862,3.3,0
4TnUKixNWMfajncgdSwFoi,Amarillo By Morning,George Strait,Strait From The Heart, Country,12930,country,70,0.361,0.606,0.38,0.621,2.89,0
1WzAeadSKJhqykZFbJNmQv,Your Man,Josh Turner,Your Man, Country,12930,country,73,0.637,0.744,0.0696,0.785,3.53,0
0ZUo4YjG4saFnEJhdWp9Bt,Before He Cheats,Carrie Underwood,Some Hearts, Country,12930,country,78,0.749,0.519,0.119,0.29,3.33,0
1q0SkvboXCdVQauHBzVr9z,The Race Is On,George Jones,Country Greats, Country,12930,honky-tonk,22,0.487,0.653,0.17,0.921,2.16,0
7hKpnp7A7bjiZEyywa5Qn4,Girl Crush,Little Big Town,Pain Killer, Country,12930,country,70,0.225,0.5,0.112,0.355,3.22,0
3fqwjXwUGN6vbzIwvyFMhx,Tennessee Whiskey,Chris Stapleton,Traveller, Country,12930,country,81,0.37,0.392,0.0821,0.512,4.89,0
3kJ8jdG4mHCtW2MkZFWZNB,Amazed,Lonestar,Simply The Hits, Country,12930,country,71,0.543,0.561,0.124,0.243,4.05,0
7DY5yIKNVCXulQOQOXo3Kh,Leave This Place,LIONE,Leave This Place,Feelz,12931,dub,42,0.773,0.363,0.0943,0.34,4.85,0
5Ce9z7GqSknXccyppRxNLY,Thief,Ookay,Thief,Feelz,12931,dub,57,0.797,0.57,0.11,0.212,4.0,0
2dEJE18eoskLm4bjSW6kmY,Put Your Records On,Corinne Bailey Rae,Corinne Bailey Rae,grad party,12932,british,0,0.506,0.736,0.134,0.563,3.56,0
2NtAwdkesWt1QkcMTe4IjN,Someone New,Hozier,Hozier,grad party,12932,singer-songwriter,67,0.539,0.593,0.286,0.577,3.71,0
4kbj5MwxO1bq9wjT5g9HaA,Shut Up and Dance,WALK THE MOON,TALKING IS HARD,grad party,12932,alt-rock,83,0.866,0.578,0.257,0.619,3.32,0
7GJClzimvMSghjcrKxuf1M,Budapest,George Ezra,Wanted On Voyage,grad party,12932,folk,79,0.455,0.717,0.11,0.389,3.35,0
5COPw6K4B6PPpeUXIE2Ry5,Feel Again,OneRepublic,Native,grad party,12932,piano,59,0.815,0.467,0.118,0.335,3.08,0
2MLHyLy5z5l5YRp7momlgw,Island In The Sun,Weezer,Weezer (Green Album),grad party,12932,alt-rock,1,0.794,0.654,0.165,0.678,3.34,0
6l9HDwqU46DHCuNyvbmFdP,New Soul,Yael Naim,Yael Naim,grad party,12932,french,59,0.371,0.582,0.122,0.604,3.75,0
5DiXcVovI0FcY2s0icWWUu,Mr. Jones,Counting Crows,August And Everything After,grad party,12932,alt-rock,0,0.836,0.571,0.182,0.73,4.54,0
3354J49VpkbZJho7Ztdzpw,Jumper - 1998 Edit,Third Eye Blind,Third Eye Blind,grad party,12932,grunge,67,0.543,0.599,0.291,0.624,4.55,0
42et6fnHCw1HIPSrdPprMl,Semi-Charmed Life,Third Eye Blind,Third Eye Blind,grad party,12932,grunge,75,0.864,0.64,0.123,0.701,4.47,0
4BGJSbB5rAcg4pNzD4gfxU,Tiny Dancer,Elton John,Madman Across The Water,grad party,12932,piano,78,0.428,0.414,0.148,0.282,6.28,0
0pfG8LwO7hSdHe6hTgc6a6,Outside Villanova,Eric Hutchinson,Sounds Like This,grad party,12932,acoustic,29,0.732,0.785,0.524,0.798,4.26,0
7BVwi9cIzSc6tpyxsp47vJ,Mess Is Mine,Vance Joy,Dream Your Life Away,grad party,12932,folk,64,0.723,0.595,0.0995,0.272,3.73,0
1jdNcAD8Ir58RlsdGjJJdx,Ho Hey,The Lumineers,The Lumineers,grad party,12932,folk,79,0.471,0.682,0.0908,0.421,2.69,0
5WObuDOxPHlQaoYUf2W4lh,Flowers In Your Hair,The Lumineers,The Lumineers,grad party,12932,folk,64,0.609,0.676,0.209,0.557,1.84,0
1jyddn36UN4tVsJGtaJfem,You Are the Best Thing,Ray LaMontagne,Gossip In The Grain,grad party,12932,acoustic,67,0.727,0.578,0.172,0.885,3.86,0
6Uy6K3KdmUdAfelUp0SeXn,Brave,Sara Bareilles,The Blessed Unrest,grad party,12932,acoustic,70,0.836,0.551,0.0425,0.758,3.68,0
3VA8T3rNy5V24AXxNK5u9E,King of Anything,Sara Bareilles,Kaleidoscope Heart,grad party,12932,acoustic,61,0.762,0.676,0.0574,0.81,3.46,0
1UqhkbzB1kuFwt2iy4h29Q,Cough Syrup,Young the Giant,Young the Giant,grad party,12932,alt-rock,0,0.721,0.533,0.115,0.225,4.16,0
1HL3yEnYq8LEyFQ3QegA5V,Crash into Me,Dave Matthews Band,Crash,grad party,12932,j-rock,55,0.677,0.541,0.0938,0.555,5.27,0
3zHq9ouUJQFQRf3cm1rRLu,"Love Me Like You Do - From ""Fifty Shades Of Grey""",Ellie Goulding,Delirium,grad party,12932,dance,79,0.606,0.262,0.125,0.275,4.21,0
0qt5f5EL92o8Snzopsv0en,Geronimo,Sheppard,Bombs Away,grad party,12932,folk,0,0.838,0.682,0.12,0.461,3.64,0
359krpyCKcFF8SFvqWES9L,Wagon Wheel,Old Crow Medicine Show,O.C.M.S.,grad party,12932,bluegrass,67,0.403,0.621,0.114,0.634,3.87,0
04a7TQAQPkXBosRi7IovlM,New Shoes,Paolo Nutini,These Streets,grad party,12932,british,67,0.735,0.748,0.0851,0.854,3.39,0
7jJH8F3PHlNvxfqEAAfFDl,I Choose You,Sara Bareilles,The Blessed Unrest,grad party,12932,acoustic,63,0.572,0.731,0.133,0.947,3.64,0
2fSIF8CJhoc9CJhF9vJDXp,Jolene,Ray LaMontagne,Trouble,grad party,12932,acoustic,64,0.142,0.588,0.0953,0.288,4.18,0
1c7UYTut2SBOPq64o2t0uN,Why Georgia,John Mayer,Room For Squares,grad party,12932,singer-songwriter,64,0.639,0.608,0.0893,0.369,4.48,0
5EQ9yEra0SzVd673ZfKT4C,Brand New,Ben Rector,Brand New,Summer 2016,12933,acoustic,65,0.934,0.555,0.122,0.422,4.07,0
18IqyOGs1pRNZfbMo93r57,Sweetness,Jimmy Eat World,Bleed American,Summer 2016,12933,power-pop,68,0.898,0.487,0.26,0.597,3.67,0
2mPMFJvQ0v27gVqe5b6nDn,Hash Pipe,Weezer,Weezer (Green Album),chill,12934,power-pop,69,0.882,0.578,0.284,0.623,3.11,0
7wclPheMJAUKn2njmO2s3A,Pork And Beans,Weezer,Weezer (Red Album),chill,12934,power-pop,52,0.626,0.599,0.158,0.708,3.16,0
6FxbwB6o1MKOy0dHvxNr2W,Undone - The Sweater Song,Weezer,Weezer,chill,12934,power-pop,72,0.618,0.457,0.0679,0.579,5.08,0
12qZHAeOyTf93YAWvGDTat,All The Small Things,blink-182,Enema Of The State,chill,12934,punk-rock,2,0.9,0.442,0.395,0.609,2.8,0
2ydUT1pFhuLDnouelIv4WH,The Rock Show,blink-182,Take Off Your Pants And Jacket,chill,12934,punk-rock,73,0.959,0.41,0.0766,0.83,2.86,0
7yMiX7n9SBvadzox8T5jzT,Clint Eastwood,Gorillaz,Gorillaz,chill,12934,alternative,3,0.694,0.663,0.0698,0.525,5.68,0
1kusepF3AacIEtUTYrw4GV,Paper Planes,M.I.A.,Kala,chill,12934,indie-pop,77,0.848,0.447,0.65,0.485,3.4,0
6L89mwZXSOwYl76YXfX13s,Basket Case,Green Day,Dookie,chill,12934,punk,2,0.943,0.441,0.091,0.781,3.03,0
6nTiIhLmQ3FWhvrGafw2zj,American Idiot,Green Day,American Idiot,chill,12934,punk,79,0.988,0.38,0.368,0.769,2.94,0
1nLnpLXvl68RZCSjfkyiaa,Brain Stew,Green Day,Insomniac,chill,12934,punk,69,0.543,0.559,0.0577,0.337,3.22,0
6EsBn1Md8C5YdbCzvwvZq8,Self Esteem,The Offspring,Greatest Hits,chill,12934,punk-rock,77,0.862,0.488,0.359,0.706,4.3,1
4BP3uh0hFLFRb5cjsgLqDh,Fortunate Son,Creedence Clearwater Revival,Willy And The Poor Boys,chill,12934,country,0,0.663,0.64,0.152,0.665,2.35,0
18IqyOGs1pRNZfbMo93r57,Sweetness,Jimmy Eat World,Bleed American,chill,12934,power-pop,68,0.898,0.487,0.26,0.597,3.67,0
3asFGFY3uLjMDmML1p0tYm,Savior,Rise Against,Appeal To Reason,chill,12934,hardcore,75,0.932,0.554,0.425,0.478,4.04,0
5ceGigL7CZQ3Ih6W8SIbv8,Blurry,Puddle Of Mudd,Come Clean,chill,12934,grunge,65,0.936,0.432,0.14,0.499,5.07,0
1uwTmwkjv7wFImfzegvdI6,She Hates Me,Puddle Of Mudd,Come Clean,chill,12934,grunge,72,0.748,0.58,0.753,0.584,3.61,0
10Nmj3JCNoMeBQ87uw5j8k,Dani California,Red Hot Chili Peppers,Stadium Arcadium,chill,12934,alt-rock,78,0.913,0.556,0.346,0.73,4.72,0
48UPSzbZjgc449aqz8bxox,Californication,Red Hot Chili Peppers,Californication,chill,12934,alt-rock,2,0.765,0.592,0.127,0.327,5.5,0
4ECNtOnqzxutZkXP4TE3n3,Separate Ways (Worlds Apart),Journey,Frontiers,chill,12934,hard-rock,74,0.962,0.451,0.277,0.377,5.4,0
2Z2vOukzwOgqR4dkymRSWd,Santeria,Sublime,Sublime,chill,12934,punk,1,0.751,0.665,0.121,0.58,3.04,0
2QjOHCTQ1Jl3zawyYOpxh6,Sweater Weather,The Neighbourhood,I Love You.,chill,12934,alt-rock,93,0.807,0.612,0.101,0.398,4.01,0
6Z8R6UsFuGXGtiIxiD8ISb,Safe And Sound,Capital Cities,In A Tidal Wave Of Mystery,chill,12934,rock,83,0.819,0.655,0.104,0.766,3.21,0
2N0volXQpwsvjDorTTxBAU,Bonfire Heart,James Blunt,Moon Landing,chill,12934,rock,0,0.821,0.575,0.124,0.473,3.97,0
3gbBpTdY8lnQwqxNCcf795,Pompeii,Bastille,Bad Blood,chill,12934,rock,1,0.711,0.68,0.241,0.571,3.57,0
6g1NlCpW7fgqDnWbCCDrHl,Wake Me Up - Radio Edit,Avicii,True,chill,12934,dance,1,0.807,0.524,0.212,0.62,4.12,0
6TfBA04WJ3X1d1wXhaCFVT,"You're Gonna Go Far, Kid",The Offspring,"Rise And Fall, Rage And Grace",chill,12934,alt-rock,81,0.917,0.55,0.197,0.601,2.96,1
01a0J96fRD91VnjQQUCqMK,The Kids Aren't Alright,The Offspring,Americana,chill,12934,alt-rock,81,0.943,0.523,0.0579,0.766,3.0,1
51T1wGHtx6hXW89UCzw1Rc,Pretty Fly (For A White Guy),The Offspring,Americana,chill,12934,punk-rock,75,0.895,0.723,0.0717,0.963,3.14,1
027h5P3kCyktHv9dpHUBBS,Why Don't You Get A Job,The Offspring,Americana,chill,12934,punk-rock,2,0.882,0.766,0.281,0.547,2.87,1
5EuWYcCiqOaf9jkWBauDFN,Want You Bad,The Offspring,Conspiracy Of One,chill,12934,punk-rock,72,0.966,0.491,0.307,0.614,3.38,1
2kWowW0k4oFymhkr7LmvzO,Come with Me Now,KONGOS,Lunatic,chill,12934,blues,67,0.726,0.654,0.0618,0.728,3.53,0
0fioLzGM8ngbD1w6fMmm45,I'm Not The Only One,Sam Smith,In The Lonely Hour,chill,12934,dance,1,0.487,0.684,0.0821,0.456,3.99,0
34Jeq8ktRzyOW1uw40InVy,Uma Thurman,Fall Out Boy,American Beauty/American Psycho,chill,12934,emo,2,0.961,0.623,0.264,0.668,3.53,0
0ct6r3EGTcMLPtrXHDvVjc,The Nights,Avicii,The Days / Nights,chill,12934,dance,86,0.835,0.527,0.249,0.654,2.94,0
4kbj5MwxO1bq9wjT5g9HaA,Shut Up and Dance,WALK THE MOON,TALKING IS HARD,chill,12934,alt-rock,83,0.866,0.578,0.257,0.619,3.32,0
4iOoHmJJiqyTxsXSa5uELv,Like I Can,Sam Smith,In The Lonely Hour,chill,12934,dance,0,0.683,0.628,0.176,0.462,2.78,0
6sKAs2tdtTVTO2U0IgJAur,Emergency,Icona Pop,Emergency,chill,12934,synth-pop,56,0.969,0.834,0.0635,0.928,2.83,0
3CRDbSIZ4r5MsZ0YwxuEkn,Stressed Out,Twenty One Pilots,Blurryface,chill,12934,rock,85,0.637,0.734,0.0602,0.648,3.37,0
6vSforRhuzsA0D0SO9fG1S,One Call Away,Charlie Puth,Nine Track Mind,chill,12934,dance,0,0.613,0.667,0.115,0.472,3.24,0
7br84ZQ7X2IGahwaC2FlZs,Gonna Love Ya,Avicii,Stories,chill,12934,dance,0,0.666,0.718,0.129,0.702,3.6,0
6i0V12jOa3mr6uu4WYhUBr,Heathens,Twenty One Pilots,Heathens,chill,12934,rock,81,0.396,0.732,0.105,0.548,3.27,0
2H6dHxAxGq5oQ9EiinNpXT,Spirits,The Strumbellas,Hope,chill,12934,folk,63,0.657,0.556,0.113,0.79,3.39,0
1rIKgCH4H52lrvDcz50hS8,Lush Life,Zara Larsson,So Good,YA,12935,dance,78,0.712,0.694,0.211,0.799,3.35,0
2DpCdPMg1BADE4HDnxt3Rd,"Sit Still, Look Pretty",Daya,"Sit Still, Look Pretty",YA,12935,dance,63,0.787,0.655,0.178,0.554,3.37,0
0OwX5aROoW1Iip8FV51Efg,Alarm,Anne-Marie,Alarm,YA,12935,dance,0,0.589,0.756,0.176,0.811,3.43,0
6M6Tk58pQvABy6ru66dY3d,No Money,Galantis,The Aviary,YA,12935,edm,68,0.915,0.674,0.273,0.78,3.19,0
27SdWb2rFzO6GWiYDBTD9j,Cheap Thrills,Sia,This Is Acting,YA,12935,dance,78,0.698,0.628,0.0907,0.732,3.53,0
46jLy47W8rkf8rEX04gMKB,Wherever I Go,OneRepublic,Oh My My,YA,12935,piano,70,0.689,0.552,0.27,0.349,2.83,0
6i0V12jOa3mr6uu4WYhUBr,Heathens,Twenty One Pilots,Heathens,YA,12935,rock,81,0.396,0.732,0.105,0.548,3.27,0
1Co1RNm1i1RL9v1VeShNO3,Dancing On My Own,Robyn,Body Talk Pt. 1,YA,12935,swedish,64,0.857,0.674,0.0942,0.278,4.81,0
7wMq5n8mYSKlQIGECKUgTX,Hall of Fame,The Script,#3 Deluxe Version,Lose It,12936,rock,60,0.872,0.511,0.0975,0.511,3.38,0
2iUmqdfGZcHIhS3b9E9EWq,Everybody Talks,Neon Trees,Picture Show,Lose It,12936,alt-rock,80,0.924,0.471,0.313,0.725,2.95,0
378iszndTZAR4dH8kwsLC6,Cheap Thrills,Sia,This Is Acting,Lose It,12936,dance,78,0.698,0.628,0.0907,0.732,3.75,0
4kbj5MwxO1bq9wjT5g9HaA,Shut Up and Dance,WALK THE MOON,TALKING IS HARD,Lose It,12936,alt-rock,83,0.866,0.578,0.257,0.619,3.32,0
3gbBpTdY8lnQwqxNCcf795,Pompeii,Bastille,Bad Blood,Lose It,12936,rock,1,0.711,0.68,0.241,0.571,3.57,0
6g1NlCpW7fgqDnWbCCDrHl,Wake Me Up - Radio Edit,Avicii,True,Lose It,12936,dance,1,0.807,0.524,0.212,0.62,4.12,0
6VrLYoQKdhu1Jruei06t65,Somebody To You,The Vamps,Meet The Vamps,Lose It,12936,dance,77,0.818,0.526,0.333,0.896,3.08,0
6Z8R6UsFuGXGtiIxiD8ISb,Safe And Sound,Capital Cities,In A Tidal Wave Of Mystery,Lose It,12936,rock,83,0.819,0.655,0.104,0.766,3.21,0
6YUTL4dYpB9xZO5qExPf05,Summer,Calvin Harris,Motion,Lose It,12936,electro,82,0.856,0.596,0.141,0.743,3.71,0
3zKST4nk4QJE77oLjUZ0Ng,Hey Brother,Avicii,True,Lose It,12936,edm,77,0.78,0.545,0.0828,0.458,4.25,0
5nkYHBWXu7KCgcdwP6jcB1,What I Got,Sublime,Sublime,Upbeat,12940,punk,1,0.693,0.804,0.314,0.654,2.85,0
2hmibAtdObO8F4tnhLENuQ,Reptilia,The Strokes,Room On Fire,Upbeat,12940,alt-rock,75,0.649,0.489,0.101,0.77,3.66,0
37pK088xTo1ZpR3y23wsFk,Arms Of A Woman,Amos Lee,Amos Lee,Chill,12941,acoustic,60,0.0674,0.54,0.109,0.12,4.19,0
72SPsHheqN6J3sI520jT9E,Colors,Amos Lee,Amos Lee,Chill,12941,acoustic,64,0.168,0.681,0.109,0.29,2.67,0
2TRFIQpTqq12xGpFJEr0Ft,Worth It,Fifth Harmony,Reflection,empowerment,12942,dance,64,0.78,0.858,0.133,0.602,3.74,0
0XRbYXQUymj9SJkrr8YK5B,Keep Ya Head Up,2Pac,Strictly 4 My N.I.G.G.A.Z...,empowerment,12942,funk,71,0.732,0.598,0.508,0.595,4.38,0
60Pe9j2pCBa4Zp4ztf5nhd,Windowlicker,Aphex Twin,Windowlicker,truth,12943,ambient,55,0.789,0.698,0.366,0.492,6.14,0
6eNQBntWe7hh6N0h62tRcg,When A Fire Starts To Burn,Disclosure,Settle,truth,12943,house,0,0.732,0.863,0.243,0.672,4.73,0
2lJ4d8MCT6ZlDRHKJ1br14,Cirrus,Bonobo,The North Borders,truth,12943,electronic,59,0.844,0.64,0.0827,0.364,5.87,0
2FxwTax2LGVybNIrreiwXv,Come With Me - Radio Mix,Nora En Pure,Come With Me (Remixes),Dopamine,12944,deep-house,64,0.758,0.677,0.22,0.308,2.89,0
4QlzkaRHtU8gAdwqjWmO8n,Friday I'm In Love,The Cure,Wish,The Cure,12945,punk-rock,1,0.946,0.552,0.368,0.458,3.59,0
4NnWuGQujzWUEg0uZokO5M,Just Like Heaven,The Cure,"Kiss Me, Kiss Me, Kiss Me",The Cure,12945,punk-rock,72,0.94,0.437,0.222,0.48,3.53,0
4CRpOsjhvgxjF7rQufmyZ1,Inbetween Days,The Cure,The Head On The Door,The Cure,12945,punk-rock,68,0.836,0.546,0.166,0.735,2.97,0
6wVViUl2xSRoDK2T7dMZbR,Bizarre Love Triangle,New Order,Brotherhood [Collector's Edition],The Cure,12945,synth-pop,66,0.885,0.613,0.0997,0.919,4.39,0
2JO3HwMRPeya8bXbtbyPcf,Love Will Tear Us Apart,Joy Division,The Best Of,The Cure,12945,alt-rock,0,0.902,0.524,0.137,0.907,3.45,0
35E2eKIEXXnP5q9L51iOAk,The Killing Moon,Echo & the Bunnymen,Ocean Rain,The Cure,12945,punk-rock,0,0.85,0.522,0.295,0.71,5.8,0
3rq5w4bQGigXOfdN30ATJt,Do I Wanna Know?,Arctic Monkeys,AM,The Cure,12945,garage,88,0.532,0.548,0.217,0.405,4.54,0
3Oa8vnNXStoOHLbJwwMEDP,Lips Like Sugar,Echo & the Bunnymen,Echo & the Bunnymen,The Cure,12945,punk-rock,0,0.934,0.552,0.258,0.863,4.86,0
3hB5DgAiMAQ4DzYbsMq1IT,Love Yourself,Justin Bieber,Purpose,Adrenaline ,12946,pop,84,0.378,0.609,0.28,0.515,3.9,0
6RSNKGdv3nDTHqgw4bdzyF,Yours,Russell Dickerson,Yours,Adrenaline ,12946,country,67,0.722,0.554,0.0861,0.558,3.62,0
4YjjNHtEsTX6Af4mCTupT5,Bless The Broken Road,Rascal Flatts,Feels Like Today,Adrenaline ,12946,country,36,0.448,0.588,0.156,0.362,3.78,0
7hKpnp7A7bjiZEyywa5Qn4,Girl Crush,Little Big Town,Pain Killer,Adrenaline ,12946,country,70,0.225,0.5,0.112,0.355,3.22,0
7pzdiluN2tVrxsFGyM2Asc,I Lived,OneRepublic,Native,Forever Favorites,12947,piano,71,0.851,0.593,0.271,0.344,3.91,0
0rihwLdlvtYbb05MDhnvfd,Kiss The Rain,Yiruma,River Flows In You,Forever Favorites,12947,classical,61,0.0519,0.56,0.117,0.182,4.28,0
5uCax9HTNlzGybIStD3vDh,Say You Won't Let Go,James Arthur,Back from the Edge,Forever Favorites,12947,pop,85,0.557,0.358,0.0902,0.494,3.52,0
3i0J9e00YhlrKO7AqgdO8Z,She Used to Be Mine,Jessie Mueller,She Used to Be Mine,Forever Favorites,12947,show-tunes,58,0.223,0.606,0.115,0.132,4.34,0
14UvqLsdqw2dsmVkmTYptE,Can't Help Falling In Love,Kina Grannis,The Living Room Sessions Vol. 3,Forever Favorites,12947,acoustic,71,0.0596,0.266,0.132,0.143,3.14,0
24UxG3p1Ghtc5ejJtGBoeL,Can't Help Falling In Love - Piano Version,Kina Grannis,Can't Help Falling In Love,Forever Favorites,12947,acoustic,54,0.0937,0.271,0.108,0.147,3.53,0
5zT5cMnMKoyruPj13TQXGx,I Found,Amber Run,5AM (Deluxe),Forever Favorites,12947,folk,74,0.303,0.567,0.104,0.252,4.55,0
6ooluO7DiEhI1zmK94nRCM,Take Me Out,Franz Ferdinand,Franz Ferdinand,Baby Driver,12948,alt-rock,79,0.663,0.277,0.136,0.527,3.95,0
29tzJGvqJPTAFs6LXmsHoA,R U Mine?,Arctic Monkeys,AM,Baby Driver,12948,garage,83,0.758,0.288,0.303,0.619,3.36,0
70wYA8oYHoMzhRRkARoMhU,When You Were Young,The Killers,Sam's Town,Baby Driver,12948,alt-rock,5,0.976,0.441,0.298,0.248,3.67,0
7rqyZM53JpYj86avtfmyeg,My Type,Saint Motel,My Type,Baby Driver,12948,alt-rock,70,0.896,0.595,0.0748,0.567,3.44,0
6wVViUl2xSRoDK2T7dMZbR,Bizarre Love Triangle,New Order,Brotherhood [Collector's Edition],Baby Driver,12948,synth-pop,66,0.885,0.613,0.0997,0.919,4.39,0
3cfOd4CMv2snFaKAnMdnvK,All Star,Smash Mouth,Astro Lounge,Baby Driver,12948,alt-rock,0,0.867,0.731,0.0861,0.776,3.34,0
3CRDbSIZ4r5MsZ0YwxuEkn,Stressed Out,Twenty One Pilots,Blurryface,Baby Driver,12948,rock,85,0.637,0.734,0.0602,0.648,3.37,0
5u6y4u5EgDv0peILf60H5t,Oye Como Va,Santana,Abraxas,Baby Driver,12948,blues,67,0.379,0.736,0.104,0.948,4.28,0
5YScXJKtefsgdskIy60N7A,Tubthumping,Chumbawamba,Tubthumper,Baby Driver,12948,punk,2,0.871,0.608,0.363,0.61,4.65,0
0w5Bdu51Ka25Pf3hojsKHh,Hard Times,Paramore,After Laughter,Baby Driver,12948,emo,75,0.818,0.695,0.0219,0.916,3.04,0
5QldjuXcxplhjjUqLrzl6H,Kids,MGMT,Oracular Spectacular/Congratulations,Baby Driver,12948,alt-rock,78,0.931,0.451,0.361,0.172,5.05,0
2i37Y95xkPhHtoYBywVBUm,"Steady, As She Goes",The Raconteurs,Broken Boy Soldiers,Baby Driver,12948,blues,70,0.578,0.525,0.108,0.537,3.59,0
4FSm0Ca6Hzd7Vx7TpSfcSy,Arabella,Arctic Monkeys,AM,Baby Driver,12948,garage,78,0.558,0.579,0.212,0.506,3.46,0
4QlzkaRHtU8gAdwqjWmO8n,Friday I'm In Love,The Cure,Wish,Baby Driver,12948,punk-rock,1,0.946,0.552,0.368,0.458,3.59,0
6HZ67VImxqr8aMBEEhblzf,Cars,Gary Numan,The Pleasure Principle,Baby Driver,12948,synth-pop,63,0.578,0.545,0.0692,0.819,3.98,0
3bN4tg6rnNPy9GCkGhym4T,Message In A Bottle - Remastered 2003,The Police,Reggatta De Blanc,Baby Driver,12948,rock,3,0.808,0.568,0.218,0.849,4.84,0
6L7CjMm9gJNn8Ze62bRk3g,Sugar Sugar,The Archies,Absolutely the Best of the Archies,Baby Driver,12948,r-n-b,69,0.725,0.757,0.108,0.965,2.79,0
67csrS6po7IyXfwds4azjr,It's Not Unusual,Tom Jones,Along Came Tom Jones,Baby Driver,12948,british,0,0.815,0.521,0.126,0.95,2.0,0
2BaXRCVgn621xHOGoFSuW5,I Really Like You,Carly Rae Jepsen,Emotion,Baby Driver,12948,electro,70,0.805,0.62,0.285,0.586,3.41,0
3v9xlH6BpmRbqL7hgNJhfT,I Get Around (Mono),The Beach Boys,All Summer Long,Baby Driver,12948,psych-rock,66,0.625,0.39,0.0663,0.514,2.24,0
7oK9VyNzrYvRFo7nQEYkWN,Mr. Brightside,The Killers,Hot Fuss,Baby Driver,12948,alt-rock,2,0.931,0.344,0.0903,0.251,3.71,0
1jNOi6m3Hn8nLEeHCp5Msr,Seven Nation Army,The White Stripes,Elephant,Baby Driver,12948,alt-rock,84,0.446,0.743,0.337,0.278,3.86,0
4bPQs0PHn4xbipzdPfn6du,I Write Sins Not Tragedies,Panic! At The Disco,A Fever You Can't Sweat Out,Baby Driver,12948,rock,3,0.792,0.565,0.114,0.639,3.13,0
0KKkJNfGyhkQ5aFogxQAPU,That's What I Like,Bruno Mars,24K Magic,Baby Driver,12948,dance,83,0.56,0.853,0.0944,0.86,3.44,0
5K7gayhe40Jdckjo20XmfB,Skiptracing,Mild High Club,Skiptracing,Baby Driver,12948,garage,57,0.677,0.72,0.397,0.821,3.66,0
6RrXd9Hph4hYR4bf3dbM6H,My Girl,The Temptations,The Temptations Sing Smokey,Baby Driver,12948,funk,79,0.418,0.572,0.0961,0.694,2.75,0
20I6sIOMTCkB6w7ryavxtO,Call Me Maybe,Carly Rae Jepsen,Kiss,Baby Driver,12948,electro,80,0.58,0.783,0.108,0.66,3.22,0
40dJCw4xU6Bd5ie9rfagNo,Everybody Wants To Rule The World,Tears For Fears,Songs From The Big Chair,Baby Driver,12948,synth-pop,87,0.795,0.645,0.104,0.535,4.19,0
3LIaJyHeA9lxmskbFaez44,Lay All Your Love On Me,ABBA,Super Trouper,Baby Driver,12948,swedish,74,0.727,0.678,0.354,0.71,4.57,0
3G7tRC24Uh09Hmp1KZ7LQ2,I'm a Believer,The Monkees,More Of The Monkees (Deluxe Edition),Baby Driver,12948,psych-rock,57,0.772,0.502,0.199,0.935,2.79,0
2E2ZVy2fxslpAUgbb4zu84,Abracadabra,Steve Miller Band,Abracadabra,Baby Driver,12948,blues,2,0.534,0.791,0.156,0.963,5.14,0
4alHo6RGd0D3OUbTPExTHN,Just What I Needed,The Cars,The Cars,Baby Driver,12948,hard-rock,0,0.627,0.64,0.0764,0.793,3.76,0
4DMKwE2E2iYDKY01C335Uw,Carry on Wayward Son,Kansas,Leftoverture,Baby Driver,12948,hard-rock,76,0.786,0.482,0.446,0.793,5.38,0
1HOMkjp0nHMaTnfAkslCQj,My Sharona,The Knack,Get The Knack,Baby Driver,12948,power-pop,75,0.7,0.586,0.0318,0.897,4.92,0
3RNyGLgSvmVRZ7xKUp8Wgd,In the Summertime,Mungo Jerry,In the Summertime,Baby Driver,12948,blues,27,0.449,0.754,0.162,0.973,3.53,0
1yKu2MhpwzDXXH2tzG6xoa,Beverly Hills,Weezer,Make Believe,Baby Driver,12948,power-pop,71,0.823,0.693,0.328,0.741,3.27,0
6MjljecHzHelUDismyKkba,Everytime We Touch - Radio Edit,Cascada,Everytime We Touch,Baby Driver,12948,german,63,0.977,0.64,0.371,0.493,3.32,0
2MLHyLy5z5l5YRp7momlgw,Island In The Sun,Weezer,Weezer (Green Album),Baby Driver,12948,alt-rock,1,0.794,0.654,0.165,0.678,3.34,0
4YPhn26bIFm2KUkL1VLzQG,Say It Ain't So,Weezer,Weezer,Baby Driver,12948,alt-rock,1,0.551,0.635,0.07,0.451,4.28,0
7GptbanebPZYkLPvjNfd6m,Buddy Holly,Weezer,Weezer,Baby Driver,12948,alt-rock,0,0.921,0.555,0.117,0.775,2.66,0
0IqKeD8ZSP72KbGYyzEcAs,Take Me To Church,Hozier,Hozier,Baby Driver,12948,singer-songwriter,83,0.664,0.566,0.116,0.437,4.03,0
2NtAwdkesWt1QkcMTe4IjN,Someone New,Hozier,Hozier,Baby Driver,12948,singer-songwriter,67,0.539,0.593,0.286,0.577,3.71,0
7yMiX7n9SBvadzox8T5jzT,Clint Eastwood,Gorillaz,Gorillaz,Baby Driver,12948,alternative,3,0.694,0.663,0.0698,0.525,5.68,0
3QyPsavxL681NX7SPVGd5T,Sway (Quien Sera),Dean Martin,"Dean Martin: The Capitol Recordings, Vol. 5 (1954)",Baby Driver,12948,jazz,59,0.239,0.601,0.0748,0.569,2.75,0
7cdnq45E9aP2XDStHg5vd7,Cherry Bomb,The Runaways,The Runaways,Baby Driver,12948,punk,0,0.855,0.495,0.141,0.496,2.31,0
7fQ3PYTYdu208fQ3JEm2U7,Ain't That A Kick In The Head,Dean Martin,"Dean Martin: The Capitol Recordings, Vol. 11 (1960-1961)",Baby Driver,12948,jazz,0,0.252,0.647,0.3,0.72,2.45,0
6FxbwB6o1MKOy0dHvxNr2W,Undone - The Sweater Song,Weezer,Weezer,Baby Driver,12948,power-pop,72,0.618,0.457,0.0679,0.579,5.08,0
6eNQBntWe7hh6N0h62tRcg,When A Fire Starts To Burn,Disclosure,Settle,intoxicated,12949,house,0,0.732,0.863,0.243,0.672,4.73,0
4Wxoq8aU3AWcXnuNn3FzOQ,Dum Dee Dum,Keys N Krates,Dum Dee Dum,intoxicated,12949,electronic,57,0.891,0.755,0.12,0.515,3.2,0
5b9iBVhfYxDF4JJcHrNIx5,Gooey,Glass Animals,ZABA,party,12950,indie-pop,71,0.369,0.487,0.0925,0.106,4.82,1
1dv3ePjze9tPq2pk8eWJdR,Gimme Shelter,The Rolling Stones,Let It Bleed,party,12950,british,0,0.63,0.634,0.169,0.489,4.51,0
2aoo2jlRnM3A0NyLQqMN2f,All Along the Watchtower,Jimi Hendrix,Electric Ladyland,party,12950,blues,77,0.805,0.438,0.0842,0.564,4.01,0
6DmfWj5kOa1fX8AwN9byOn,L.A. Woman,The Doors,L.A. Woman,party,12950,psych-rock,0,0.731,0.354,0.115,0.697,7.85,0
43DeSV93pJPT4lCZaWZ6b1,The Boys Are Back In Town,Thin Lizzy,Jailbreak,party,12950,blues,0,0.87,0.457,0.117,0.694,4.45,0
7j3rPeNrEG38UU2gPA42Qs,Miss You - Remastered,The Rolling Stones,"Jump Back - The Best Of The Rolling Stones, '71 - '93",party,12950,british,69,0.71,0.795,0.344,0.845,3.58,0
0wJoRiX5K5BxlqZTolB2LD,Purple Haze,Jimi Hendrix,Are You Experienced,party,12950,blues,71,0.905,0.533,0.0698,0.486,2.85,0
23MrkN7g6Q5U7GLIxNHN1B,Foxey Lady,Jimi Hendrix,Are You Experienced,party,12950,psych-rock,61,0.847,0.507,0.372,0.566,3.31,0
5X76oXHcR5uCXali0gOyX5,White Room,Cream,Wheels Of Fire,party,12950,blues,70,0.576,0.553,0.0365,0.457,5.05,0
2KmEgiY8fQs0G6WNxtzQKr,Baba O'Riley,The Who,Who's Next,party,12950,blues,76,0.724,0.489,0.287,0.15,5.01,0
64BbK9SFKH2jk86U3dGj2P,Otherside,Red Hot Chili Peppers,Californication,party,12950,alt-rock,80,0.795,0.458,0.0756,0.513,4.26,0
48UPSzbZjgc449aqz8bxox,Californication,Red Hot Chili Peppers,Californication,party,12950,alt-rock,2,0.765,0.592,0.127,0.327,5.5,0
2Z2vOukzwOgqR4dkymRSWd,Santeria,Sublime,Sublime,party,12950,punk,1,0.751,0.665,0.121,0.58,3.04,0
7KXjTSCq5nL1LoYtL7XAwS,HUMBLE.,Kendrick Lamar,DAMN.,party,12950,hip-hop,84,0.621,0.908,0.0958,0.421,2.95,1
7FvS9PhfQkRRSYnw8IqWYC,The Unforgiven II,Metallica,Reload,FFS,12951,hard-rock,66,0.89,0.497,0.255,0.249,6.61,0
3R7BESMkNMltKGsnZ2ajBZ,Battery,Metallica,Master Of Puppets,FFS,12951,hard-rock,65,0.928,0.481,0.106,0.427,5.21,0
0BAjUM6V9P9g8rK83hVUTJ,The Unforgiven,Metallica,Metallica,FFS,12951,hard-rock,74,0.584,0.54,0.253,0.244,6.44,0
1znPMY3zq78mVuTAmOA9O7,Nothing Else Matters,Metallica,Metallica,FFS,12951,hard-rock,80,0.362,0.553,0.075,0.158,6.47,0
1bdXMstfxFWYSkEFTnJMoN,Enter Sandman,Metallica,Metallica,FFS,12951,hard-rock,81,0.828,0.577,0.0581,0.604,5.52,0
1FPSkRkDlthbAceSIIWc4C,Welcome Home (Sanitarium) - Remastered,Metallica,Master Of Puppets,FFS,12951,hard-rock,59,0.766,0.306,0.102,0.42,6.45,0
5fw155BcK86PwD3obrSraP,Wherever I May Roam,Metallica,Metallica,FFS,12951,hard-rock,66,0.824,0.55,0.0865,0.332,6.73,0
0WU6Qk6cYEGfoCrSNB7CUR,Ride The Lightning - Remastered,Metallica,Ride The Lightning,FFS,12951,hard-rock,60,0.975,0.257,0.222,0.276,6.62,0
4dIgclJtPuphBciKtMmdFg,Seek & Destroy - Remastered,Metallica,Kill 'Em All,FFS,12951,hard-rock,69,0.964,0.445,0.0773,0.448,6.91,0
2S7dIlkIskYF2mv1R66O1m,For Whom The Bell Tolls - Remastered,Metallica,Ride The Lightning,FFS,12951,hard-rock,73,0.858,0.518,0.0598,0.249,5.17,0
30Ce5Z3hp3EkyXeyGAeysC,The Four Horsemen - Remastered,Metallica,Kill 'Em All,FFS,12951,hard-rock,60,0.938,0.224,0.106,0.327,7.21,0
5EfAd9p6NrIt4czimm4dY2,The Day That Never Comes,Metallica,Death Magnetic,FFS,12951,hard-rock,65,0.982,0.334,0.106,0.501,7.94,0
6RioKpKPuG1vuyU0wnlAZx,21st Century Girl,BTS,Wings,BLACKPINK,12952,k-pop,65,0.906,0.716,0.0547,0.763,3.21,0
5RGf8qn1TBWVplLyyKUsuV,Blood Sweat & Tears,BTS,Wings,BLACKPINK,12952,k-pop,75,0.885,0.584,0.357,0.605,3.62,0
2cn8rNlgnQOJoqWqXRvWQu,Lie,BTS,Wings,BLACKPINK,12952,k-pop,70,0.779,0.541,0.177,0.501,3.6,0
4vsikz3bK2s1u7EuWWyErY,Silver Spoon,BTS,The Most Beautiful Moment In Life Pt.2,BLACKPINK,12952,k-pop,71,0.879,0.65,0.0483,0.536,3.89,0
1hehPTlSVIhHEvCkVoe4HX,N.O,BTS,"O!RUL8,2?",BLACKPINK,12952,k-pop,62,0.909,0.597,0.374,0.564,3.5,0
1QWxddJmOhQb1vDdyTipMR,BTS Cypher 4,BTS,Wings,BLACKPINK,12952,k-pop,66,0.797,0.817,0.0551,0.361,4.91,0
4CbKVDZkYKdv69I4bCaKUq,Hero,Skillet,Awake,Jesus Music,12953,alt-rock,72,0.967,0.533,0.336,0.782,3.11,0
1z5xgcRgxxGEKrXUCEFpA9,Forever - Live,Kari Jobe,Majestic,Jesus Music,12953,world-music,57,0.697,0.268,0.38,0.112,6.83,0
5AcdaSVQfLcUKMaqchfBie,My Lighthouse,Rend Collective,The Art Of Celebration,Jesus Music,12953,world-music,61,0.805,0.545,0.781,0.727,3.74,0
7zJg7aNCvTKW9EtG1Dvzkl,Fix My Eyes,for KING & COUNTRY,RUN WILD. LIVE FREE. LOVE STRONG. (Deluxe Anniversary Edition),Jesus Music,12953,world-music,57,0.739,0.587,0.049,0.549,3.6,0
5MCG4XcVcvCOXWpSg2cfRC,Shoulders,for KING & COUNTRY,RUN WILD. LIVE FREE. LOVE STRONG. (Deluxe Anniversary Edition),Jesus Music,12953,world-music,55,0.744,0.518,0.109,0.161,5.06,0
0YIJ5WfVKpq7B21QRkmRJR,Ceasefire,for KING & COUNTRY,RUN WILD. LIVE FREE. LOVE STRONG. (Deluxe Anniversary Edition),Jesus Music,12953,world-music,46,0.78,0.643,0.0941,0.48,4.28,0
6goM4VNCDajmBCqDNDarVe,It's Not Over Yet,for KING & COUNTRY,RUN WILD. LIVE FREE. LOVE STRONG. (Deluxe Anniversary Edition),Jesus Music,12953,world-music,52,0.604,0.575,0.0725,0.517,3.65,0
22wEdAfAi35HqfNBCRzaz4,When You Walk Into The Room,Bryan & Katie Torwalt,Kingdom Come,Jesus Music,12953,world-music,56,0.58,0.21,0.13,0.118,4.81,0
6oyUroY42HiaD9Q9VBw4BP,Here Without You - Acoustic Version,3 Doors Down,Seventeen Days,somebody that i used to know,12955,alt-rock,64,0.574,0.551,0.186,0.308,3.87,0
7qiZfU4dY1lWllzX7mPBI3,Shape of You,Ed Sheeran,÷,somebody that i used to know,12955,pop,86,0.652,0.825,0.0931,0.931,3.9,0
5uCax9HTNlzGybIStD3vDh,Say You Won't Let Go,James Arthur,Back from the Edge,somebody that i used to know,12955,pop,85,0.557,0.358,0.0902,0.494,3.52,0
3UwT4FadEGWyMdaSwYcUBY,This Town,Niall Horan,Flicker,somebody that i used to know,12955,dance,80,0.401,0.677,0.116,0.195,3.88,0
43NhiKnrtGqztxDqXrcUux,Adam's Song,blink-182,Enema Of The State,somebody that i used to know,12955,punk-rock,0,0.775,0.52,0.364,0.383,4.16,0
6mORGLOz79w6VsCRLWYYuK,The Night We Met,Lord Huron,Strange Trails,somebody that i used to know,12955,folk,83,0.369,0.544,0.639,0.102,3.47,0
0KKkJNfGyhkQ5aFogxQAPU,That's What I Like,Bruno Mars,24K Magic,Crying in the Club,12956,dance,83,0.56,0.853,0.0944,0.86,3.44,0
7iL6o9tox1zgHpKUfh9vuC,In Da Club,50 Cent,Get Rich Or Die Tryin',Crying in the Club,12956,hip-hop,83,0.713,0.899,0.0708,0.777,3.22,1
0PDUDa38GO8lMxLCRc4lL1,PILLOWTALK,ZAYN,Mind Of Mine (Deluxe Edition),Crying in the Club,12956,dance,78,0.7,0.584,0.0939,0.438,3.38,1
7KXjTSCq5nL1LoYtL7XAwS,HUMBLE.,Kendrick Lamar,DAMN.,Crying in the Club,12956,hip-hop,84,0.621,0.908,0.0958,0.421,2.95,1
2d8JP84HNLKhmd6IYOoupQ,Trap Queen,Fetty Wap,Fetty Wap,Crying in the Club,12956,j-dance,74,0.873,0.746,0.354,0.817,3.7,0
5v7kaZNsnyByrSJOfO8gKq,Skrt,Kodak Black,Skrt,Crying in the Club,12956,hip-hop,0,0.352,0.901,0.122,0.199,3.75,0
1rsAFUCa6BVMgRQ3FCQQsi,Boss,Lil Pump,Lil Pump,Crying in the Club,12956,emo,61,0.789,0.803,0.378,0.647,1.77,0
43ZyHQITOjhciSUUNPVRHc,Gucci Gang,Lil Pump,Lil Pump,Crying in the Club,12956,emo,64,0.523,0.936,0.117,0.699,2.07,0
62vpWI1CHwFy7tMIcSStl8,No Role Modelz,J. Cole,2014 Forest Hills Drive,Crying in the Club,12956,hip-hop,88,0.521,0.69,0.0534,0.494,4.88,0
1dv3ePjze9tPq2pk8eWJdR,Gimme Shelter,The Rolling Stones,Let It Bleed,Classic Rock,12957,british,0,0.63,0.634,0.169,0.489,4.51,0
24NwBd5vZ2CK8VOQVnqdxr,Sweet Emotion,Aerosmith,Toys In The Attic,Classic Rock,12957,hard-rock,74,0.76,0.38,0.104,0.491,4.57,0
5SZ6zX4rOrEQferfFC2MfP,Walk This Way,Aerosmith,Toys In The Attic,Classic Rock,12957,hard-rock,75,0.73,0.653,0.0754,0.894,3.67,0
5QTxFnGygVM4jFQiBovmRo,(Don't Fear) The Reaper,Blue Öyster Cult,Agents Of Fortune,Classic Rock,12957,blues,76,0.927,0.333,0.297,0.385,5.14,0
3fkPMWQ6cBNBLuFcPyMS8s,Burnin' for You,Blue Öyster Cult,Fire of Unknown Origin,Classic Rock,12957,blues,67,0.728,0.532,0.0849,0.69,4.52,0
4BP3uh0hFLFRb5cjsgLqDh,Fortunate Son,Creedence Clearwater Revival,Willy And The Poor Boys,Classic Rock,12957,country,0,0.663,0.64,0.152,0.665,2.35,0
6NxsCnLeLd8Ai1TrgGxzIx,Bad Moon Rising,Creedence Clearwater Revival,Green River,Classic Rock,12957,country,1,0.769,0.508,0.063,0.939,2.36,0
4gMgiXfqyzZLMhsksGmbQV,"Another Brick in the Wall, Pt. 2",Pink Floyd,The Wall,Classic Rock,12957,psych-rock,76,0.394,0.693,0.247,0.721,3.98,0
5HNCy40Ni5BZJFw1TKzRsC,Comfortably Numb,Pink Floyd,The Wall,Classic Rock,12957,psych-rock,74,0.366,0.472,0.0837,0.171,6.37,0
2KmEgiY8fQs0G6WNxtzQKr,Baba O'Riley,The Who,Who's Next,Classic Rock,12957,blues,76,0.724,0.489,0.287,0.15,5.01,0
6awTbDHgM907tGecNQYPaV,My Generation - Stereo Version,The Who,My Generation,Classic Rock,12957,british,65,0.782,0.412,0.0775,0.705,3.31,0
3x2bXiU0o4WbsPkawXlfDA,Who Are You,The Who,Who Are You,Classic Rock,12957,blues,65,0.648,0.651,0.0655,0.49,6.31,0
1zGk1kgAxCpg6PHjGuLe4J,Pinball Wizard,The Who,Tommy,Classic Rock,12957,blues,68,0.715,0.543,0.256,0.468,3.02,0
7gSQv1OHpkIoAdUiRLdmI6,I Won't Back Down,Tom Petty,Full Moon Fever,Classic Rock,12957,rock,1,0.63,0.765,0.223,0.963,2.97,0
3AhXZa8sUQht0UEdBJgpGc,Like a Rolling Stone,Bob Dylan,Highway 61 Revisited,Classic Rock,12957,country,70,0.721,0.482,0.189,0.557,6.16,0
1bp2IO61zbQrbWNmKKxg3f,The Joker,Steve Miller Band,The Joker,Classic Rock,12957,blues,0,0.448,0.596,0.207,0.796,4.41,0
3e0FzZjTXOUtiJGSClOBrI,Fly Like An Eagle,Steve Miller Band,Fly Like An Eagle,Classic Rock,12957,psych-rock,67,0.754,0.561,0.328,0.642,4.71,0
6BD1X1PeV5UzYUdiVaD2yL,Show Me The Way,Peter Frampton,Frampton,Classic Rock,12957,blues,0,0.726,0.7,0.0914,0.64,4.05,0
2BcvvHttiZRvguFM4hR398,Sunshine Of Your Love,Cream,Disraeli Gears,Classic Rock,12957,blues,0,0.522,0.683,0.121,0.764,4.16,0
5X76oXHcR5uCXali0gOyX5,White Room,Cream,Wheels Of Fire,Classic Rock,12957,blues,70,0.576,0.553,0.0365,0.457,5.05,0
3ET8TZWF5sP4SPfJK1lKun,Strange Brew,Cream,Disraeli Gears,Classic Rock,12957,psych-rock,60,0.563,0.603,0.29,0.642,2.78,0
2aoo2jlRnM3A0NyLQqMN2f,All Along the Watchtower,Jimi Hendrix,Electric Ladyland,Classic Rock,12957,blues,77,0.805,0.438,0.0842,0.564,4.01,0
0wJoRiX5K5BxlqZTolB2LD,Purple Haze,Jimi Hendrix,Are You Experienced,Classic Rock,12957,blues,71,0.905,0.533,0.0698,0.486,2.85,0
0NWPxcsf5vdjdiFUI8NgkP,Hey Joe,Jimi Hendrix,Are You Experienced,Classic Rock,12957,blues,70,0.768,0.346,0.0244,0.532,3.5,0
1IqFh00G2kvvMm8pRMpehA,Me and Bobby McGee,Janis Joplin,Pearl (Legacy Edition),Classic Rock,12957,blues,70,0.463,0.43,0.152,0.66,4.52,0
4uGIJG1jYFonGc4LGp5uQL,Somebody to Love,Jefferson Airplane,Surrealistic Pillow,Classic Rock,12957,blues,70,0.578,0.504,0.321,0.654,2.91,0
78WVLOP9pN0G3gRLFy1rAa,Piano Man,Billy Joel,Piano Man,Classic Rock,12957,folk,77,0.55,0.331,0.192,0.429,5.6,0
3MFFDRC4wTN9JNGtzXsZlN,Love Her Madly,The Doors,L.A. Woman,Classic Rock,12957,psych-rock,65,0.587,0.565,0.0416,0.966,3.31,0
1ZhrREyOOeFV6TxDOyiPwu,Take The Money And Run,Steve Miller Band,Fly Like An Eagle,Classic Rock,12957,psych-rock,68,0.645,0.565,0.151,0.836,2.84,0
4DMKwE2E2iYDKY01C335Uw,Carry on Wayward Son,Kansas,Leftoverture,Classic Rock,12957,hard-rock,76,0.786,0.482,0.446,0.793,5.38,0
6pyzBTIjcO2AMkKE6x2Otb,Stayin' Alive,Bee Gees,Greatest,Classic Rock,12957,disco,77,0.535,0.707,0.0884,0.641,4.76,0
39shmbIHICJ2Wxnk1fPSdz,Should I Stay or Should I Go - Remastered,The Clash,Combat Rock,Classic Rock,12957,punk-rock,80,0.836,0.743,0.384,0.82,3.15,0
3Vby4nGmtbDo7HDJamOWkT,Stuck In The Middle With You,Stealers Wheel,Stealers Wheel,Classic Rock,12957,folk,0,0.759,0.768,0.0531,0.96,3.48,0
2LpirOWiA4eslLRuPpQT7V,Maggie May,Rod Stewart,Every Picture Tells A Story,Classic Rock,12957,rock,1,0.719,0.594,0.124,0.494,5.84,0
3EFb1qDgIqf9MegIryKtDj,"Monday, Monday - Single Version",The Mamas & The Papas,If You Can Believe Your Eyes & Ears,Classic Rock,12957,psych-rock,61,0.464,0.488,0.57,0.709,3.47,0
5EWPGh7jbTNO2wakv8LjUI,Free Bird,Lynyrd Skynyrd,Pronounced' Leh-'Nerd 'Skin-'Nerd,Classic Rock,12957,blues,77,0.834,0.249,0.0924,0.338,9.12,0
0B3hFXFOlbIPt942VGdNfb,You Ain't Seen Nothing Yet,Bachman-Turner Overdrive,Not Fragile,Classic Rock,12957,blues,72,0.439,0.475,0.223,0.76,3.96,0
5Wj1rJnCLpMHdLaxsFtJLs,Bennie And The Jets - Remastered 2014,Elton John,Goodbye Yellow Brick Road,Classic Rock,12957,piano,74,0.673,0.665,0.497,0.779,5.38,0
5Lk0ZGm0xF3EvOg9xXiXcR,Takin' Care Of Business,Bachman-Turner Overdrive,Bachman-Turner Overdrive II,Classic Rock,12957,blues,0,0.919,0.728,0.152,0.963,4.83,0
5aYVqxyetmT5OYmvZCA90X,Slow Ride,Foghat,Fool For The City,Classic Rock,12957,blues,69,0.586,0.493,0.102,0.656,8.24,0
3zByVQLvdXUaDTubfWkpCk,Sweet Caroline,Neil Diamond,Sweet Caroline,Classic Rock,12957,folk,78,0.127,0.529,0.237,0.578,3.39,0
0EMmVUYs9ZZRHtlADB88uz,Come On Eileen,Dexys Midnight Runners,Too Rye Ay,Classic Rock,12957,ska,2,0.769,0.45,0.306,0.604,4.79,0
6gQUbFwwdYXlKdmqRoWKJe,Dude (Looks Like A Lady),Aerosmith,Permanent Vacation,Classic Rock,12957,hard-rock,71,0.982,0.54,0.0457,0.91,4.43,0
6cb0HzFQPN4BGADOmSzPCw,ABC,The Jackson 5,ABC,Classic Rock,12957,soul,0,0.869,0.53,0.233,0.935,2.91,0
5ghIJDpPoe3CfHMGu71E6T,Smells Like Teen Spirit,Nirvana,Nevermind,Classic Rock,12957,alt-rock,83,0.912,0.502,0.106,0.72,5.03,0
0UOxp1BpnD8uPQMKU4wKjz,I Shot The Sheriff,Eric Clapton,461 Ocean Blvd.,Classic Rock,12957,blues,63,0.639,0.73,0.102,0.658,4.4,0
28cnXtME493VX9NOw9cIUh,Hurt,Johnny Cash,American IV: The Man Comes Around,Classic Rock,12957,country,74,0.392,0.534,0.0948,0.163,3.61,0
43DeSV93pJPT4lCZaWZ6b1,The Boys Are Back In Town,Thin Lizzy,Jailbreak,Classic Rock,12957,blues,0,0.87,0.457,0.117,0.694,4.45,0
3H7sv3Krffn15BufUuXzf3,Hey Jude - Remastered 2015,The Beatles,1,Classic Rock,12957,british,74,0.607,0.386,0.088,0.532,7.09,0
0vXGSlE4ft3n5JHZMHHSIj,Day Tripper - Remastered 2015,The Beatles,1,Classic Rock,12957,british,66,0.782,0.665,0.125,0.731,2.82,0
1fDsrQ23eTAVFElUMaf38X,American Pie,Don McLean,American Pie,Classic Rock,12957,folk,0,0.563,0.461,0.302,0.477,8.61,0
4CJVkjo5WpmUAKp3R44LNb,Sweet Home Alabama,Lynyrd Skynyrd,Second Helping,Classic Rock,12957,blues,2,0.724,0.614,0.146,0.902,4.69,0
4c4jJJoaiY21t2TyRZgdWS,Magic Carpet Ride,Steppenwolf,The Second,Classic Rock,12957,psych-rock,69,0.651,0.64,0.0341,0.801,4.53,0
7GNf8GN66LzBmENFQWxBKb,Rocky Mountain Way,Joe Walsh,You Can't Argue With A Sick Mind,Classic Rock,12957,blues,0,0.571,0.449,0.0748,0.448,7.68,0
7y0ZB9dSu73TQOnr44j5l2,Honky Tonk Women - Mono Version,The Rolling Stones,"Through The Past, Darkly (Big Hits Vol. 2)",Classic Rock,12957,british,59,0.779,0.562,0.066,0.967,2.99,0
6io0LJIP9ntX35hTfaxwQG,Lay Down Sally,Eric Clapton,Slowhand 35th Anniversary,Classic Rock,12957,blues,62,0.5,0.69,0.11,0.586,3.93,0
3TW48DvQ7ChwY1Yy1tkMaP,Runaway Train,Soul Asylum,Grave Dancers Union,Classic Rock,12957,grunge,56,0.714,0.616,0.133,0.53,4.43,0
4sFbojhVXQv7dBC9PVCcRn,Sympathy For The Devil,The Rolling Stones,Beggars Banquet,Classic Rock,12957,british,1,0.67,0.636,0.0453,0.572,6.3,0
5zH710lFSLtkHbMkslLDjR,Crazy On You,Heart,Dreamboat Annie,Classic Rock,12957,hard-rock,1,0.459,0.435,0.132,0.383,4.89,0
4KfSdst7rW39C0sfhArdrz,Barracuda,Heart,Little Queen,Classic Rock,12957,hard-rock,74,0.691,0.548,0.144,0.667,4.37,0
5YjKdeES9QRJ8NmF4Xc8pV,All I Wanna Do Is Make Love To You,Heart,Brigade,Classic Rock,12957,hard-rock,67,0.746,0.626,0.0618,0.8,5.18,0
5p3JunprHCxClJjOmcLV8G,Walk On the Wild Side,Lou Reed,Transformer,Classic Rock,12957,psych-rock,73,0.318,0.575,0.0934,0.385,4.24,0
7MRyJPksH3G2cXHN8UKYzP,American Girl,Tom Petty and the Heartbreakers,Tom Petty & The Heartbreakers,Classic Rock,12957,folk,0,0.823,0.552,0.366,0.775,3.58,0
1B5Tp2Ml9nLlmTSJx8xVfI,Always On My Mind,Elvis Presley,Elvis (Fool),Classic Rock,12957,rock-n-roll,73,0.387,0.358,0.119,0.495,3.64,0
3BGbqEDio3ocx1v4egIYr6,Walk Like an Egyptian,The Bangles,Different Light,Classic Rock,12957,disco,63,0.891,0.724,0.3,0.818,3.41,0
6N1EjQjnvhOjFrF6oUmGPa,Summer Of '69,Bryan Adams,Reckless,Classic Rock,12957,rock,82,0.834,0.508,0.0732,0.774,3.62,0
4alHo6RGd0D3OUbTPExTHN,Just What I Needed,The Cars,The Cars,Classic Rock,12957,hard-rock,0,0.627,0.64,0.0764,0.793,3.76,0
6xMHglHoafdDFGXS6qfwSH,Hot Blooded,Foreigner,Double Vision [Expanded],Classic Rock,12957,hard-rock,1,0.664,0.681,0.0772,0.729,4.48,0
3hJLKtTpgct9Y9wKww0BiR,Miss You - Remastered,The Rolling Stones,Some Girls,Classic Rock,12957,british,69,0.71,0.795,0.344,0.845,4.81,0
3E8gEvhLia6w9lQv3hfxzM,Under My Thumb,The Rolling Stones,Aftermath,Classic Rock,12957,british,65,0.494,0.732,0.0919,0.799,3.69,0
48i055G1OT5KxGGftwFxWy,"Oh, Pretty Woman",Roy Orbison,"Oh, Pretty Woman",Classic Rock,12957,r-n-b,73,0.603,0.619,0.0721,0.958,2.98,0
72WZtWs6V7uu3aMgMmEkYe,You Can't Always Get What You Want,The Rolling Stones,Let It Bleed,Classic Rock,12957,british,68,0.62,0.32,0.253,0.472,7.48,0
6kZFIsYCBeuH0f1zGk1UoM,Simple Man,Lynyrd Skynyrd,(Pronounced 'Leh-'Nérd 'Skin-'Nérd),Classic Rock,12957,blues,74,0.752,0.422,0.129,0.403,5.97,0
63OFKbMaZSDZ4wtesuuq6f,Born To Be Wild,Steppenwolf,Steppenwolf,Classic Rock,12957,blues,73,0.71,0.438,0.221,0.53,3.51,0
3LTMnFa0hhwisyq6ILahyj,Sultans Of Swing,Dire Straits,Dire Straits,Classic Rock,12957,rock,81,0.794,0.733,0.33,0.931,5.81,0
3T6R0ppqCnUW6iJhtUYhO3,The Logical Song - Remastered 2010,Supertramp,Breakfast In America,Classic Rock,12957,piano,73,0.758,0.625,0.153,0.695,4.19,0
4hq0S6wznq7SHDyMOFXL9i,Tumbling Dice,The Rolling Stones,Exile On Main Street,Classic Rock,12957,british,64,0.91,0.615,0.281,0.77,3.77,0
0QXaOq4DrPkX7cJsXhERrE,Hold On Loosely,38 Special,Wild-Eyed Southern Boys,Classic Rock,12957,country,0,0.707,0.565,0.0851,0.831,4.68,0
2udGjDmpK1dH9VGyw7nrei,Cocaine,Eric Clapton,Slowhand 35th Anniversary,Classic Rock,12957,blues,69,0.502,0.699,0.317,0.676,3.69,0
1AhDOtG9vPSOmsWgNW0BEY,Bohemian Rhapsody - Remastered 2011,Queen,A Night At The Opera,Classic Rock,12957,rock,82,0.404,0.414,0.3,0.224,5.91,0
5nbNdS5SKdpiDZjCBh8W7b,Get It On,T. Rex,Electric Warrior,Classic Rock,12957,blues,71,0.878,0.728,0.61,0.911,4.38,0
6mOiT65GFmXgBAviM3lrsE,No Buses,Arctic Monkeys,Who The F*** Are Arctic Monkeys?,Patio,12958,garage,65,0.524,0.481,0.0523,0.425,3.29,0
0sHdUji2tWxiRDfShSWHUN,Come Back,Pearl Jam,Pearl Jam,Patio,12958,grunge,54,0.563,0.296,0.116,0.267,5.43,0
3bH8PZsfbCRIoeNiFm7JmU,All Apologies,Nirvana,MTV Unplugged In New York,Patio,12958,alt-rock,72,0.632,0.446,0.0881,0.359,4.39,0
359krpyCKcFF8SFvqWES9L,Wagon Wheel,Old Crow Medicine Show,O.C.M.S.,Patio,12958,bluegrass,67,0.403,0.621,0.114,0.634,3.87,0
1jyddn36UN4tVsJGtaJfem,You Are the Best Thing,Ray LaMontagne,Gossip In The Grain,Patio,12958,acoustic,67,0.727,0.578,0.172,0.885,3.86,0
1cG560wZP0s6fs1nsEVtQw,Pale Blue Eyes,The Velvet Underground,The Velvet Underground,Patio,12958,folk,65,0.107,0.637,0.103,0.296,5.66,0
5aGkIyzLVYGuLIHkxpNAFF,Trouble,Ray LaMontagne,Trouble,Patio,12958,acoustic,59,0.424,0.325,0.23,0.494,4.03,0
5p3JunprHCxClJjOmcLV8G,Walk On the Wild Side,Lou Reed,Transformer,Patio,12958,psych-rock,73,0.318,0.575,0.0934,0.385,4.24,0
3fqwjXwUGN6vbzIwvyFMhx,Tennessee Whiskey,Chris Stapleton,Traveller,Patio,12958,country,81,0.37,0.392,0.0821,0.512,4.89,0
1ivHxaGL5ld9VS1zsYc4YN,Cherry Wine - Live,Hozier,Hozier,Patio,12958,singer-songwriter,67,0.111,0.418,0.0982,0.228,4.0,0
0djZ2ndRfAL69WYNra5jRC,April Come She Will,Simon & Garfunkel,Sounds Of Silence,Patio,12958,folk,66,0.186,0.489,0.2,0.349,1.82,0
3rXCnvL6xP83VsYUg4rm7e,Whistle For The Choir,The Fratellis,Costello Music,Patio,12958,garage,50,0.696,0.595,0.12,0.725,3.6,0
1LzNfuep1bnAUR9skqdHCK,Fade Into You,Mazzy Star,So Tonight That I Might See,Patio,12958,alt-rock,79,0.33,0.42,0.0677,0.175,4.93,0
4lYaAFLiZMxrqHUijf83ZR,Lullabye,Emitt Rhodes,The Emitt Rhodes Recordings (1969 - 1973),Patio,12958,psych-rock,49,0.0584,0.483,0.0953,0.695,1.1,0
6UGpcXcENaUqQKPc6oqOe4,The Book of Love,The Magnetic Fields,69 Love Songs,Patio,12958,club,57,0.262,0.485,0.117,0.332,2.71,0
5hc71nKsUgtwQ3z52KEKQk,Somebody Else,The 1975,"I like it when you sleep, for you are so beautiful yet so unaware of it",Patio,12958,alt-rock,73,0.793,0.618,0.126,0.459,5.79,0
6lSGhstIFdvPT0mYbTM6Y2,Pocketful of Rainbows,Elvis Presley,G.I. Blues,Patio,12958,rockabilly,51,0.187,0.435,0.105,0.349,2.56,0
0oiCeOPwm4zhwfyIpAE37y,Love on the Weekend,John Mayer,The Search for Everything,Patio,12958,singer-songwriter,66,0.583,0.718,0.0612,0.422,3.54,0
2o49Twc3qrNMOt8gq9W06L,Pictures Of You - Remastered,The Cure,Disintegration,Patio,12958,punk-rock,62,0.764,0.476,0.138,0.545,7.47,0
0Lx6O1tC3CPF1giLJIt5Jv,"Say Hello, Wave Goodbye - 7"" Single Version",Soft Cell,Non-Stop Erotic Cabaret,Patio,12958,synth-pop,23,0.471,0.478,0.153,0.744,5.42,0
2d9totnSVmmczPtHFl8Ys6,Sleep On The Floor,The Lumineers,Cleopatra,Patio,12958,folk,70,0.431,0.389,0.13,0.275,3.53,0
6UBjSnyP1O5W5ndJoO9vUk,Night Moves,Bob Seger,Night Moves,Patio,12958,hard-rock,72,0.743,0.705,0.103,0.374,5.41,0
5H6Jp0syB5yEPk7SWYdlmk,The Wind Cries Mary,Jimi Hendrix,Are You Experienced,Patio,12958,psych-rock,63,0.495,0.499,0.2,0.339,3.35,0
6liNJDyWJjyHAgDnAX95bw,Fire and the Flood,Vance Joy,Dream Your Life Away,Patio,12958,folk,66,0.827,0.596,0.0958,0.329,4.16,0
7oBazz4xCO7Ul3MJHhKy0Q,Jesus Doesn't Want Me For A Sunbeam,Nirvana,MTV Unplugged In New York,Patio,12958,grunge,60,0.641,0.51,0.272,0.295,4.62,0
035QPHPAcqApSGMMcogT45,A Change Of Heart,The 1975,"I like it when you sleep, for you are so beautiful yet so unaware of it",Patio,12958,alt-rock,59,0.502,0.736,0.0843,0.533,4.73,0
5HNCy40Ni5BZJFw1TKzRsC,Comfortably Numb,Pink Floyd,The Wall,Patio,12958,psych-rock,74,0.366,0.472,0.0837,0.171,6.37,0
5wQnmLuC1W7ATsArWACrgW,Welcome to the Black Parade,My Chemical Romance,The Black Parade,??????,12959,emo,79,0.905,0.217,0.222,0.236,5.19,0
7j2Bmzpnf6RwEWEQ2sv8Ho,House of Wolves,My Chemical Romance,The Black Parade,??????,12959,emo,64,0.977,0.445,0.126,0.239,3.07,0
2d6m2F4I7wCuAKtSsdhh83,Famous Last Words,My Chemical Romance,The Black Parade,??????,12959,emo,73,0.883,0.467,0.125,0.309,4.99,0
0GgN4MhR5GKn5IcKN0e0rG,Cancer,My Chemical Romance,The Black Parade,??????,12959,emo,69,0.515,0.457,0.278,0.222,2.38,0
4RAOI1etsgbh5NP3T5R8rN,I Don't Love You,My Chemical Romance,The Black Parade,??????,12959,emo,73,0.796,0.289,0.202,0.33,3.98,0
34Jeq8ktRzyOW1uw40InVy,Uma Thurman,Fall Out Boy,American Beauty/American Psycho,??????,12959,emo,2,0.961,0.623,0.264,0.668,3.53,0
6OZPl7bOm8EOshsVmWH5W8,Immortals,Fall Out Boy,American Beauty/American Psycho,??????,12959,emo,65,0.856,0.703,0.38,0.722,3.16,0
53AuxddsgPSlqM619nJhSd,The Phoenix,Fall Out Boy,Save Rock And Roll,??????,12959,emo,70,0.964,0.562,0.579,0.41,4.08,0
3nSiB5WCF2pmRQrYSsteHv,Young Volcanoes,Fall Out Boy,Save Rock And Roll,??????,12959,emo,58,0.853,0.599,0.37,0.676,3.41,0
3Y3gChJoEUTqrtuqJCIPQk,Irresistible,Fall Out Boy,Irresistible,??????,12959,emo,63,0.938,0.484,0.236,0.444,3.43,0
2jfk3m8nq5IvB35s2xIs1O,Not Gonna Die,Skillet,Rise,??????,12959,alt-rock,66,0.953,0.445,0.281,0.475,3.75,0
01v7kv0RTVaX4Vs8GcOGOP,This Is War,Thirty Seconds To Mars,This Is War,??????,12959,grunge,66,0.723,0.402,0.233,0.224,5.45,0
1V82d4T5gadqzboNVWKcMj,Closer To The Edge,Thirty Seconds To Mars,This Is War,??????,12959,grunge,60,0.948,0.502,0.0809,0.102,4.56,0
1p1nO35bbi4ZlQgjIA4oa4,The Kill (Bury Me),Thirty Seconds To Mars,A Beautiful Lie,??????,12959,grunge,1,0.912,0.179,0.582,0.289,3.86,0
15IYFI3Mm58gOH7dLmKI3w,Kids In The Dark,All Time Low,Future Hearts,??????,12959,punk-rock,60,0.981,0.519,0.0903,0.765,3.61,0
175em9mYKe047LhN98plAN,Kids In The Dark,All Time Low,"Straight To DVD II: Past, Present, and Future Hearts",??????,12959,punk-rock,60,0.981,0.519,0.0903,0.765,3.7,0
4bPQs0PHn4xbipzdPfn6du,I Write Sins Not Tragedies,Panic! At The Disco,A Fever You Can't Sweat Out,??????,12959,rock,3,0.792,0.565,0.114,0.639,3.13,0
7pzdiluN2tVrxsFGyM2Asc,I Lived,OneRepublic,Native,??????,12959,piano,71,0.851,0.593,0.271,0.344,3.91,0
4wzjNqjKAKDU82e8uMhzmr,Face Down,The Red Jumpsuit Apparatus,Don't You Fake It,??????,12959,punk-rock,76,0.932,0.545,0.127,0.464,3.2,0
3k2Zv2luPZHpxfFjGpr4Mm,How Far We've Come,Matchbox Twenty,Exile On Mainstream,??????,12959,grunge,58,0.905,0.566,0.21,0.792,3.5,0
6tSDIggM6oqJQAqmfAA43A,City Of Angels,Thirty Seconds To Mars,LOVE LUST FAITH + DREAMS,??????,12959,grunge,53,0.795,0.575,0.086,0.149,5.03,0
2FcE7B1p3qVvLvwV5qPljV,A Beautiful Lie,Thirty Seconds To Mars,A Beautiful Lie,??????,12959,grunge,57,0.929,0.479,0.171,0.344,4.09,0
69wXbIKtG6hzE4ID0wJTry,Hurricane,Thirty Seconds To Mars,This Is War,??????,12959,grunge,55,0.747,0.533,0.261,0.277,6.2,0
6T7MAQCekVb3UnCykjX3BP,Disenchanted,My Chemical Romance,The Black Parade,??????,12959,emo,65,0.692,0.343,0.112,0.153,4.92,0
7JcB1XSpmlULBSvnEis6Fc,With Me,Sum 41,Underclass Hero,??????,12959,punk,64,0.851,0.167,0.172,0.11,4.86,1
2GD8Ia7rtJzfgTIy20TaRI,"This Ain't A Scene, It's An Arms Race",Fall Out Boy,Infinity On High,??????,12959,emo,70,0.887,0.435,0.0327,0.408,3.53,0
7l0Lr7Tl4Gt8hQj4v3rwtf,I'm Not A Vampire,Falling In Reverse,The Drug In Me Is You,??????,12959,metalcore,69,0.965,0.235,0.0448,0.322,3.86,0
1FMHNVeJ9s1x1l1WlaRs2I,It Ends Tonight,The All-American Rejects,Move Along,??????,12959,punk-rock,58,0.631,0.454,0.177,0.313,4.08,0
0c3fJd2HRi6uHWgTljIae5,Dear Agony,Breaking Benjamin,Dear Agony,??????,12959,grunge,34,0.748,0.353,0.113,0.218,4.3,0
6GIrIt2M39wEGwjCQjGChX,The Great Escape,Boys Like Girls,Boys Like Girls,??????,12959,punk-rock,55,0.94,0.423,0.178,0.505,3.44,0
23oxJmDc1V9uLUSmN2LIvx,Ocean Avenue,Yellowcard,Ocean Avenue,??????,12959,punk,74,0.904,0.486,0.0947,0.786,3.3,0
18GC3F8YPGB8CePXcTUizQ,Thnks fr th Mmrs,Fall Out Boy,Infinity On High,??????,12959,emo,2,0.897,0.458,0.103,0.602,3.39,0
1mB7dCUM7sPyNab6R43nlj,The Drug In Me Is You,Falling In Reverse,The Drug In Me Is You,??????,12959,metal,72,0.855,0.548,0.127,0.644,3.65,0
6SpLc7EXZIPpy0sVko0aoU,Misery Business,Paramore,RIOT!,??????,12959,emo,1,0.906,0.513,0.113,0.73,3.53,0
2TfSHkHiFO4gRztVIkggkE,"Sugar, We're Goin Down",Fall Out Boy,From Under The Cork Tree,??????,12959,emo,2,0.887,0.5,0.114,0.631,3.82,0
3SqOC9IRDYGSq9cH6K2GQI,The Anthem,Good Charlotte,Good Charlotte/The Young And The Hopeless,??????,12959,metal,74,0.939,0.494,0.139,0.893,2.92,0
0J69x3mqm7U6tBPKsjpsWR,"Dear Maria, Count Me In",All Time Low,"So Wrong, It's Right",??????,12959,punk-rock,77,0.895,0.459,0.206,0.572,3.05,0
78ML3F5Lz3KiNkpnFAaR3q,Good Girls Bad Guys,Falling In Reverse,The Drug In Me Is You,??????,12959,metalcore,65,0.948,0.474,0.43,0.611,3.26,0
3mcG2NI5G5vhrQtRda1YnA,The Middle,Jimmy Eat World,Bleed American,??????,12959,alt-rock,0,0.848,0.644,0.0676,0.928,2.8,0
5oQcOu1omDykbIPSdSQQNJ,1985,Bowling For Soup,A Hangover You Don't Deserve,??????,12959,punk-rock,71,0.887,0.606,0.337,0.903,3.22,0
3qebSLgUwaEqbwCM5sj5Kh,Castles Made of Sand,Jimi Hendrix,Axis: Bold As Love,Rock,12962,blues,62,0.714,0.461,0.684,0.454,2.82,0
1Eolhana7nKHYpcYpdVcT5,Little Wing,Jimi Hendrix,Axis: Bold As Love,Rock,12962,blues,71,0.534,0.515,0.0547,0.426,2.43,0
0uco0wQkB909zpPlHvu5Cc,Bold as Love,Jimi Hendrix,Axis: Bold As Love,Rock,12962,psych-rock,57,0.741,0.354,0.0753,0.596,4.18,0
2aoo2jlRnM3A0NyLQqMN2f,All Along the Watchtower,Jimi Hendrix,Electric Ladyland,Rock,12962,blues,77,0.805,0.438,0.0842,0.564,4.01,0
4BP3uh0hFLFRb5cjsgLqDh,Fortunate Son,Creedence Clearwater Revival,Willy And The Poor Boys,Rock,12962,country,0,0.663,0.64,0.152,0.665,2.35,0
6NxsCnLeLd8Ai1TrgGxzIx,Bad Moon Rising,Creedence Clearwater Revival,Green River,Rock,12962,country,1,0.769,0.508,0.063,0.939,2.36,0
5u6y4u5EgDv0peILf60H5t,Oye Como Va,Santana,Abraxas,Rock,12962,blues,67,0.379,0.736,0.104,0.948,4.28,0
4VbOIkKqt0gkZpC75oKSxS,Europa (Earth's Cry Heaven's Smile),Santana,Amigos,Rock,12962,blues,56,0.669,0.296,0.154,0.679,5.07,0
6kZFIsYCBeuH0f1zGk1UoM,Simple Man,Lynyrd Skynyrd,(Pronounced 'Leh-'Nérd 'Skin-'Nérd),Rock,12962,blues,74,0.752,0.422,0.129,0.403,5.97,0
5EWPGh7jbTNO2wakv8LjUI,Free Bird,Lynyrd Skynyrd,Pronounced' Leh-'Nerd 'Skin-'Nerd,Rock,12962,blues,77,0.834,0.249,0.0924,0.338,9.12,0
4CJVkjo5WpmUAKp3R44LNb,Sweet Home Alabama,Lynyrd Skynyrd,Second Helping,Rock,12962,blues,2,0.724,0.614,0.146,0.902,4.69,0
4y1LsJpmMti1PfRQV9AWWe,Girls Just Want to Have Fun,Cyndi Lauper,She's So Unusual,Party ,12964,disco,79,0.799,0.71,0.349,0.725,3.97,0
0J6mQxEZnlRt9ymzFntA6z,Livin' On A Prayer,Bon Jovi,Slippery When Wet,Party ,12964,metal,1,0.89,0.527,0.222,0.818,4.15,0
4bHsxqR3GMrXTxEPLuK5ue,Don't Stop Believin',Journey,Escape,Party ,12964,hard-rock,83,0.748,0.5,0.447,0.514,4.18,0
2TRFIQpTqq12xGpFJEr0Ft,Worth It,Fifth Harmony,Reflection,Party ,12964,dance,64,0.78,0.858,0.133,0.602,3.74,0
3hB5DgAiMAQ4DzYbsMq1IT,Love Yourself,Justin Bieber,Purpose,Party ,12964,pop,84,0.378,0.609,0.28,0.515,3.9,0
7j56HrjR9cGzvekvZY3Faz,HandClap,Fitz and The Tantrums,Fitz and The Tantrums,Party ,12964,alt-rock,0,0.836,0.634,0.0828,0.715,3.22,0
6MjljecHzHelUDismyKkba,Everytime We Touch - Radio Edit,Cascada,Everytime We Touch,Party ,12964,german,63,0.977,0.64,0.371,0.493,3.32,0
378iszndTZAR4dH8kwsLC6,Cheap Thrills,Sia,This Is Acting,Party ,12964,dance,78,0.698,0.628,0.0907,0.732,3.75,0
3koCCeSaVUyrRo3N2gHrd8,Let's Groove,"Earth, Wind & Fire",Raise!,Party ,12964,disco,79,0.648,0.869,0.126,0.9,5.66,0
3cOO5IQtOYs7huq4Z6lYfr,Love Runs Out,OneRepublic,Native,Party ,12964,piano,64,0.931,0.715,0.0757,0.742,3.75,0
3b0EOvScbZUc0qJx0E1L2z,I Want You Back,The Jackson 5,Diana Ross Presents The Jackson 5,Party ,12964,soul,77,0.538,0.469,0.37,0.886,2.94,0
5edBgVtRD0fvWk140Sl21T,Counting Stars,OneRepublic,Native,Party ,12964,piano,83,0.705,0.664,0.118,0.477,4.29,0
1oew3nFNY3vMacJAsvry0S,Me And My Broken Heart,Rixton,Let The Road,Party ,12964,dance,79,0.783,0.545,0.132,0.551,3.23,0
4djIFfof5TpbSGRZUpsTXq,Talk Too Much,COIN,How Will You Know If You Never Try,Party ,12964,indie-pop,72,0.888,0.598,0.347,0.482,3.12,0
2GiJYvgVaD2HtM8GqD9EgQ,Electric Love,BØRNS,Dopamine,Party ,12964,rock,82,0.797,0.611,0.26,0.518,3.64,0
02WDuAXXKumemrvsmrVBvH,Wavin' Flag - Coca-Cola® Celebration Mix,K'NAAN,Troubadour,Party ,12964,reggae,67,0.767,0.58,0.0518,0.776,3.55,0
2GICtNjlmq5w1XIQ9s0D9y,With You Tonight (Hasta El Amanecer),Nicky Jam,Fénix,Flying,12966,latino,46,0.588,0.781,0.0983,0.564,3.48,0
27SdWb2rFzO6GWiYDBTD9j,Cheap Thrills,Sia,This Is Acting,Flying,12966,dance,78,0.698,0.628,0.0907,0.732,3.53,0
6f46TyGZm5oeKIP54PLvql,The Scientist (Glee Cast Version),Glee Cast,"Glee: The Music, The Complete Season Four",Flying,12966,club,53,0.481,0.506,0.2,0.224,4.25,0
760GxmiU9FCmP5jgnLsNtz,Kiss Me Slowly,Parachute,The Way It Was,Flying,12966,acoustic,61,0.801,0.47,0.218,0.431,3.93,0
6OX0nvTLWngPOKZZB3Usen,Forever And Always,Parachute,The Way It Was,Flying,12966,acoustic,57,0.716,0.657,0.0483,0.435,4.15,0
5ZhKD46Q7mhsl0awl7ZMJc,Jeena Jeena,Atif Aslam,Jeena Jeena,Flying,12966,pop-film,72,0.344,0.682,0.121,0.548,3.82,0
4E5P1XyAFtrjpiIxkydly4,Replay,Iyaz,Replay,Flying,12966,dance,76,0.751,0.706,0.168,0.195,3.04,0
4fINc8dnfcz7AdhFYVA4i7,It Girl,Jason Derulo,Future History,Flying,12966,dance,0,0.718,0.667,0.104,0.345,3.2,0
0zREtnLmVnt8KUJZZbSdla,Wavin' Flag,K'NAAN,Troubadour,Flying,12966,reggae,59,0.699,0.625,0.238,0.717,3.68,0
6vSforRhuzsA0D0SO9fG1S,One Call Away,Charlie Puth,Nine Track Mind,Flying,12966,dance,0,0.613,0.667,0.115,0.472,3.24,0
5dKyZWlgjWw1oJgLa4GCZD,Cool Girl,Tove Lo,Lady Wood,Flying,12966,electro,0,0.695,0.66,0.0752,0.204,3.32,1
5Zc3XI1rq7opdZUwFUdKCj,If I Lose Myself,OneRepublic,Native,Flying,12966,piano,61,0.688,0.491,0.111,0.279,4.03,0
5uCax9HTNlzGybIStD3vDh,Say You Won't Let Go,James Arthur,Back from the Edge,Flying,12966,pop,85,0.557,0.358,0.0902,0.494,3.52,0
2iXBZ32Fz5VDCLeE0JIdX5,Better in Time,Leona Lewis,Spirit,Flying,12966,british,67,0.7,0.584,0.13,0.549,3.9,0
0KKkJNfGyhkQ5aFogxQAPU,That's What I Like,Bruno Mars,24K Magic,Flying,12966,dance,83,0.56,0.853,0.0944,0.86,3.44,0
4iLqG9SeJSnt0cSPICSjxv,Attention,Charlie Puth,Attention,Flying,12966,dance,83,0.613,0.775,0.134,0.797,3.52,0
4hEl2wrneFEJbJ6SDYWd2f,Not Afraid,Eminem,Recovery,Hype,12967,hip-hop,81,0.954,0.855,0.205,0.668,4.14,1
2d8JP84HNLKhmd6IYOoupQ,Trap Queen,Fetty Wap,Fetty Wap,Hype,12967,j-dance,74,0.873,0.746,0.354,0.817,3.7,0
0pdfN7nOHMYmKykzu1cyfm,Any Man Of Mine,Shania Twain,The Woman In Me,country,12968,country,73,0.725,0.592,0.148,0.784,4.11,0
0IF0vGwaJQ8ZCh0QxhW6OV,Man! I Feel Like A Woman!,Shania Twain,Come On Over,country,12968,country,3,0.889,0.654,0.297,0.73,3.88,0
7mldq42yDuxiUNn08nvzHO,Body Like A Back Road,Sam Hunt,Body Like A Back Road,country,12968,country,0,0.458,0.732,0.136,0.661,2.76,0
7f08qp3HROTkfrtNpiYGGo,Dirt On My Boots,Jon Pardi,California Sunrise,country,12968,country,0,0.796,0.683,0.197,0.533,3.36,0
3AsNVBJ7LHsltdu9490ZiS,A Girl Like You,Easton Corbin,A Girl Like You,country,12968,country,0,0.768,0.733,0.0643,0.83,3.63,0
5kNe7PE09d6Kvw5pAsx23n,Die A Happy Man,Thomas Rhett,Tangled Up,country,12968,country,1,0.389,0.59,0.117,0.389,3.79,0
1LM5zQv5pBKPyO7rm7Uz6U,My Church,Maren Morris,HERO (Deluxe Edition),country,12968,country,69,0.743,0.517,0.107,0.664,3.3,0
77Y57qRJBvkGCUw9qs0qMg,In the Blood,John Mayer,The Search for Everything,country,12968,singer-songwriter,62,0.655,0.546,0.0983,0.518,4.06,0
0w3Q14i073jLoew1hgJkwD,Heartache On The Dance Floor,Jon Pardi,California Sunrise,country,12968,country,0,0.833,0.596,0.0866,0.618,3.42,0
7bJwvubZZaoGE1AGEfu8Fi,One Last Time,Ariana Grande,My Everything,party Jams ,12969,dance,83,0.593,0.628,0.096,0.104,3.29,0
2d8JP84HNLKhmd6IYOoupQ,Trap Queen,Fetty Wap,Fetty Wap,party Jams ,12969,j-dance,74,0.873,0.746,0.354,0.817,3.7,0
7DfFc7a6Rwfi3YQMRbDMau,Thinkin Bout You,Frank Ocean,channel ORANGE,party Jams ,12969,soul,78,0.339,0.721,0.0973,0.2,3.35,0
4sPmO7WMQUAf45kwMOtONw,Hello,Adele,25,party Jams ,12969,british,74,0.43,0.578,0.0854,0.288,4.92,0
3hB5DgAiMAQ4DzYbsMq1IT,Love Yourself,Justin Bieber,Purpose,party Jams ,12969,pop,84,0.378,0.609,0.28,0.515,3.9,0
1bQ4zbP8Fo0qAePTSOfYji,Coming Back to Life,Pink Floyd,The Division Bell,Sauna,12970,psych-rock,58,0.499,0.287,0.102,0.142,6.32,0
6wjSNO6uJYlgbbfauyWhiw,Wind Of Change,Scorpions,Crazy World,Sauna,12970,german,0,0.63,0.429,0.104,0.211,5.22,0
3xMQOd1C3TXsjQ3pmzOmkC,Weight of Love,The Black Keys,Turn Blue,Sauna,12970,blues,61,0.547,0.282,0.104,0.133,6.84,0
0wokCRaKD0zPNhMRXAgVsr,Ordinary World,Duran Duran,Duran Duran [The Wedding Album],Sauna,12970,synth-pop,73,0.652,0.472,0.14,0.401,5.67,0
28cnXtME493VX9NOw9cIUh,Hurt,Johnny Cash,American IV: The Man Comes Around,Sauna,12970,country,74,0.392,0.534,0.0948,0.163,3.61,0
5gBQ3x6u7DCvMW1QoP3CpG,100 Years,Five For Fighting,Playlist: The Very Best Of Five For Fighting,Sauna,12970,acoustic,66,0.569,0.643,0.178,0.275,4.07,0
7MjRtWS2teufvOiMM0BARZ,Nearly Forgot My Broken Heart,Chris Cornell,Higher Truth,Sauna,12970,grunge,59,0.781,0.593,0.173,0.657,3.91,0
5aDpULK8MbJmHl42kR5KNI,Collide,Howie Day,Stop All The World Now,Sauna,12970,acoustic,56,0.625,0.636,0.119,0.342,4.15,0
03WuFsWpkytZ6c5iidS8Im,Bloodstream,Stateless,Stateless,Sauna,12970,british,57,0.463,0.701,0.073,0.352,5.23,0
5TxUedy2CM04QihDdOFnsk,Immortality - Remastered,Pearl Jam,Vitalogy,Sauna,12970,grunge,54,0.543,0.633,0.0964,0.118,5.3,0
1DDrG8GgDok5bOiykuAKjC,6 Underground,Sneaker Pimps,Becoming X,Sauna,12970,trip-hop,55,0.678,0.587,0.116,0.429,4.11,0
2z0EshEO4XptiepEb9j3Og,Cómo Te Atreves,Morat,Sobre El Amor Y Sus Efectos Secundarios,Español ,12971,latin,0,0.891,0.62,0.131,0.777,4.01,0
6iNslHvfyjYMpr6OxoZiWc,Diez Mil Maneras,David Bisbal,Tú Y Yo,Español ,12971,latin,0,0.765,0.665,0.0831,0.744,3.55,0
0p1BcEcYVO3uk4KDf3gzkY,Wanted,Hunter Hayes,Hunter Hayes (Encore),Country Music ,12972,country,0,0.475,0.414,0.0816,0.3,3.81,0
0Utg7sirTPqrs6Cx0FbriQ,Chillin' It,Cole Swindell,Cole Swindell,Country Music ,12972,country,1,0.849,0.576,0.109,0.666,3.28,0
4hnK8P3v7kE7T4PMBYwRhu,Drunk Last Night,Eli Young Band,"10,000 Towns",Country Music ,12972,country,1,0.858,0.525,0.102,0.57,3.65,0
03fT3OHB9KyMtGMt2zwqCT,Play It Again,Luke Bryan,Crash My Party,Country Music ,12972,country,75,0.886,0.506,0.0734,0.595,3.78,0
01ydSfmiam73NMeylQCoxO,Callin' Me When I'm Lonely,Sheryl Crow,Feels Like Home,Country Music ,12972,singer-songwriter,0,0.702,0.51,0.105,0.276,3.41,0
6aNwDe5YH5YUPlpHkku52w,Sunshine & Whiskey,Frankie Ballard,Sunshine & Whiskey,Country Music ,12972,country,0,0.737,0.67,0.325,0.753,3.04,0
0El2Zyt68nYySFDG87hZgM,Sun Daze,Florida Georgia Line,Anything Goes,Country Music ,12972,country,0,0.944,0.484,0.471,0.839,3.08,0
5humEOJehpAwMJEJmb0JJ2,The Christmas Song (Merry Christmas To You),Nat King Cole,The Nat King Cole Story,Christmas,12973,jazz,1,0.21,0.32,0.138,0.208,3.18,0
1msuiw6pnXYfxZ7Edyit9U,"Where Are You Christmas - From ""Dr. Seuss' How The Grinch Stole Christmas"" Soundtrack",Faith Hill,Dr. Seuss' How The Grinch Stole Christmas,Christmas,12973,country,0,0.333,0.373,0.121,0.0815,4.12,0
0MmNrhvLcoWjo7AOr0vgka,Linus And Lucy,Vince Guaraldi Trio,A Charlie Brown Christmas,Christmas,12973,jazz,0,0.386,0.497,0.167,0.695,3.09,0
5xlS0QkVrSH7ssEbBgBzbM,Little Saint Nick,The Beach Boys,The Beach Boys' Christmas Album,Christmas,12973,psych-rock,0,0.424,0.551,0.165,0.925,1.98,0
0ByKWq0hsuYriK5avSMJ5r,Crosses,José González,Veneer,chill,12974,goth,55,0.369,0.666,0.102,0.318,2.72,0
2GiJYvgVaD2HtM8GqD9EgQ,Electric Love,BØRNS,Dopamine,chill,12974,rock,82,0.797,0.611,0.26,0.518,3.64,0
6Xs7OKt6i0Ddq8B4M5Dgvr,New Americana,Halsey,BADLANDS,chill,12974,electro,65,0.707,0.339,0.337,0.359,3.06,0
7BjrIfovz8y9dTtazrh1iY,Ends of the Earth,Lord Huron,Lonesome Dreams,chill,12974,folk,69,0.584,0.555,0.254,0.41,4.74,0
6JIOxuW27X3znAuEUPXKaL,We Sink,CHVRCHES,The Bones Of What You Believe,Winter16,12975,synth-pop,38,0.807,0.607,0.632,0.419,3.57,0
1O5qBgWDXf19N75X7Bvilv,Rock & Roll Queen,The Subways,Young For Eternity,Winter16,12975,garage,30,0.746,0.381,0.111,0.263,2.83,0
01XFgRZfZI7oBagNf1Loml,Harlem Shake,Baauer,Harlem Shake,Insomnia,12976,electronic,58,0.794,0.452,0.416,0.282,3.28,0
3iVAyrTlbWGBq0laeQ18z2,Walking On A Dream,Empire of the Sun,Walking On A Dream,Insomnia,12976,alt-rock,79,0.701,0.871,0.0589,0.716,3.31,0
5WBnKCEsPwsvWHUZmLjS3s,Alive,Empire of the Sun,Ice On The Dune,Insomnia,12976,alt-rock,65,0.882,0.524,0.071,0.399,3.41,0
6g1NlCpW7fgqDnWbCCDrHl,Wake Me Up - Radio Edit,Avicii,True,Insomnia,12976,dance,1,0.807,0.524,0.212,0.62,4.12,0
7EOYLyD4pP4YJVgoVeKUQ1,Feel So Close - Radio Edit,Calvin Harris,18 Months,Insomnia,12976,electro,80,0.924,0.707,0.204,0.919,3.44,0
5WSL7UTa38jMWoBzObD4BD,I Can't Stop,Flux Pavilion,I Can't Stop,Insomnia,12976,dub,56,0.775,0.513,0.409,0.205,5.1,0
0vaf64cpnqM7COUZZkoBig,Electric Feel,MGMT,Oracular Spectacular/Congratulations,Insomnia,12976,alt-rock,77,0.803,0.763,0.348,0.561,3.83,0
2IWtloZYQDcP8Ashwx8QEF,Black Out Days,Phantogram,Voices,Insomnia,12976,indie,77,0.795,0.542,0.0851,0.431,3.79,0
09TcIuH1ZO7i4vicWKoaN2,Papaoutai,Stromae,racine carrée,Insomnia,12976,house,74,0.809,0.734,0.0642,0.254,3.87,0
4VrWlk8IQxevMvERoX08iC,Chandelier,Sia,1000 Forms Of Fear,Insomnia,12976,dance,80,0.787,0.399,0.0685,0.572,3.6,0
7cgu4JBW3hq1GwTM1ilkKQ,Talking Body,Tove Lo,Queen Of The Clouds,Insomnia,12976,electro,67,0.761,0.736,0.0823,0.114,3.97,1
2aoo2jlRnM3A0NyLQqMN2f,All Along the Watchtower,Jimi Hendrix,Electric Ladyland,Insomnia,12976,blues,77,0.805,0.438,0.0842,0.564,4.01,0
0wJoRiX5K5BxlqZTolB2LD,Purple Haze,Jimi Hendrix,Are You Experienced,Insomnia,12976,blues,71,0.905,0.533,0.0698,0.486,2.85,0
2AxCeJ6PSsBYiTckM0HLY7,Voodoo Child (Slight Return),Jimi Hendrix,Electric Ladyland,Insomnia,12976,blues,68,0.91,0.214,0.0517,0.448,5.22,0
48UPSzbZjgc449aqz8bxox,Californication,Red Hot Chili Peppers,Californication,Insomnia,12976,alt-rock,2,0.765,0.592,0.127,0.327,5.5,0
64BbK9SFKH2jk86U3dGj2P,Otherside,Red Hot Chili Peppers,Californication,Insomnia,12976,alt-rock,80,0.795,0.458,0.0756,0.513,4.26,0
10Nmj3JCNoMeBQ87uw5j8k,Dani California,Red Hot Chili Peppers,Stadium Arcadium,Insomnia,12976,alt-rock,78,0.913,0.556,0.346,0.73,4.72,0
6IE47jpPeatF2Iay7GZtEc,Feel It All Around,Washed Out,Life Of Leisure,Insomnia,12976,synth-pop,63,0.737,0.34,0.0699,0.499,3.2,0
5V7mTIcXVU9k2JNu0mE6vy,Fall for You (Acoustic),Secondhand Serenade,A Naked Twist in My Story,DT,12977,piano,64,0.307,0.433,0.0635,0.378,2.95,0
7DfFc7a6Rwfi3YQMRbDMau,Thinkin Bout You,Frank Ocean,channel ORANGE,DT,12977,soul,78,0.339,0.721,0.0973,0.2,3.35,0
4rMNgxEwGWoPHIUcvB5BrB,It Will Rain,Bruno Mars,It Will Rain,DT,12977,dance,0,0.835,0.572,0.082,0.468,4.3,0
3UwT4FadEGWyMdaSwYcUBY,This Town,Niall Horan,Flicker,DT,12977,dance,80,0.401,0.677,0.116,0.195,3.88,0
3ZHfX6kbiY7JVsB63lLOLu,The Only Exception,Paramore,brand new eyes,DT,12977,emo,74,0.563,0.452,0.143,0.209,4.46,0
4SRqDmPxYX0pUb5B5ut2Ri,So Sick,Ne-Yo,In My Own Words,DT,12977,dance,3,0.682,0.679,0.287,0.59,3.45,0
7fex2V7RzWl9nCKyILjibB,Say You Love Me,Jessie Ware,Tough Love,DT,12977,british,62,0.413,0.387,0.262,0.249,4.29,0
1mXVgsBdtIVeCLJnSnmtdV,Too Good At Goodbyes,Sam Smith,The Thrill Of It All,DT,12977,dance,83,0.372,0.681,0.169,0.476,3.35,0
3gbBpTdY8lnQwqxNCcf795,Pompeii,Bastille,Bad Blood,workout,12978,rock,1,0.711,0.68,0.241,0.571,3.57,0
2bRXehD283NioREYxlohc4,Lights - Single Version,Ellie Goulding,Bright Lights,workout,12978,dance,0,0.802,0.681,0.127,0.791,3.51,0
0qt5f5EL92o8Snzopsv0en,Geronimo,Sheppard,Bombs Away,workout,12978,folk,0,0.838,0.682,0.12,0.461,3.64,0
2BaXRCVgn621xHOGoFSuW5,I Really Like You,Carly Rae Jepsen,Emotion,workout,12978,electro,70,0.805,0.62,0.285,0.586,3.41,0
2Bs4jQEGMycglOfWPBqrVG,Steal My Girl,One Direction,FOUR,workout,12978,pop,80,0.768,0.536,0.114,0.545,3.8,0
3zHq9ouUJQFQRf3cm1rRLu,"Love Me Like You Do - From ""Fifty Shades Of Grey""",Ellie Goulding,Delirium,workout,12978,dance,79,0.606,0.262,0.125,0.275,4.21,0
4MflGTO2ZTcSQ12bWcyRgI,"Honey, I'm Good.",Andy Grammer,Magazines Or Novels,workout,12978,rock,48,0.802,0.754,0.335,0.583,3.32,0
2d8JP84HNLKhmd6IYOoupQ,Trap Queen,Fetty Wap,Fetty Wap,workout,12978,j-dance,74,0.873,0.746,0.354,0.817,3.7,0
46GGxd8TVRt6FjUBfCavVT,Renegades,X Ambassadors,VHS,workout,12978,alt-rock,76,0.862,0.526,0.229,0.528,3.25,0
7KXjTSCq5nL1LoYtL7XAwS,HUMBLE.,Kendrick Lamar,DAMN.,Yessss,12979,hip-hop,84,0.621,0.908,0.0958,0.421,2.95,1
7floNISpH8VF4z4459Qo18,Look At Me!,XXXTENTACION,Look At Me!,Yessss,12979,emo,82,0.726,0.763,0.0976,0.349,2.11,0
7g96GMqMFfkrzEvDwSIWzQ,"Failing, Flailing",Streetlight Manifesto,Everything Goes Numb,Ska,12980,ska,34,0.896,0.648,0.0675,0.794,5.48,0
2DpCdPMg1BADE4HDnxt3Rd,"Sit Still, Look Pretty",Daya,"Sit Still, Look Pretty",Good good,12981,dance,63,0.787,0.655,0.178,0.554,3.37,0
6M6Tk58pQvABy6ru66dY3d,No Money,Galantis,The Aviary,Good good,12981,edm,68,0.915,0.674,0.273,0.78,3.19,0
46lFttIf5hnUZMGvjK0Wxo,Runaway (U & I),Galantis,Pharmacy,Good good,12981,edm,75,0.805,0.506,0.0856,0.383,3.78,0
46jLy47W8rkf8rEX04gMKB,Wherever I Go,OneRepublic,Oh My My,Good good,12981,piano,70,0.689,0.552,0.27,0.349,2.83,0
1rIKgCH4H52lrvDcz50hS8,Lush Life,Zara Larsson,So Good,running ,12982,dance,78,0.712,0.694,0.211,0.799,3.35,0
27SdWb2rFzO6GWiYDBTD9j,Cheap Thrills,Sia,This Is Acting,running ,12982,dance,78,0.698,0.628,0.0907,0.732,3.53,0
4VrWlk8IQxevMvERoX08iC,Chandelier,Sia,1000 Forms Of Fear,running ,12982,dance,80,0.787,0.399,0.0685,0.572,3.6,0
2TRFIQpTqq12xGpFJEr0Ft,Worth It,Fifth Harmony,Reflection,running ,12982,dance,64,0.78,0.858,0.133,0.602,3.74,0
1cOyWWUr3oXJIxY0AjJEx9,YOUTH,Troye Sivan,Blue Neighbourhood,running ,12982,dance,72,0.737,0.628,0.0777,0.592,3.09,0
0J6mQxEZnlRt9ymzFntA6z,Livin' On A Prayer,Bon Jovi,Slippery When Wet,running ,12982,metal,1,0.89,0.527,0.222,0.818,4.15,0
3umS4y3uQDkqekNjVpiRUs,El Amante,Nicky Jam,Fénix,Trap,12983,latino,69,0.691,0.683,0.14,0.732,3.66,0
51R5mPcJjOnfv9lKY1u5sW,Never Meant,American Football,American Football,beautiful,12984,emo,60,0.819,0.436,0.117,0.405,4.47,0
67Hna13dNDkZvBpTXRIaOJ,Teardrop,Massive Attack,Mezzanine,beautiful,12984,electronic,0,0.419,0.615,0.135,0.216,5.51,0
77VbVdioYUjZI49WEMPc0c,Through The Dark,Alexi Murdoch,Towards The Sun,beautiful,12984,british,43,0.127,0.566,0.111,0.189,5.47,0
1TKTiKp3zbNgrBH2IwSwIx,Us and Them,Pink Floyd,The Dark Side of the Moon,beautiful,12984,psych-rock,66,0.302,0.357,0.634,0.135,7.82,0
24UPAuTCzIAVobhZnwfFqo,The Staunton Lick,Lemon Jelly,Lemon Jelly.ky,beautiful,12984,trip-hop,52,0.867,0.64,0.0688,0.414,5.37,0
3ZMv9EzGoteNi5Qnx0KpEO,Skinny Love,Bon Iver,"For Emma, Forever Ago",beautiful,12984,folk,73,0.263,0.592,0.127,0.109,3.87,0
1frhZSh2UQNthJ5HOkXZig,Chihiro,Yoste,Chihiro,beautiful,12984,chill,51,0.54,0.382,0.0915,0.0948,3.6,0
0c7iF5fSBYxCuwsAv2z4iI,Green Mountain State,Trevor Hall,Chapter Of The Forest,beautiful,12984,acoustic,61,0.367,0.693,0.111,0.286,4.58,0
2Z4Y9Blv5wYNaWNW1gjucV,Sweet Tides,Thievery Corporation,Radio Retaliation,beautiful,12984,trip-hop,56,0.606,0.415,0.15,0.148,4.82,0
4SnH0V1cnEPUqMSzgDlxKb,Heaven's Gonna Burn Your Eyes,Thievery Corporation,The Richest Man In Babylon,beautiful,12984,trip-hop,51,0.337,0.516,0.0637,0.323,4.17,0
1AhDOtG9vPSOmsWgNW0BEY,Bohemian Rhapsody - Remastered 2011,Queen,A Night At The Opera,Study Music,12985,rock,82,0.404,0.414,0.3,0.224,5.91,0
6iLzFJhs4ATwJn7P1utZIJ,Light of the Seven,Ramin Djawadi,Game of Thrones (Music from the HBO® Series - Season 6),Study Music,12985,german,61,0.102,0.273,0.268,0.0583,9.82,0
0kbLBB45YGGWNu3AUL6FIL,The Theory of Everything,Jóhann Jóhannsson,The Theory of Everything (Original Motion Picture Soundtrack),Study Music,12985,ambient,64,0.118,0.421,0.115,0.175,1.14,0
6YjNHauEMtw8cWsOnoBUf3,Forces of Attraction,Jóhann Jóhannsson,The Theory of Everything (Original Motion Picture Soundtrack),Study Music,12985,ambient,60,0.126,0.511,0.102,0.403,2.05,0
5IWmdl33NNTLsKlLT6WSlh,First Class,Henry Jackman,X-MEN: FIRST CLASS,Study Music,12985,british,51,0.487,0.534,0.109,0.237,3.34,0
6x2fElXvwEvLoTTtDLrzjW,Sons of Odin,Patrick Doyle,Thor,Study Music,12985,british,51,0.496,0.476,0.101,0.24,1.81,0
2AFFaiIlripSpcTYZXNL7f,Statues,Alexandre Desplat,Harry Potter - The Deathly Hallows Part II,Study Music,12985,french,55,0.241,0.321,0.105,0.0795,2.38,0
3pEmbbtlQiB84zWz7pUHLN,The Battle,Harry Gregson-Williams,"The Chronicles of Narnia: The Lion, The Witch and The Wardrobe",Study Music,12985,british,53,0.563,0.238,0.123,0.141,7.14,0
6ooluO7DiEhI1zmK94nRCM,Take Me Out,Franz Ferdinand,Franz Ferdinand,Throwbacks,12986,alt-rock,79,0.663,0.277,0.136,0.527,3.95,0
3mcG2NI5G5vhrQtRda1YnA,The Middle,Jimmy Eat World,Bleed American,Throwbacks,12986,alt-rock,0,0.848,0.644,0.0676,0.928,2.8,0
7oK9VyNzrYvRFo7nQEYkWN,Mr. Brightside,The Killers,Hot Fuss,Throwbacks,12986,alt-rock,2,0.931,0.344,0.0903,0.251,3.71,0
6ZOBP3NvffbU4SZcrnt1k6,Kryptonite,3 Doors Down,The Better Life,Throwbacks,12986,alt-rock,0,0.848,0.544,0.134,0.489,3.9,0
5fVZC9GiM4e8vu99W0Xf6J,How to Save a Life,The Fray,How To Save A Life,Throwbacks,12986,piano,80,0.743,0.64,0.101,0.361,4.38,0
1jNOi6m3Hn8nLEeHCp5Msr,Seven Nation Army,The White Stripes,Elephant,Throwbacks,12986,alt-rock,84,0.446,0.743,0.337,0.278,3.86,0
1QV6tiMFM6fSOKOGLMHYYg,Poker Face,Lady Gaga,The Fame,Throwbacks,12986,dance,3,0.818,0.851,0.0945,0.808,3.95,0
6ihL9TjfRjadfEePzXXyVF,Gives You Hell,The All-American Rejects,When The World Comes Down,Throwbacks,12986,punk-rock,0,0.675,0.725,0.0537,0.595,3.55,0
6ORqU0bHbVCRjXm9AjyHyZ,Good Riddance (Time of Your Life),Green Day,Nimrod,Throwbacks,12986,punk,0,0.432,0.449,0.161,0.645,2.56,0
5wQnmLuC1W7ATsArWACrgW,Welcome to the Black Parade,My Chemical Romance,The Black Parade,Throwbacks,12986,emo,79,0.905,0.217,0.222,0.236,5.19,0
1mr3616BzLdhXfJmLmRsO8,Fireflies,Owl City,Ocean Eyes,Throwbacks,12986,indie-pop,79,0.662,0.512,0.118,0.472,3.81,0
3oHNJECGN3bBoGXejlw2b1,Last Friday Night (T.G.I.F.),Katy Perry,Teenage Dream,Throwbacks,12986,dance,0,0.817,0.65,0.658,0.728,3.84,0
3XVBdLihbNbxUwZosxcGuJ,If I Ain't Got You,Alicia Keys,The Diary Of Alicia Keys,Throwbacks,12986,soul,80,0.444,0.609,0.104,0.166,3.81,0
7x8dCjCr0x6x2lXKujYD34,The Pretender,Foo Fighters,"Echoes, Silence, Patience & Grace",Throwbacks,12986,alt-rock,79,0.959,0.433,0.028,0.365,4.49,0
4bPQs0PHn4xbipzdPfn6du,I Write Sins Not Tragedies,Panic! At The Disco,A Fever You Can't Sweat Out,Throwbacks,12986,rock,3,0.792,0.565,0.114,0.639,3.13,0
5P5cGNzqh6A353N3ShDK6Y,Bad Romance,Lady Gaga,The Fame Monster,Throwbacks,12986,dance,0,0.921,0.695,0.0842,0.714,4.91,0
0AvZoW6Jk97t79EPRvfV0P,Sleepwalking,Bring Me The Horizon,2004 - 2013,Random,12987,metal,70,0.959,0.4,0.231,0.339,3.83,0
7pzdiluN2tVrxsFGyM2Asc,I Lived,OneRepublic,Native,Random,12987,piano,71,0.851,0.593,0.271,0.344,3.91,0
14DYFbc6F1vPyoikkqPiAh,Something I Need,OneRepublic,Native,Random,12987,piano,58,0.591,0.683,0.235,0.628,4.0,0
3zHq9ouUJQFQRf3cm1rRLu,"Love Me Like You Do - From ""Fifty Shades Of Grey""",Ellie Goulding,Delirium,Random,12987,dance,79,0.606,0.262,0.125,0.275,4.21,0
5kNe7PE09d6Kvw5pAsx23n,Die A Happy Man,Thomas Rhett,Tangled Up,country,12988,country,1,0.389,0.59,0.117,0.389,3.79,0
75p6fgACKYIyIhsoG411SZ,Hey Pretty Girl,Kip Moore,Up All Night,country,12988,country,0,0.373,0.431,0.259,0.0884,3.6,0
7mldq42yDuxiUNn08nvzHO,Body Like A Back Road,Sam Hunt,Body Like A Back Road,country,12988,country,0,0.458,0.732,0.136,0.661,2.76,0
03fT3OHB9KyMtGMt2zwqCT,Play It Again,Luke Bryan,Crash My Party,country,12988,country,75,0.886,0.506,0.0734,0.595,3.78,0
4n0xztUAbHPUV8G3NQvF30,How Not To,Dan + Shay,Obsessed,country,12988,country,0,0.836,0.501,0.152,0.617,3.2,0
0w3Q14i073jLoew1hgJkwD,Heartache On The Dance Floor,Jon Pardi,California Sunrise,country,12988,country,0,0.833,0.596,0.0866,0.618,3.42,0
0OWZFobGSIW9GrSlQ9C5pc,Marry Me,Thomas Rhett,Life Changes,country,12988,country,70,0.412,0.333,0.113,0.474,3.42,0
6gBFPUFcJLzWGx4lenP6h2,goosebumps,Travis Scott,Birds In The Trap Sing McKnight,Party,12989,hip-hop,84,0.728,0.841,0.149,0.43,4.06,0
7KXjTSCq5nL1LoYtL7XAwS,HUMBLE.,Kendrick Lamar,DAMN.,Party,12989,hip-hop,84,0.621,0.908,0.0958,0.421,2.95,1
4Uy28QVxDK9lURTm2oM78b,Tianas Bad Dream,Randy Newman,The Princess and the Frog,Disney?,12990,disney,18,0.111,0.174,0.173,0.0381,6.37,0
5D2Ufiivqwuq74QFtxIBXf,Ray Laid Low,Randy Newman,The Princess and the Frog,Disney?,12990,disney,18,0.144,0.157,0.15,0.0372,3.36,0
3O3U0jRJR7HpKLhx2t35IW,Ray/Mama Odie,Randy Newman,The Princess and the Frog,Disney?,12990,disney,21,0.0742,0.304,0.123,0.195,4.0,0
50ssiEHx556vul2XyUbxwU,"Bibbidi-Bobbidi-Boo - From ""Cinderella""",Verna Felton,Disney's Greatest Volume 1,Disney?,12990,disney,56,0.525,0.513,0.233,0.887,1.3,0
7fjmYUeonVOEyr0lYOKvMy,I've Got No Strings,Dickie Jones,Pinocchio,Disney?,12990,disney,21,0.289,0.51,0.0893,0.874,2.38,0
4U45aEWtQhrm8A5mxPaFZ7,Vienna,Billy Joel,The Stranger (30th Anniversary Legacy Edition),November 2015,12991,folk,79,0.495,0.532,0.0754,0.308,3.57,0
2GiJYvgVaD2HtM8GqD9EgQ,Electric Love,BØRNS,Dopamine,November 2015,12991,rock,82,0.797,0.611,0.26,0.518,3.64,0
7BHPGtpuuWWsvE7cCaMuEU,Naive,The Kooks,Inside In / Inside Out,November 2015,12991,indie,1,0.818,0.564,0.0402,0.712,3.39,0
0Y1fueUFu8jQtUxdUmOojf,Orange Sky,Alexi Murdoch,Four Songs,Cabin,12992,british,59,0.15,0.685,0.1,0.125,6.33,0
4TnUKixNWMfajncgdSwFoi,Amarillo By Morning,George Strait,Strait From The Heart,Cabin,12992,country,70,0.361,0.606,0.38,0.621,2.89,0
1eyzqe2QqGZUmfcPZtrIyt,Midnight City,M83,"Hurry Up, We're Dreaming",Cabin,12992,french,76,0.729,0.507,0.0658,0.272,4.02,0
3Z9PJ6xiEGmcqo2hESEB5n,Bitter Sweet Symphony,The Verve,Urban Hymns,Cabin,12992,alt-rock,80,0.917,0.356,0.406,0.518,5.95,0
5nkYHBWXu7KCgcdwP6jcB1,What I Got,Sublime,Sublime,Cabin,12992,punk,1,0.693,0.804,0.314,0.654,2.85,0
1kusepF3AacIEtUTYrw4GV,Paper Planes,M.I.A.,Kala,Cabin,12992,indie-pop,77,0.848,0.447,0.65,0.485,3.4,0
2PrUKG4kAO27esFEtQu9rL,December,Collective Soul,Collective Soul,Cabin,12992,grunge,64,0.645,0.683,0.18,0.366,4.75,0
5qqabIl2vWzo9ApSC317sa,Wonderwall - Remastered,Oasis,(What's The Story) Morning Glory? [Remastered],Cabin,12992,rock,78,0.896,0.378,0.194,0.469,4.31,0
1G391cbiT3v3Cywg8T7DM1,Scar Tissue,Red Hot Chili Peppers,Californication,Cabin,12992,alt-rock,79,0.717,0.595,0.108,0.547,3.6,0
2Z2vOukzwOgqR4dkymRSWd,Santeria,Sublime,Sublime,Cabin,12992,punk,1,0.751,0.665,0.121,0.58,3.04,0
1LzNfuep1bnAUR9skqdHCK,Fade Into You,Mazzy Star,So Tonight That I Might See,Cabin,12992,alt-rock,79,0.33,0.42,0.0677,0.175,4.93,0
2MLHyLy5z5l5YRp7momlgw,Island In The Sun,Weezer,Weezer (Green Album),Cabin,12992,alt-rock,1,0.794,0.654,0.165,0.678,3.34,0
4UXIUeistNzMseqDtgWA6d,DLZ,TV On The Radio,Dear Science,Cabin,12992,r-n-b,57,0.88,0.513,0.108,0.542,3.81,0
3ZMv9EzGoteNi5Qnx0KpEO,Skinny Love,Bon Iver,"For Emma, Forever Ago",Cabin,12992,folk,73,0.263,0.592,0.127,0.109,3.87,0
15twB7zTglmu0Bg8gW4Mrm,Stubborn Love,The Lumineers,The Lumineers,Cabin,12992,folk,68,0.544,0.596,0.262,0.262,4.62,0
1jdNcAD8Ir58RlsdGjJJdx,Ho Hey,The Lumineers,The Lumineers,Cabin,12992,folk,79,0.471,0.682,0.0908,0.421,2.69,0
6ZYS6QQxTLsQ6IFXdVx1r4,Ophelia,The Lumineers,Cleopatra,Cabin,12992,folk,79,0.573,0.664,0.0857,0.566,2.67,0
3Q3myFA7q4Op95DOpHplaY,do re mi,blackbear,digital druglord,pop,12993,electro,73,0.593,0.745,0.123,0.17,3.53,0
7i2DJ88J7jQ8K7zqFX2fW8,Now Or Never,Halsey,hopeless fountain kingdom,pop,12993,indie-pop,67,0.585,0.67,0.131,0.447,3.58,0
4iLqG9SeJSnt0cSPICSjxv,Attention,Charlie Puth,Attention,pop,12993,dance,83,0.613,0.775,0.134,0.797,3.52,0
79cuOz3SPQTuFrp8WgftAu,There's Nothing Holdin' Me Back,Shawn Mendes,Illuminate,pop,12993,dance,86,0.813,0.866,0.0779,0.969,3.32,0
1FGBkpcEWBmJW3XgWvK8kG,Team,Krewella,Krewella (Hits Japan Special Edition),pop,12993,dub,46,0.622,0.622,0.326,0.257,3.11,0
2GiJYvgVaD2HtM8GqD9EgQ,Electric Love,BØRNS,Dopamine,pop,12993,rock,82,0.797,0.611,0.26,0.518,3.64,0
3m660poUr1chesgkkjQM7P,Sorry Not Sorry,Demi Lovato,Tell Me You Love Me,pop,12993,dance,0,0.643,0.705,0.262,0.884,3.4,0
5oQcOu1omDykbIPSdSQQNJ,1985,Bowling For Soup,A Hangover You Don't Deserve,oldies ,12994,punk-rock,71,0.887,0.606,0.337,0.903,3.22,0
4fINc8dnfcz7AdhFYVA4i7,It Girl,Jason Derulo,Future History,oldies ,12994,dance,0,0.718,0.667,0.104,0.345,3.2,0
7oK9VyNzrYvRFo7nQEYkWN,Mr. Brightside,The Killers,Hot Fuss,oldies ,12994,alt-rock,2,0.931,0.344,0.0903,0.251,3.71,0
6nTiIhLmQ3FWhvrGafw2zj,American Idiot,Green Day,American Idiot,oldies ,12994,punk,79,0.988,0.38,0.368,0.769,2.94,0
1FMHNVeJ9s1x1l1WlaRs2I,It Ends Tonight,The All-American Rejects,Move Along,oldies ,12994,punk-rock,58,0.631,0.454,0.177,0.313,4.08,0
12qZHAeOyTf93YAWvGDTat,All The Small Things,blink-182,Enema Of The State,oldies ,12994,punk-rock,2,0.9,0.442,0.395,0.609,2.8,0
4E5P1XyAFtrjpiIxkydly4,Replay,Iyaz,Replay,oldies ,12994,dance,76,0.751,0.706,0.168,0.195,3.04,0
4E6cwWJWZw2zWf7VFbH7wf,Love Song,Sara Bareilles,Little Voice,oldies ,12994,acoustic,73,0.786,0.583,0.188,0.573,4.31,0
1mr3616BzLdhXfJmLmRsO8,Fireflies,Owl City,Ocean Eyes,oldies ,12994,indie-pop,79,0.662,0.512,0.118,0.472,3.81,0
6MjljecHzHelUDismyKkba,Everytime We Touch - Radio Edit,Cascada,Everytime We Touch,oldies ,12994,german,63,0.977,0.64,0.371,0.493,3.32,0
02WDuAXXKumemrvsmrVBvH,Wavin' Flag - Coca-Cola® Celebration Mix,K'NAAN,Troubadour,oldies ,12994,reggae,67,0.767,0.58,0.0518,0.776,3.55,0
4MloswMM3eu7dHZ7MOzW3i,Do You Know? (The Ping Pong Song),Enrique Iglesias,Insomniac,oldies ,12994,latin,55,0.765,0.755,0.0326,0.691,3.63,0
0k2GOhqsrxDTAbFFSdNJjT,Temperature,Sean Paul,The Trinity,oldies ,12994,dance,79,0.6,0.951,0.0712,0.822,3.64,0
1ARJhjuI6TNYZCxYygFQ4F,Right Now (Na Na Na),Akon,Freedom,oldies ,12994,dance,71,0.857,0.83,0.413,0.607,4.01,0
12Pduymbh9dpC5r33i5FgL,Glad You Came,We Came As Romans,"Punk Goes Pop, Vol. 5",Punk Covers,12995,metalcore,59,0.943,0.542,0.0926,0.277,3.06,0
5P5cGNzqh6A353N3ShDK6Y,Bad Romance,Lady Gaga,The Fame Monster,NYE,12996,dance,0,0.921,0.695,0.0842,0.714,4.91,0
1QV6tiMFM6fSOKOGLMHYYg,Poker Face,Lady Gaga,The Fame,NYE,12996,dance,3,0.818,0.851,0.0945,0.808,3.95,0
4ebcE2SmkG7nplvzFAWRu7,What I Like About You,The Romantics,The Romantics,NYE,12996,power-pop,69,0.942,0.514,0.17,0.912,2.92,0
2dCmGcEOQrMQhMMS8Vj7Ca,Super Freak,Rick James,Street Songs,NYE,12996,disco,3,0.796,0.857,0.0503,0.944,3.42,0
2ASXXba2oQOxNGi0ttXSxY,I Ran (So Far Away),A Flock Of Seagulls,I Ran (So Far Away),NYE,12996,synth-pop,63,0.642,0.507,0.141,0.631,5.24,0
7HGTkn2aX7MNdKs7nV2xBt,Somebody Told Me,The Killers,Hot Fuss,NYE,12996,alt-rock,0,0.981,0.508,0.0555,0.746,3.29,0
6ooluO7DiEhI1zmK94nRCM,Take Me Out,Franz Ferdinand,Franz Ferdinand,NYE,12996,alt-rock,79,0.663,0.277,0.136,0.527,3.95,0
4osg3vT6sXv6wNxm9Z6ucQ,Rehab,Amy Winehouse,Back To Black,NYE,12996,british,73,0.558,0.407,0.34,0.777,3.56,0
2EGaDf0cPX789H3LNeB03D,Cruel Summer,Bananarama,Bananarama,NYE,12996,disco,66,0.871,0.666,0.263,0.936,3.59,0
6LgG7yvuD791JlfCMaioPS,Walking In L.A.,Missing Persons,Spring Session M.,NYE,12996,synth-pop,25,0.761,0.699,0.337,0.935,4.01,0
6wVViUl2xSRoDK2T7dMZbR,Bizarre Love Triangle,New Order,Brotherhood [Collector's Edition],NYE,12996,synth-pop,66,0.885,0.613,0.0997,0.919,4.39,0
5QtE1hQsFqgSLjs7ufNLai,My People,The Presets,Apocalypso,NYE,12996,electronic,35,0.921,0.56,0.404,0.283,4.44,0
7kzKAuUzOITUauHAhoMoxA,Last Nite,The Strokes,Is This It,NYE,12996,alt-rock,74,0.91,0.624,0.0789,0.767,3.23,0
0nyrltZrQGAJMBZc1bYvuQ,Get Up Offa That Thing,James Brown,20 All-Time Greatest Hits!,NYE,12996,funk,3,0.776,0.827,0.545,0.786,4.17,0
6Fha6tXHkL3r9m9nNqQG8p,Georgia,Vance Joy,Dream Your Life Away,Reception Music,12997,folk,62,0.66,0.388,0.0943,0.401,3.84,0
1q74TesvRCIo5RvJM5B84F,She Is Love,Parachute,Losing Sleep,Reception Music,12997,acoustic,60,0.174,0.629,0.118,0.305,2.43,0
53QF56cjZA9RTuuMZDrSA6,I Won't Give Up,Jason Mraz,Love Is A Four Letter Word,Reception Music,12997,acoustic,69,0.303,0.483,0.115,0.139,4.0,0
1UqhkbzB1kuFwt2iy4h29Q,Cough Syrup,Young the Giant,Young the Giant,Reception Music,12997,alt-rock,0,0.721,0.533,0.115,0.225,4.16,0
3omXshBamrREltcf24gYDC,First,Cold War Kids,Hold My Home,Reception Music,12997,blues,67,0.692,0.468,0.523,0.561,3.34,0
3gbBpTdY8lnQwqxNCcf795,Pompeii,Bastille,Bad Blood,Reception Music,12997,rock,1,0.711,0.68,0.241,0.571,3.57,0
02XnQdf7sipaKBBHixz3Zp,Paparazzi,Lady Gaga,The Fame,Reception Music,12997,dance,4,0.734,0.761,0.086,0.375,3.47,0
6sKAs2tdtTVTO2U0IgJAur,Emergency,Icona Pop,Emergency,Reception Music,12997,synth-pop,56,0.969,0.834,0.0635,0.928,2.83,0
5edBgVtRD0fvWk140Sl21T,Counting Stars,OneRepublic,Native,Reception Music,12997,piano,83,0.705,0.664,0.118,0.477,4.29,0
3cOO5IQtOYs7huq4Z6lYfr,Love Runs Out,OneRepublic,Native,Reception Music,12997,piano,64,0.931,0.715,0.0757,0.742,3.75,0
7pzdiluN2tVrxsFGyM2Asc,I Lived,OneRepublic,Native,Reception Music,12997,piano,71,0.851,0.593,0.271,0.344,3.91,0
6cb0HzFQPN4BGADOmSzPCw,ABC,The Jackson 5,ABC,Reception Music,12997,soul,0,0.869,0.53,0.233,0.935,2.91,0
1V6gIisPpYqgFeWbMLI0bA,Heart Attack,Demi Lovato,Demi,Reception Music,12997,dance,78,0.785,0.504,0.239,0.502,3.51,0
4bykJp7dORR4GoLCZiQbU0,Take A Chance On Me,ABBA,The Album,Reception Music,12997,swedish,74,0.675,0.684,0.242,0.924,4.07,0
4aWn4NHlELpOehxsBaQeoe,Don't You (Forget About Me),Simple Minds,Once Upon A Time,Reception Music,12997,synth-pop,2,0.858,0.638,0.333,0.743,4.38,0
6ZOPiKQeibCn7fP8dncucL,Blue Ain't Your Color,Keith Urban,Ripcord,Reception Music,12997,country,53,0.416,0.69,0.102,0.479,3.84,0
2xYlyywNgefLCRDG8hlxZq,"Take Me Home, Country Roads",John Denver,"The John Denver Collection, Vol. 1: Take Me Home Country Roads",Reception Music,12997,country,73,0.395,0.462,0.121,0.625,3.3,0
7BjrIfovz8y9dTtazrh1iY,Ends of the Earth,Lord Huron,Lonesome Dreams,Reception Music,12997,folk,69,0.584,0.555,0.254,0.41,4.74,0
6ZYS6QQxTLsQ6IFXdVx1r4,Ophelia,The Lumineers,Cleopatra,Reception Music,12997,folk,79,0.573,0.664,0.0857,0.566,2.67,0
75p6fgACKYIyIhsoG411SZ,Hey Pretty Girl,Kip Moore,Up All Night,Reception Music,12997,country,0,0.373,0.431,0.259,0.0884,3.6,0
4bSWx86yHmy6OOMsQPU60F,I'm On Fire,Bruce Springsteen,Born In The U.S.A.,Reception Music,12997,singer-songwriter,74,0.446,0.62,0.0727,0.868,2.57,0
0HZhYMZOcUzZKSFwPOti6m,Jar of Hearts,Christina Perri,lovestrong.,Sad Music,12998,rock,0,0.348,0.373,0.12,0.0899,4.11,0
53QF56cjZA9RTuuMZDrSA6,I Won't Give Up,Jason Mraz,Love Is A Four Letter Word,Sad Music,12998,acoustic,69,0.303,0.483,0.115,0.139,4.0,0
0fioLzGM8ngbD1w6fMmm45,I'm Not The Only One,Sam Smith,In The Lonely Hour,Sad Music,12998,dance,1,0.487,0.684,0.0821,0.456,3.99,0
7IWkJwX9C0J7tHurTD7ViL,When We Were Young,Adele,25,Sad Music,12998,british,79,0.595,0.376,0.095,0.265,4.85,0
5O6yk6U8L3rTbFsIwuqe8H,Turning Tables,Adele,21,Sad Music,12998,british,68,0.446,0.353,0.132,0.211,4.17,0
59tg0OPhiHlbsVZ9GFqUk5,Chasing Pavements,Adele,19,Sad Music,12998,british,74,0.47,0.616,0.111,0.325,3.51,0
1wMALZpuqAy7amQsFBWQ8m,All I Ask,Adele,25,Sad Music,12998,british,74,0.28,0.591,0.124,0.348,4.53,0
3XVBdLihbNbxUwZosxcGuJ,If I Ain't Got You,Alicia Keys,The Diary Of Alicia Keys,Sad Music,12998,soul,80,0.444,0.609,0.104,0.166,3.81,0
3JvKfv6T31zO0ini8iNItO,Another Love,Tom Odell,Long Way Down (Deluxe),Sad Music,12998,chill,93,0.537,0.445,0.0944,0.131,4.07,0
2D4BSm5Z8Hq5zYbSgJwEOh,She Used To Be Mine,Sara Bareilles,What's Inside: Songs from Waitress,Sad Music,12998,acoustic,67,0.303,0.397,0.101,0.172,4.17,0
3UfCFlGruX0DRPCpD1V3pU,Work Song,Hozier,Hozier,Sad Music,12998,singer-songwriter,63,0.388,0.432,0.112,0.256,3.83,0
53QF56cjZA9RTuuMZDrSA6,I Won't Give Up,Jason Mraz,Love Is A Four Letter Word,Calm,12999,acoustic,69,0.303,0.483,0.115,0.139,4.0,0
78DwRIo6Vj6wqteyerGetr,The Heart of Life,John Mayer,Continuum,Calm,12999,singer-songwriter,63,0.238,0.495,0.0875,0.357,3.3,0
